2026-05-18 13:13:13,011 - INFO - Starting data fetch cycle...
2026-05-18 13:13:13,923 - INFO - [RELIANCE_NS] Inserted 239 rows (duplicates ignored)
2026-05-18 13:13:13,923 - INFO - Inserted 239 rows for RELIANCE.NS
2026-05-18 13:13:14,233 - INFO - [HDFCBANK_NS] Inserted 239 rows (duplicates ignored)
2026-05-18 13:13:14,236 - INFO - Inserted 239 rows for HDFCBANK.NS
2026-05-18 13:13:14,623 - INFO - [ICICIBANK_NS] Inserted 239 rows (duplicates ignored)
2026-05-18 13:13:14,623 - INFO - Inserted 239 rows for ICICIBANK.NS
2026-05-18 13:13:15,018 - INFO - [INFY_NS] Inserted 239 rows (duplicates ignored)
2026-05-18 13:13:15,026 - INFO - Inserted 239 rows for INFY.NS
2026-05-18 13:13:15,371 - INFO - [TCS_NS] Inserted 239 rows (duplicates ignored)
2026-05-18 13:13:15,371 - INFO - Inserted 239 rows for TCS.NS
2026-05-18 13:13:15,762 - INFO - [ITC_NS] Inserted 239 rows (duplicates ignored)
2026-05-18 13:13:15,767 - INFO - Inserted 239 rows for ITC.NS
2026-05-18 13:13:16,151 - INFO - [HINDUNILVR_NS] Inserted 239 rows (duplicates ignored)
2026-05-18 13:13:16,153 - INFO - Inserted 239 rows for HINDUNILVR.NS
2026-05-18 13:13:16,480 - INFO - [SBIN_NS] Inserted 239 rows (duplicates ignored)
2026-05-18 13:13:16,483 - INFO - Inserted 239 rows for SBIN.NS
2026-05-18 13:13:16,914 - INFO - [BHARTIARTL_NS] Inserted 239 rows (duplicates ignored)
2026-05-18 13:13:16,914 - INFO - Inserted 239 rows for BHARTIARTL.NS
2026-05-18 13:13:17,270 - INFO - [KOTAKBANK_NS] Inserted 239 rows (duplicates ignored)
2026-05-18 13:13:17,271 - INFO - Inserted 239 rows for KOTAKBANK.NS
2026-05-18 13:13:17,670 - INFO - [LT_NS] Inserted 239 rows (duplicates ignored)
2026-05-18 13:13:17,670 - INFO - Inserted 239 rows for LT.NS
2026-05-18 13:13:18,259 - INFO - [AXISBANK_NS] Inserted 239 rows (duplicates ignored)
2026-05-18 13:13:18,262 - INFO - Inserted 239 rows for AXISBANK.NS
2026-05-18 13:13:18,702 - INFO - [BAJFINANCE_NS] Inserted 239 rows (duplicates ignored)
2026-05-18 13:13:18,702 - INFO - Inserted 239 rows for BAJFINANCE.NS
2026-05-18 13:13:19,109 - INFO - [ASIANPAINT_NS] Inserted 239 rows (duplicates ignored)
2026-05-18 13:13:19,112 - INFO - Inserted 239 rows for ASIANPAINT.NS
2026-05-18 13:13:19,496 - INFO - [MARUTI_NS] Inserted 239 rows (duplicates ignored)
2026-05-18 13:13:19,497 - INFO - Inserted 239 rows for MARUTI.NS
2026-05-18 13:13:19,825 - INFO - [SUNPHARMA_NS] Inserted 239 rows (duplicates ignored)
2026-05-18 13:13:19,827 - INFO - Inserted 239 rows for SUNPHARMA.NS
2026-05-18 13:13:20,245 - INFO - [WIPRO_NS] Inserted 239 rows (duplicates ignored)
2026-05-18 13:13:20,245 - INFO - Inserted 239 rows for WIPRO.NS
2026-05-18 13:13:20,558 - INFO - [POWERGRID_NS] Inserted 239 rows (duplicates ignored)
2026-05-18 13:13:20,559 - INFO - Inserted 239 rows for POWERGRID.NS
2026-05-18 13:13:20,910 - INFO - [NTPC_NS] Inserted 239 rows (duplicates ignored)
2026-05-18 13:13:20,912 - INFO - Inserted 239 rows for NTPC.NS
2026-05-18 13:13:21,298 - INFO - [ONGC_NS] Inserted 239 rows (duplicates ignored)
2026-05-18 13:13:21,300 - INFO - Inserted 239 rows for ONGC.NS
2026-05-18 13:13:21,348 - INFO - Cycle complete. README updated.
2026-05-24 06:18:23,286 - INFO - Starting data fetch cycle...
2026-05-24 06:18:23,651 - INFO - [RELIANCE_NS] Inserted 375 rows (duplicates ignored)
2026-05-24 06:18:23,652 - INFO - Inserted 375 rows for RELIANCE.NS
2026-05-24 06:18:23,813 - INFO - [HDFCBANK_NS] Inserted 375 rows (duplicates ignored)
2026-05-24 06:18:23,814 - INFO - Inserted 375 rows for HDFCBANK.NS
2026-05-24 06:18:23,968 - INFO - [ICICIBANK_NS] Inserted 375 rows (duplicates ignored)
2026-05-24 06:18:23,969 - INFO - Inserted 375 rows for ICICIBANK.NS
2026-05-24 06:18:24,148 - INFO - [INFY_NS] Inserted 375 rows (duplicates ignored)
2026-05-24 06:18:24,148 - INFO - Inserted 375 rows for INFY.NS
2026-05-24 06:18:24,311 - INFO - [TCS_NS] Inserted 375 rows (duplicates ignored)
2026-05-24 06:18:24,311 - INFO - Inserted 375 rows for TCS.NS
2026-05-24 06:18:24,515 - INFO - [ITC_NS] Inserted 375 rows (duplicates ignored)
2026-05-24 06:18:24,515 - INFO - Inserted 375 rows for ITC.NS
2026-05-24 06:18:24,668 - INFO - [HINDUNILVR_NS] Inserted 375 rows (duplicates ignored)
2026-05-24 06:18:24,669 - INFO - Inserted 375 rows for HINDUNILVR.NS
2026-05-24 06:18:24,835 - INFO - [SBIN_NS] Inserted 375 rows (duplicates ignored)
2026-05-24 06:18:24,835 - INFO - Inserted 375 rows for SBIN.NS
2026-05-24 06:18:24,997 - INFO - [BHARTIARTL_NS] Inserted 375 rows (duplicates ignored)
2026-05-24 06:18:24,997 - INFO - Inserted 375 rows for BHARTIARTL.NS
2026-05-24 06:18:25,164 - INFO - [KOTAKBANK_NS] Inserted 375 rows (duplicates ignored)
2026-05-24 06:18:25,164 - INFO - Inserted 375 rows for KOTAKBANK.NS
2026-05-24 06:18:25,408 - INFO - [LT_NS] Inserted 375 rows (duplicates ignored)
2026-05-24 06:18:25,408 - INFO - Inserted 375 rows for LT.NS
2026-05-24 06:18:25,580 - INFO - [AXISBANK_NS] Inserted 375 rows (duplicates ignored)
2026-05-24 06:18:25,580 - INFO - Inserted 375 rows for AXISBANK.NS
2026-05-24 06:18:25,742 - INFO - [BAJFINANCE_NS] Inserted 375 rows (duplicates ignored)
2026-05-24 06:18:25,742 - INFO - Inserted 375 rows for BAJFINANCE.NS
2026-05-24 06:18:25,904 - INFO - [ASIANPAINT_NS] Inserted 375 rows (duplicates ignored)
2026-05-24 06:18:25,904 - INFO - Inserted 375 rows for ASIANPAINT.NS
2026-05-24 06:18:26,064 - INFO - [MARUTI_NS] Inserted 375 rows (duplicates ignored)
2026-05-24 06:18:26,065 - INFO - Inserted 375 rows for MARUTI.NS
2026-05-24 06:18:26,243 - INFO - [SUNPHARMA_NS] Inserted 375 rows (duplicates ignored)
2026-05-24 06:18:26,243 - INFO - Inserted 375 rows for SUNPHARMA.NS
2026-05-24 06:18:26,431 - INFO - [WIPRO_NS] Inserted 375 rows (duplicates ignored)
2026-05-24 06:18:26,431 - INFO - Inserted 375 rows for WIPRO.NS
2026-05-24 06:18:26,580 - INFO - [POWERGRID_NS] Inserted 375 rows (duplicates ignored)
2026-05-24 06:18:26,581 - INFO - Inserted 375 rows for POWERGRID.NS
2026-05-24 06:18:26,733 - INFO - [NTPC_NS] Inserted 375 rows (duplicates ignored)
2026-05-24 06:18:26,733 - INFO - Inserted 375 rows for NTPC.NS
2026-05-24 06:18:26,956 - INFO - [ONGC_NS] Inserted 375 rows (duplicates ignored)
2026-05-24 06:18:26,956 - INFO - Inserted 375 rows for ONGC.NS
2026-05-24 06:18:26,969 - INFO - Cycle complete. README updated.
2026-05-25 04:17:24,831 - INFO - Starting data fetch cycle...
2026-05-25 04:17:25,069 - INFO - [RELIANCE_NS] Inserted 33 rows (duplicates ignored)
2026-05-25 04:17:25,069 - INFO - Inserted 33 rows for RELIANCE.NS
2026-05-25 04:17:25,204 - INFO - [HDFCBANK_NS] Inserted 33 rows (duplicates ignored)
2026-05-25 04:17:25,204 - INFO - Inserted 33 rows for HDFCBANK.NS
2026-05-25 04:17:25,381 - INFO - [ICICIBANK_NS] Inserted 33 rows (duplicates ignored)
2026-05-25 04:17:25,381 - INFO - Inserted 33 rows for ICICIBANK.NS
2026-05-25 04:17:25,522 - INFO - [INFY_NS] Inserted 33 rows (duplicates ignored)
2026-05-25 04:17:25,522 - INFO - Inserted 33 rows for INFY.NS
2026-05-25 04:17:25,654 - INFO - [TCS_NS] Inserted 33 rows (duplicates ignored)
2026-05-25 04:17:25,654 - INFO - Inserted 33 rows for TCS.NS
2026-05-25 04:17:25,789 - INFO - [ITC_NS] Inserted 33 rows (duplicates ignored)
2026-05-25 04:17:25,789 - INFO - Inserted 33 rows for ITC.NS
2026-05-25 04:17:25,939 - INFO - [HINDUNILVR_NS] Inserted 33 rows (duplicates ignored)
2026-05-25 04:17:25,939 - INFO - Inserted 33 rows for HINDUNILVR.NS
2026-05-25 04:17:26,085 - INFO - [SBIN_NS] Inserted 33 rows (duplicates ignored)
2026-05-25 04:17:26,085 - INFO - Inserted 33 rows for SBIN.NS
2026-05-25 04:17:26,214 - INFO - [BHARTIARTL_NS] Inserted 33 rows (duplicates ignored)
2026-05-25 04:17:26,214 - INFO - Inserted 33 rows for BHARTIARTL.NS
2026-05-25 04:17:26,337 - INFO - [KOTAKBANK_NS] Inserted 33 rows (duplicates ignored)
2026-05-25 04:17:26,337 - INFO - Inserted 33 rows for KOTAKBANK.NS
2026-05-25 04:17:26,473 - INFO - [LT_NS] Inserted 33 rows (duplicates ignored)
2026-05-25 04:17:26,473 - INFO - Inserted 33 rows for LT.NS
2026-05-25 04:17:26,613 - INFO - [AXISBANK_NS] Inserted 33 rows (duplicates ignored)
2026-05-25 04:17:26,613 - INFO - Inserted 33 rows for AXISBANK.NS
2026-05-25 04:17:26,779 - INFO - [BAJFINANCE_NS] Inserted 33 rows (duplicates ignored)
2026-05-25 04:17:26,780 - INFO - Inserted 33 rows for BAJFINANCE.NS
2026-05-25 04:17:26,923 - INFO - [ASIANPAINT_NS] Inserted 33 rows (duplicates ignored)
2026-05-25 04:17:26,923 - INFO - Inserted 33 rows for ASIANPAINT.NS
2026-05-25 04:17:27,054 - INFO - [MARUTI_NS] Inserted 33 rows (duplicates ignored)
2026-05-25 04:17:27,054 - INFO - Inserted 33 rows for MARUTI.NS
2026-05-25 04:17:27,194 - INFO - [SUNPHARMA_NS] Inserted 33 rows (duplicates ignored)
2026-05-25 04:17:27,194 - INFO - Inserted 33 rows for SUNPHARMA.NS
2026-05-25 04:17:27,340 - INFO - [WIPRO_NS] Inserted 33 rows (duplicates ignored)
2026-05-25 04:17:27,340 - INFO - Inserted 33 rows for WIPRO.NS
2026-05-25 04:17:27,468 - INFO - [POWERGRID_NS] Inserted 33 rows (duplicates ignored)
2026-05-25 04:17:27,469 - INFO - Inserted 33 rows for POWERGRID.NS
2026-05-25 04:17:27,592 - INFO - [NTPC_NS] Inserted 33 rows (duplicates ignored)
2026-05-25 04:17:27,592 - INFO - Inserted 33 rows for NTPC.NS
2026-05-25 04:17:27,759 - INFO - [ONGC_NS] Inserted 33 rows (duplicates ignored)
2026-05-25 04:17:27,759 - INFO - Inserted 33 rows for ONGC.NS
2026-05-25 04:17:27,771 - INFO - Cycle complete. README updated.
2026-05-25 06:29:55,097 - INFO - Starting data fetch cycle...
2026-05-25 06:29:55,832 - INFO - [RELIANCE_NS] Inserted 165 rows (duplicates ignored)
2026-05-25 06:29:55,832 - INFO - Inserted 165 rows for RELIANCE.NS
2026-05-25 06:29:56,146 - INFO - [HDFCBANK_NS] Inserted 165 rows (duplicates ignored)
2026-05-25 06:29:56,146 - INFO - Inserted 165 rows for HDFCBANK.NS
2026-05-25 06:29:56,443 - INFO - [ICICIBANK_NS] Inserted 165 rows (duplicates ignored)
2026-05-25 06:29:56,443 - INFO - Inserted 165 rows for ICICIBANK.NS
2026-05-25 06:29:56,814 - INFO - [INFY_NS] Inserted 165 rows (duplicates ignored)
2026-05-25 06:29:56,814 - INFO - Inserted 165 rows for INFY.NS
2026-05-25 06:29:57,167 - INFO - [TCS_NS] Inserted 165 rows (duplicates ignored)
2026-05-25 06:29:57,167 - INFO - Inserted 165 rows for TCS.NS
2026-05-25 06:29:57,551 - INFO - [ITC_NS] Inserted 165 rows (duplicates ignored)
2026-05-25 06:29:57,551 - INFO - Inserted 165 rows for ITC.NS
2026-05-25 06:29:57,891 - INFO - [HINDUNILVR_NS] Inserted 165 rows (duplicates ignored)
2026-05-25 06:29:57,891 - INFO - Inserted 165 rows for HINDUNILVR.NS
2026-05-25 06:29:58,281 - INFO - [SBIN_NS] Inserted 165 rows (duplicates ignored)
2026-05-25 06:29:58,281 - INFO - Inserted 165 rows for SBIN.NS
2026-05-25 06:29:58,578 - INFO - [BHARTIARTL_NS] Inserted 165 rows (duplicates ignored)
2026-05-25 06:29:58,578 - INFO - Inserted 165 rows for BHARTIARTL.NS
2026-05-25 06:29:58,893 - INFO - [KOTAKBANK_NS] Inserted 165 rows (duplicates ignored)
2026-05-25 06:29:58,893 - INFO - Inserted 165 rows for KOTAKBANK.NS
2026-05-25 06:29:59,213 - INFO - [LT_NS] Inserted 165 rows (duplicates ignored)
2026-05-25 06:29:59,214 - INFO - Inserted 165 rows for LT.NS
2026-05-25 06:29:59,526 - INFO - [AXISBANK_NS] Inserted 165 rows (duplicates ignored)
2026-05-25 06:29:59,526 - INFO - Inserted 165 rows for AXISBANK.NS
2026-05-25 06:29:59,868 - INFO - [BAJFINANCE_NS] Inserted 165 rows (duplicates ignored)
2026-05-25 06:29:59,868 - INFO - Inserted 165 rows for BAJFINANCE.NS
2026-05-25 06:30:00,248 - INFO - [ASIANPAINT_NS] Inserted 165 rows (duplicates ignored)
2026-05-25 06:30:00,248 - INFO - Inserted 165 rows for ASIANPAINT.NS
2026-05-25 06:30:00,516 - INFO - [MARUTI_NS] Inserted 165 rows (duplicates ignored)
2026-05-25 06:30:00,516 - INFO - Inserted 165 rows for MARUTI.NS
2026-05-25 06:30:00,866 - INFO - [SUNPHARMA_NS] Inserted 165 rows (duplicates ignored)
2026-05-25 06:30:00,866 - INFO - Inserted 165 rows for SUNPHARMA.NS
2026-05-25 06:30:01,206 - INFO - [WIPRO_NS] Inserted 165 rows (duplicates ignored)
2026-05-25 06:30:01,206 - INFO - Inserted 165 rows for WIPRO.NS
2026-05-25 06:30:01,534 - INFO - [POWERGRID_NS] Inserted 165 rows (duplicates ignored)
2026-05-25 06:30:01,534 - INFO - Inserted 165 rows for POWERGRID.NS
2026-05-25 06:30:01,904 - INFO - [NTPC_NS] Inserted 165 rows (duplicates ignored)
2026-05-25 06:30:01,905 - INFO - Inserted 165 rows for NTPC.NS
2026-05-25 06:30:02,278 - INFO - [ONGC_NS] Inserted 165 rows (duplicates ignored)
2026-05-25 06:30:02,279 - INFO - Inserted 165 rows for ONGC.NS
2026-05-25 06:30:02,291 - INFO - Cycle complete. README updated.
2026-05-25 08:23:32,297 - INFO - Starting data fetch cycle...
2026-05-25 08:23:32,569 - INFO - [RELIANCE_NS] Inserted 279 rows (duplicates ignored)
2026-05-25 08:23:32,569 - INFO - Inserted 279 rows for RELIANCE.NS
2026-05-25 08:23:32,715 - INFO - [HDFCBANK_NS] Inserted 279 rows (duplicates ignored)
2026-05-25 08:23:32,715 - INFO - Inserted 279 rows for HDFCBANK.NS
2026-05-25 08:23:32,860 - INFO - [ICICIBANK_NS] Inserted 279 rows (duplicates ignored)
2026-05-25 08:23:32,860 - INFO - Inserted 279 rows for ICICIBANK.NS
2026-05-25 08:23:33,006 - INFO - [INFY_NS] Inserted 279 rows (duplicates ignored)
2026-05-25 08:23:33,007 - INFO - Inserted 279 rows for INFY.NS
2026-05-25 08:23:33,162 - INFO - [TCS_NS] Inserted 279 rows (duplicates ignored)
2026-05-25 08:23:33,162 - INFO - Inserted 279 rows for TCS.NS
2026-05-25 08:23:33,321 - INFO - [ITC_NS] Inserted 279 rows (duplicates ignored)
2026-05-25 08:23:33,321 - INFO - Inserted 279 rows for ITC.NS
2026-05-25 08:23:33,488 - INFO - [HINDUNILVR_NS] Inserted 279 rows (duplicates ignored)
2026-05-25 08:23:33,488 - INFO - Inserted 279 rows for HINDUNILVR.NS
2026-05-25 08:23:33,629 - INFO - [SBIN_NS] Inserted 279 rows (duplicates ignored)
2026-05-25 08:23:33,629 - INFO - Inserted 279 rows for SBIN.NS
2026-05-25 08:23:33,754 - INFO - [BHARTIARTL_NS] Inserted 279 rows (duplicates ignored)
2026-05-25 08:23:33,754 - INFO - Inserted 279 rows for BHARTIARTL.NS
2026-05-25 08:23:33,894 - INFO - [KOTAKBANK_NS] Inserted 279 rows (duplicates ignored)
2026-05-25 08:23:33,894 - INFO - Inserted 279 rows for KOTAKBANK.NS
2026-05-25 08:23:34,022 - INFO - [LT_NS] Inserted 279 rows (duplicates ignored)
2026-05-25 08:23:34,023 - INFO - Inserted 279 rows for LT.NS
2026-05-25 08:23:34,169 - INFO - [AXISBANK_NS] Inserted 279 rows (duplicates ignored)
2026-05-25 08:23:34,169 - INFO - Inserted 279 rows for AXISBANK.NS
2026-05-25 08:23:34,305 - INFO - [BAJFINANCE_NS] Inserted 279 rows (duplicates ignored)
2026-05-25 08:23:34,305 - INFO - Inserted 279 rows for BAJFINANCE.NS
2026-05-25 08:23:34,450 - INFO - [ASIANPAINT_NS] Inserted 279 rows (duplicates ignored)
2026-05-25 08:23:34,450 - INFO - Inserted 279 rows for ASIANPAINT.NS
2026-05-25 08:23:34,586 - INFO - [MARUTI_NS] Inserted 279 rows (duplicates ignored)
2026-05-25 08:23:34,587 - INFO - Inserted 279 rows for MARUTI.NS
2026-05-25 08:23:34,744 - INFO - [SUNPHARMA_NS] Inserted 279 rows (duplicates ignored)
2026-05-25 08:23:34,744 - INFO - Inserted 279 rows for SUNPHARMA.NS
2026-05-25 08:23:34,890 - INFO - [WIPRO_NS] Inserted 279 rows (duplicates ignored)
2026-05-25 08:23:34,890 - INFO - Inserted 279 rows for WIPRO.NS
2026-05-25 08:23:35,025 - INFO - [POWERGRID_NS] Inserted 279 rows (duplicates ignored)
2026-05-25 08:23:35,025 - INFO - Inserted 279 rows for POWERGRID.NS
2026-05-25 08:23:35,166 - INFO - [NTPC_NS] Inserted 279 rows (duplicates ignored)
2026-05-25 08:23:35,166 - INFO - Inserted 279 rows for NTPC.NS
2026-05-25 08:23:35,306 - INFO - [ONGC_NS] Inserted 279 rows (duplicates ignored)
2026-05-25 08:23:35,306 - INFO - Inserted 279 rows for ONGC.NS
2026-05-25 08:23:35,318 - INFO - Cycle complete. README updated.
2026-05-25 08:33:39,166 - INFO - Starting data fetch cycle...
2026-05-25 08:33:39,820 - INFO - [RELIANCE_NS] Inserted 289 rows (duplicates ignored)
2026-05-25 08:33:39,820 - INFO - Inserted 289 rows for RELIANCE.NS
2026-05-25 08:33:40,049 - INFO - [HDFCBANK_NS] Inserted 289 rows (duplicates ignored)
2026-05-25 08:33:40,050 - INFO - Inserted 289 rows for HDFCBANK.NS
2026-05-25 08:33:40,303 - INFO - [ICICIBANK_NS] Inserted 289 rows (duplicates ignored)
2026-05-25 08:33:40,303 - INFO - Inserted 289 rows for ICICIBANK.NS
2026-05-25 08:33:40,673 - INFO - [INFY_NS] Inserted 289 rows (duplicates ignored)
2026-05-25 08:33:40,673 - INFO - Inserted 289 rows for INFY.NS
2026-05-25 08:33:40,904 - INFO - [TCS_NS] Inserted 289 rows (duplicates ignored)
2026-05-25 08:33:40,905 - INFO - Inserted 289 rows for TCS.NS
2026-05-25 08:33:41,147 - INFO - [ITC_NS] Inserted 289 rows (duplicates ignored)
2026-05-25 08:33:41,147 - INFO - Inserted 289 rows for ITC.NS
2026-05-25 08:33:41,390 - INFO - [HINDUNILVR_NS] Inserted 289 rows (duplicates ignored)
2026-05-25 08:33:41,390 - INFO - Inserted 289 rows for HINDUNILVR.NS
2026-05-25 08:33:41,623 - INFO - [SBIN_NS] Inserted 289 rows (duplicates ignored)
2026-05-25 08:33:41,623 - INFO - Inserted 289 rows for SBIN.NS
2026-05-25 08:33:41,842 - INFO - [BHARTIARTL_NS] Inserted 289 rows (duplicates ignored)
2026-05-25 08:33:41,842 - INFO - Inserted 289 rows for BHARTIARTL.NS
2026-05-25 08:33:42,146 - INFO - [KOTAKBANK_NS] Inserted 289 rows (duplicates ignored)
2026-05-25 08:33:42,147 - INFO - Inserted 289 rows for KOTAKBANK.NS
2026-05-25 08:33:42,376 - INFO - [LT_NS] Inserted 289 rows (duplicates ignored)
2026-05-25 08:33:42,376 - INFO - Inserted 289 rows for LT.NS
2026-05-25 08:33:42,623 - INFO - [AXISBANK_NS] Inserted 289 rows (duplicates ignored)
2026-05-25 08:33:42,623 - INFO - Inserted 289 rows for AXISBANK.NS
2026-05-25 08:33:42,857 - INFO - [BAJFINANCE_NS] Inserted 289 rows (duplicates ignored)
2026-05-25 08:33:42,858 - INFO - Inserted 289 rows for BAJFINANCE.NS
2026-05-25 08:33:43,202 - INFO - [ASIANPAINT_NS] Inserted 289 rows (duplicates ignored)
2026-05-25 08:33:43,202 - INFO - Inserted 289 rows for ASIANPAINT.NS
2026-05-25 08:33:43,496 - INFO - [MARUTI_NS] Inserted 289 rows (duplicates ignored)
2026-05-25 08:33:43,496 - INFO - Inserted 289 rows for MARUTI.NS
2026-05-25 08:33:43,729 - INFO - [SUNPHARMA_NS] Inserted 289 rows (duplicates ignored)
2026-05-25 08:33:43,729 - INFO - Inserted 289 rows for SUNPHARMA.NS
2026-05-25 08:33:43,993 - INFO - [WIPRO_NS] Inserted 289 rows (duplicates ignored)
2026-05-25 08:33:43,994 - INFO - Inserted 289 rows for WIPRO.NS
2026-05-25 08:33:44,213 - INFO - [POWERGRID_NS] Inserted 289 rows (duplicates ignored)
2026-05-25 08:33:44,214 - INFO - Inserted 289 rows for POWERGRID.NS
2026-05-25 08:33:44,445 - INFO - [NTPC_NS] Inserted 289 rows (duplicates ignored)
2026-05-25 08:33:44,445 - INFO - Inserted 289 rows for NTPC.NS
2026-05-25 08:33:44,682 - INFO - [ONGC_NS] Inserted 289 rows (duplicates ignored)
2026-05-25 08:33:44,682 - INFO - Inserted 289 rows for ONGC.NS
2026-05-25 08:33:44,698 - INFO - Cycle complete. README updated.
2026-05-25 23:40:51,741 - INFO - Starting data fetch cycle...
2026-05-25 23:40:51,999 - INFO - [RELIANCE_NS] Inserted 375 rows (duplicates ignored)
2026-05-25 23:40:51,999 - INFO - Inserted 375 rows for RELIANCE.NS
2026-05-25 23:40:52,141 - INFO - [HDFCBANK_NS] Inserted 375 rows (duplicates ignored)
2026-05-25 23:40:52,141 - INFO - Inserted 375 rows for HDFCBANK.NS
2026-05-25 23:40:52,320 - INFO - [ICICIBANK_NS] Inserted 375 rows (duplicates ignored)
2026-05-25 23:40:52,320 - INFO - Inserted 375 rows for ICICIBANK.NS
2026-05-25 23:40:52,488 - INFO - [INFY_NS] Inserted 375 rows (duplicates ignored)
2026-05-25 23:40:52,488 - INFO - Inserted 375 rows for INFY.NS
2026-05-25 23:40:52,628 - INFO - [TCS_NS] Inserted 375 rows (duplicates ignored)
2026-05-25 23:40:52,629 - INFO - Inserted 375 rows for TCS.NS
2026-05-25 23:40:52,789 - INFO - [ITC_NS] Inserted 375 rows (duplicates ignored)
2026-05-25 23:40:52,789 - INFO - Inserted 375 rows for ITC.NS
2026-05-25 23:40:52,952 - INFO - [HINDUNILVR_NS] Inserted 375 rows (duplicates ignored)
2026-05-25 23:40:52,952 - INFO - Inserted 375 rows for HINDUNILVR.NS
2026-05-25 23:40:53,101 - INFO - [SBIN_NS] Inserted 375 rows (duplicates ignored)
2026-05-25 23:40:53,101 - INFO - Inserted 375 rows for SBIN.NS
2026-05-25 23:40:53,230 - INFO - [BHARTIARTL_NS] Inserted 375 rows (duplicates ignored)
2026-05-25 23:40:53,230 - INFO - Inserted 375 rows for BHARTIARTL.NS
2026-05-25 23:40:53,389 - INFO - [KOTAKBANK_NS] Inserted 375 rows (duplicates ignored)
2026-05-25 23:40:53,389 - INFO - Inserted 375 rows for KOTAKBANK.NS
2026-05-25 23:40:53,530 - INFO - [LT_NS] Inserted 375 rows (duplicates ignored)
2026-05-25 23:40:53,531 - INFO - Inserted 375 rows for LT.NS
2026-05-25 23:40:53,680 - INFO - [AXISBANK_NS] Inserted 375 rows (duplicates ignored)
2026-05-25 23:40:53,680 - INFO - Inserted 375 rows for AXISBANK.NS
2026-05-25 23:40:53,829 - INFO - [BAJFINANCE_NS] Inserted 375 rows (duplicates ignored)
2026-05-25 23:40:53,830 - INFO - Inserted 375 rows for BAJFINANCE.NS
2026-05-25 23:40:53,987 - INFO - [ASIANPAINT_NS] Inserted 375 rows (duplicates ignored)
2026-05-25 23:40:53,987 - INFO - Inserted 375 rows for ASIANPAINT.NS
2026-05-25 23:40:54,134 - INFO - [MARUTI_NS] Inserted 375 rows (duplicates ignored)
2026-05-25 23:40:54,134 - INFO - Inserted 375 rows for MARUTI.NS
2026-05-25 23:40:54,282 - INFO - [SUNPHARMA_NS] Inserted 375 rows (duplicates ignored)
2026-05-25 23:40:54,283 - INFO - Inserted 375 rows for SUNPHARMA.NS
2026-05-25 23:40:54,451 - INFO - [WIPRO_NS] Inserted 375 rows (duplicates ignored)
2026-05-25 23:40:54,451 - INFO - Inserted 375 rows for WIPRO.NS
2026-05-25 23:40:54,593 - INFO - [POWERGRID_NS] Inserted 375 rows (duplicates ignored)
2026-05-25 23:40:54,593 - INFO - Inserted 375 rows for POWERGRID.NS
2026-05-25 23:40:54,760 - INFO - [NTPC_NS] Inserted 375 rows (duplicates ignored)
2026-05-25 23:40:54,760 - INFO - Inserted 375 rows for NTPC.NS
2026-05-25 23:40:54,922 - INFO - [ONGC_NS] Inserted 375 rows (duplicates ignored)
2026-05-25 23:40:54,922 - INFO - Inserted 375 rows for ONGC.NS
2026-05-25 23:40:54,936 - INFO - Cycle complete. README updated.
2026-05-26 01:31:34,116 - INFO - Starting data fetch cycle...
2026-05-26 01:31:34,640 - INFO - [RELIANCE_NS] Inserted 375 rows (duplicates ignored)
2026-05-26 01:31:34,640 - INFO - Inserted 375 rows for RELIANCE.NS
2026-05-26 01:31:34,810 - INFO - [HDFCBANK_NS] Inserted 375 rows (duplicates ignored)
2026-05-26 01:31:34,810 - INFO - Inserted 375 rows for HDFCBANK.NS
2026-05-26 01:31:34,989 - INFO - [ICICIBANK_NS] Inserted 375 rows (duplicates ignored)
2026-05-26 01:31:34,989 - INFO - Inserted 375 rows for ICICIBANK.NS
2026-05-26 01:31:35,194 - INFO - [INFY_NS] Inserted 375 rows (duplicates ignored)
2026-05-26 01:31:35,194 - INFO - Inserted 375 rows for INFY.NS
2026-05-26 01:31:35,365 - INFO - [TCS_NS] Inserted 375 rows (duplicates ignored)
2026-05-26 01:31:35,365 - INFO - Inserted 375 rows for TCS.NS
2026-05-26 01:31:35,556 - INFO - [ITC_NS] Inserted 375 rows (duplicates ignored)
2026-05-26 01:31:35,556 - INFO - Inserted 375 rows for ITC.NS
2026-05-26 01:31:35,726 - INFO - [HINDUNILVR_NS] Inserted 375 rows (duplicates ignored)
2026-05-26 01:31:35,726 - INFO - Inserted 375 rows for HINDUNILVR.NS
2026-05-26 01:31:35,919 - INFO - [SBIN_NS] Inserted 375 rows (duplicates ignored)
2026-05-26 01:31:35,919 - INFO - Inserted 375 rows for SBIN.NS
2026-05-26 01:31:36,077 - INFO - [BHARTIARTL_NS] Inserted 375 rows (duplicates ignored)
2026-05-26 01:31:36,077 - INFO - Inserted 375 rows for BHARTIARTL.NS
2026-05-26 01:31:36,244 - INFO - [KOTAKBANK_NS] Inserted 375 rows (duplicates ignored)
2026-05-26 01:31:36,244 - INFO - Inserted 375 rows for KOTAKBANK.NS
2026-05-26 01:31:36,412 - INFO - [LT_NS] Inserted 375 rows (duplicates ignored)
2026-05-26 01:31:36,412 - INFO - Inserted 375 rows for LT.NS
2026-05-26 01:31:36,569 - INFO - [AXISBANK_NS] Inserted 375 rows (duplicates ignored)
2026-05-26 01:31:36,569 - INFO - Inserted 375 rows for AXISBANK.NS
2026-05-26 01:31:36,722 - INFO - [BAJFINANCE_NS] Inserted 375 rows (duplicates ignored)
2026-05-26 01:31:36,722 - INFO - Inserted 375 rows for BAJFINANCE.NS
2026-05-26 01:31:36,889 - INFO - [ASIANPAINT_NS] Inserted 375 rows (duplicates ignored)
2026-05-26 01:31:36,889 - INFO - Inserted 375 rows for ASIANPAINT.NS
2026-05-26 01:31:37,057 - INFO - [MARUTI_NS] Inserted 375 rows (duplicates ignored)
2026-05-26 01:31:37,057 - INFO - Inserted 375 rows for MARUTI.NS
2026-05-26 01:31:37,235 - INFO - [SUNPHARMA_NS] Inserted 375 rows (duplicates ignored)
2026-05-26 01:31:37,235 - INFO - Inserted 375 rows for SUNPHARMA.NS
2026-05-26 01:31:37,422 - INFO - [WIPRO_NS] Inserted 375 rows (duplicates ignored)
2026-05-26 01:31:37,422 - INFO - Inserted 375 rows for WIPRO.NS
2026-05-26 01:31:37,591 - INFO - [POWERGRID_NS] Inserted 375 rows (duplicates ignored)
2026-05-26 01:31:37,591 - INFO - Inserted 375 rows for POWERGRID.NS
2026-05-26 01:31:37,757 - INFO - [NTPC_NS] Inserted 375 rows (duplicates ignored)
2026-05-26 01:31:37,758 - INFO - Inserted 375 rows for NTPC.NS
2026-05-26 01:31:37,918 - INFO - [ONGC_NS] Inserted 375 rows (duplicates ignored)
2026-05-26 01:31:37,918 - INFO - Inserted 375 rows for ONGC.NS
2026-05-26 01:31:37,932 - INFO - Cycle complete. README updated.
2026-05-26 05:48:55,595 - INFO - Starting data fetch cycle...
2026-05-26 05:48:56,223 - INFO - [RELIANCE_NS] Inserted 124 rows (duplicates ignored)
2026-05-26 05:48:56,223 - INFO - Inserted 124 rows for RELIANCE.NS
2026-05-26 05:48:56,538 - INFO - [HDFCBANK_NS] Inserted 124 rows (duplicates ignored)
2026-05-26 05:48:56,538 - INFO - Inserted 124 rows for HDFCBANK.NS
2026-05-26 05:48:56,819 - INFO - [ICICIBANK_NS] Inserted 124 rows (duplicates ignored)
2026-05-26 05:48:56,820 - INFO - Inserted 124 rows for ICICIBANK.NS
2026-05-26 05:48:57,058 - INFO - [INFY_NS] Inserted 124 rows (duplicates ignored)
2026-05-26 05:48:57,058 - INFO - Inserted 124 rows for INFY.NS
2026-05-26 05:48:57,288 - INFO - [TCS_NS] Inserted 124 rows (duplicates ignored)
2026-05-26 05:48:57,288 - INFO - Inserted 124 rows for TCS.NS
2026-05-26 05:48:57,588 - INFO - [ITC_NS] Inserted 124 rows (duplicates ignored)
2026-05-26 05:48:57,588 - INFO - Inserted 124 rows for ITC.NS
2026-05-26 05:48:57,810 - INFO - [HINDUNILVR_NS] Inserted 124 rows (duplicates ignored)
2026-05-26 05:48:57,810 - INFO - Inserted 124 rows for HINDUNILVR.NS
2026-05-26 05:48:58,114 - INFO - [SBIN_NS] Inserted 124 rows (duplicates ignored)
2026-05-26 05:48:58,114 - INFO - Inserted 124 rows for SBIN.NS
2026-05-26 05:48:58,402 - INFO - [BHARTIARTL_NS] Inserted 124 rows (duplicates ignored)
2026-05-26 05:48:58,402 - INFO - Inserted 124 rows for BHARTIARTL.NS
2026-05-26 05:48:58,640 - INFO - [KOTAKBANK_NS] Inserted 124 rows (duplicates ignored)
2026-05-26 05:48:58,640 - INFO - Inserted 124 rows for KOTAKBANK.NS
2026-05-26 05:48:58,878 - INFO - [LT_NS] Inserted 124 rows (duplicates ignored)
2026-05-26 05:48:58,878 - INFO - Inserted 124 rows for LT.NS
2026-05-26 05:48:59,135 - INFO - [AXISBANK_NS] Inserted 124 rows (duplicates ignored)
2026-05-26 05:48:59,135 - INFO - Inserted 124 rows for AXISBANK.NS
2026-05-26 05:48:59,367 - INFO - [BAJFINANCE_NS] Inserted 124 rows (duplicates ignored)
2026-05-26 05:48:59,367 - INFO - Inserted 124 rows for BAJFINANCE.NS
2026-05-26 05:48:59,598 - INFO - [ASIANPAINT_NS] Inserted 124 rows (duplicates ignored)
2026-05-26 05:48:59,598 - INFO - Inserted 124 rows for ASIANPAINT.NS
2026-05-26 05:48:59,830 - INFO - [MARUTI_NS] Inserted 124 rows (duplicates ignored)
2026-05-26 05:48:59,830 - INFO - Inserted 124 rows for MARUTI.NS
2026-05-26 05:49:00,067 - INFO - [SUNPHARMA_NS] Inserted 124 rows (duplicates ignored)
2026-05-26 05:49:00,067 - INFO - Inserted 124 rows for SUNPHARMA.NS
2026-05-26 05:49:00,296 - INFO - [WIPRO_NS] Inserted 124 rows (duplicates ignored)
2026-05-26 05:49:00,296 - INFO - Inserted 124 rows for WIPRO.NS
2026-05-26 05:49:00,516 - INFO - [POWERGRID_NS] Inserted 124 rows (duplicates ignored)
2026-05-26 05:49:00,516 - INFO - Inserted 124 rows for POWERGRID.NS
2026-05-26 05:49:00,748 - INFO - [NTPC_NS] Inserted 124 rows (duplicates ignored)
2026-05-26 05:49:00,748 - INFO - Inserted 124 rows for NTPC.NS
2026-05-26 05:49:00,979 - INFO - [ONGC_NS] Inserted 124 rows (duplicates ignored)
2026-05-26 05:49:00,979 - INFO - Inserted 124 rows for ONGC.NS
2026-05-26 05:49:00,996 - INFO - Cycle complete. README updated.
2026-05-26 23:42:31,775 - INFO - Starting data fetch cycle...
2026-05-26 23:42:32,501 - INFO - [RELIANCE_NS] Inserted 375 rows (duplicates ignored)
2026-05-26 23:42:32,501 - INFO - Inserted 375 rows for RELIANCE.NS
2026-05-26 23:42:32,820 - INFO - [HDFCBANK_NS] Inserted 375 rows (duplicates ignored)
2026-05-26 23:42:32,820 - INFO - Inserted 375 rows for HDFCBANK.NS
2026-05-26 23:42:33,166 - INFO - [ICICIBANK_NS] Inserted 375 rows (duplicates ignored)
2026-05-26 23:42:33,166 - INFO - Inserted 375 rows for ICICIBANK.NS
2026-05-26 23:42:33,500 - INFO - [INFY_NS] Inserted 375 rows (duplicates ignored)
2026-05-26 23:42:33,500 - INFO - Inserted 375 rows for INFY.NS
2026-05-26 23:42:33,882 - INFO - [TCS_NS] Inserted 375 rows (duplicates ignored)
2026-05-26 23:42:33,882 - INFO - Inserted 375 rows for TCS.NS
2026-05-26 23:42:34,215 - INFO - [ITC_NS] Inserted 375 rows (duplicates ignored)
2026-05-26 23:42:34,215 - INFO - Inserted 375 rows for ITC.NS
2026-05-26 23:42:34,573 - INFO - [HINDUNILVR_NS] Inserted 375 rows (duplicates ignored)
2026-05-26 23:42:34,573 - INFO - Inserted 375 rows for HINDUNILVR.NS
2026-05-26 23:42:34,884 - INFO - [SBIN_NS] Inserted 375 rows (duplicates ignored)
2026-05-26 23:42:34,884 - INFO - Inserted 375 rows for SBIN.NS
2026-05-26 23:42:35,220 - INFO - [BHARTIARTL_NS] Inserted 375 rows (duplicates ignored)
2026-05-26 23:42:35,220 - INFO - Inserted 375 rows for BHARTIARTL.NS
2026-05-26 23:42:35,521 - INFO - [KOTAKBANK_NS] Inserted 375 rows (duplicates ignored)
2026-05-26 23:42:35,521 - INFO - Inserted 375 rows for KOTAKBANK.NS
2026-05-26 23:42:35,850 - INFO - [LT_NS] Inserted 375 rows (duplicates ignored)
2026-05-26 23:42:35,850 - INFO - Inserted 375 rows for LT.NS
2026-05-26 23:42:36,198 - INFO - [AXISBANK_NS] Inserted 375 rows (duplicates ignored)
2026-05-26 23:42:36,199 - INFO - Inserted 375 rows for AXISBANK.NS
2026-05-26 23:42:36,516 - INFO - [BAJFINANCE_NS] Inserted 375 rows (duplicates ignored)
2026-05-26 23:42:36,516 - INFO - Inserted 375 rows for BAJFINANCE.NS
2026-05-26 23:42:36,833 - INFO - [ASIANPAINT_NS] Inserted 375 rows (duplicates ignored)
2026-05-26 23:42:36,833 - INFO - Inserted 375 rows for ASIANPAINT.NS
2026-05-26 23:42:37,142 - INFO - [MARUTI_NS] Inserted 375 rows (duplicates ignored)
2026-05-26 23:42:37,142 - INFO - Inserted 375 rows for MARUTI.NS
2026-05-26 23:42:37,492 - INFO - [SUNPHARMA_NS] Inserted 375 rows (duplicates ignored)
2026-05-26 23:42:37,492 - INFO - Inserted 375 rows for SUNPHARMA.NS
2026-05-26 23:42:37,834 - INFO - [WIPRO_NS] Inserted 375 rows (duplicates ignored)
2026-05-26 23:42:37,834 - INFO - Inserted 375 rows for WIPRO.NS
2026-05-26 23:42:38,201 - INFO - [POWERGRID_NS] Inserted 375 rows (duplicates ignored)
2026-05-26 23:42:38,201 - INFO - Inserted 375 rows for POWERGRID.NS
2026-05-26 23:42:38,528 - INFO - [NTPC_NS] Inserted 375 rows (duplicates ignored)
2026-05-26 23:42:38,528 - INFO - Inserted 375 rows for NTPC.NS
2026-05-26 23:42:38,826 - INFO - [ONGC_NS] Inserted 375 rows (duplicates ignored)
2026-05-26 23:42:38,826 - INFO - Inserted 375 rows for ONGC.NS
2026-05-26 23:42:38,838 - INFO - Cycle complete. README updated.
2026-05-27 01:54:06,393 - INFO - Starting data fetch cycle...
2026-05-27 01:54:06,698 - INFO - [RELIANCE_NS] Inserted 375 rows (duplicates ignored)
2026-05-27 01:54:06,698 - INFO - Inserted 375 rows for RELIANCE.NS
2026-05-27 01:54:06,835 - INFO - [HDFCBANK_NS] Inserted 375 rows (duplicates ignored)
2026-05-27 01:54:06,835 - INFO - Inserted 375 rows for HDFCBANK.NS
2026-05-27 01:54:06,983 - INFO - [ICICIBANK_NS] Inserted 375 rows (duplicates ignored)
2026-05-27 01:54:06,983 - INFO - Inserted 375 rows for ICICIBANK.NS
2026-05-27 01:54:07,219 - INFO - [INFY_NS] Inserted 375 rows (duplicates ignored)
2026-05-27 01:54:07,219 - INFO - Inserted 375 rows for INFY.NS
2026-05-27 01:54:07,488 - INFO - [TCS_NS] Inserted 375 rows (duplicates ignored)
2026-05-27 01:54:07,489 - INFO - Inserted 375 rows for TCS.NS
2026-05-27 01:54:07,833 - INFO - [ITC_NS] Inserted 375 rows (duplicates ignored)
2026-05-27 01:54:07,833 - INFO - Inserted 375 rows for ITC.NS
2026-05-27 01:54:08,033 - INFO - [HINDUNILVR_NS] Inserted 375 rows (duplicates ignored)
2026-05-27 01:54:08,034 - INFO - Inserted 375 rows for HINDUNILVR.NS
2026-05-27 01:54:08,262 - INFO - [SBIN_NS] Inserted 375 rows (duplicates ignored)
2026-05-27 01:54:08,262 - INFO - Inserted 375 rows for SBIN.NS
2026-05-27 01:54:08,401 - INFO - [BHARTIARTL_NS] Inserted 375 rows (duplicates ignored)
2026-05-27 01:54:08,402 - INFO - Inserted 375 rows for BHARTIARTL.NS
2026-05-27 01:54:08,647 - INFO - [KOTAKBANK_NS] Inserted 375 rows (duplicates ignored)
2026-05-27 01:54:08,647 - INFO - Inserted 375 rows for KOTAKBANK.NS
2026-05-27 01:54:08,928 - INFO - [LT_NS] Inserted 375 rows (duplicates ignored)
2026-05-27 01:54:08,929 - INFO - Inserted 375 rows for LT.NS
2026-05-27 01:54:09,178 - INFO - [AXISBANK_NS] Inserted 375 rows (duplicates ignored)
2026-05-27 01:54:09,178 - INFO - Inserted 375 rows for AXISBANK.NS
2026-05-27 01:54:09,385 - INFO - [BAJFINANCE_NS] Inserted 375 rows (duplicates ignored)
2026-05-27 01:54:09,385 - INFO - Inserted 375 rows for BAJFINANCE.NS
2026-05-27 01:54:09,584 - INFO - [ASIANPAINT_NS] Inserted 375 rows (duplicates ignored)
2026-05-27 01:54:09,585 - INFO - Inserted 375 rows for ASIANPAINT.NS
2026-05-27 01:54:09,760 - INFO - [MARUTI_NS] Inserted 375 rows (duplicates ignored)
2026-05-27 01:54:09,760 - INFO - Inserted 375 rows for MARUTI.NS
2026-05-27 01:54:10,001 - INFO - [SUNPHARMA_NS] Inserted 375 rows (duplicates ignored)
2026-05-27 01:54:10,001 - INFO - Inserted 375 rows for SUNPHARMA.NS
2026-05-27 01:54:10,259 - INFO - [WIPRO_NS] Inserted 375 rows (duplicates ignored)
2026-05-27 01:54:10,260 - INFO - Inserted 375 rows for WIPRO.NS
2026-05-27 01:54:10,430 - INFO - [POWERGRID_NS] Inserted 375 rows (duplicates ignored)
2026-05-27 01:54:10,430 - INFO - Inserted 375 rows for POWERGRID.NS
2026-05-27 01:54:10,590 - INFO - [NTPC_NS] Inserted 375 rows (duplicates ignored)
2026-05-27 01:54:10,590 - INFO - Inserted 375 rows for NTPC.NS
2026-05-27 01:54:10,843 - INFO - [ONGC_NS] Inserted 375 rows (duplicates ignored)
2026-05-27 01:54:10,843 - INFO - Inserted 375 rows for ONGC.NS
2026-05-27 01:54:10,858 - INFO - Cycle complete. README updated.
2026-05-27 06:22:01,924 - INFO - Starting data fetch cycle...
2026-05-27 06:22:02,604 - INFO - [RELIANCE_NS] Inserted 157 rows (duplicates ignored)
2026-05-27 06:22:02,604 - INFO - Inserted 157 rows for RELIANCE.NS
2026-05-27 06:22:02,837 - INFO - [HDFCBANK_NS] Inserted 158 rows (duplicates ignored)
2026-05-27 06:22:02,837 - INFO - Inserted 158 rows for HDFCBANK.NS
2026-05-27 06:22:03,063 - INFO - [ICICIBANK_NS] Inserted 157 rows (duplicates ignored)
2026-05-27 06:22:03,064 - INFO - Inserted 157 rows for ICICIBANK.NS
2026-05-27 06:22:03,304 - INFO - [INFY_NS] Inserted 158 rows (duplicates ignored)
2026-05-27 06:22:03,304 - INFO - Inserted 158 rows for INFY.NS
2026-05-27 06:22:03,531 - INFO - [TCS_NS] Inserted 157 rows (duplicates ignored)
2026-05-27 06:22:03,532 - INFO - Inserted 157 rows for TCS.NS
2026-05-27 06:22:03,766 - INFO - [ITC_NS] Inserted 158 rows (duplicates ignored)
2026-05-27 06:22:03,766 - INFO - Inserted 158 rows for ITC.NS
2026-05-27 06:22:04,015 - INFO - [HINDUNILVR_NS] Inserted 158 rows (duplicates ignored)
2026-05-27 06:22:04,015 - INFO - Inserted 158 rows for HINDUNILVR.NS
2026-05-27 06:22:04,264 - INFO - [SBIN_NS] Inserted 158 rows (duplicates ignored)
2026-05-27 06:22:04,264 - INFO - Inserted 158 rows for SBIN.NS
2026-05-27 06:22:04,482 - INFO - [BHARTIARTL_NS] Inserted 158 rows (duplicates ignored)
2026-05-27 06:22:04,482 - INFO - Inserted 158 rows for BHARTIARTL.NS
2026-05-27 06:22:04,713 - INFO - [KOTAKBANK_NS] Inserted 158 rows (duplicates ignored)
2026-05-27 06:22:04,713 - INFO - Inserted 158 rows for KOTAKBANK.NS
2026-05-27 06:22:04,941 - INFO - [LT_NS] Inserted 158 rows (duplicates ignored)
2026-05-27 06:22:04,941 - INFO - Inserted 158 rows for LT.NS
2026-05-27 06:22:05,161 - INFO - [AXISBANK_NS] Inserted 158 rows (duplicates ignored)
2026-05-27 06:22:05,161 - INFO - Inserted 158 rows for AXISBANK.NS
2026-05-27 06:22:05,378 - INFO - [BAJFINANCE_NS] Inserted 158 rows (duplicates ignored)
2026-05-27 06:22:05,378 - INFO - Inserted 158 rows for BAJFINANCE.NS
2026-05-27 06:22:05,675 - INFO - [ASIANPAINT_NS] Inserted 158 rows (duplicates ignored)
2026-05-27 06:22:05,675 - INFO - Inserted 158 rows for ASIANPAINT.NS
2026-05-27 06:22:05,900 - INFO - [MARUTI_NS] Inserted 158 rows (duplicates ignored)
2026-05-27 06:22:05,900 - INFO - Inserted 158 rows for MARUTI.NS
2026-05-27 06:22:06,128 - INFO - [SUNPHARMA_NS] Inserted 158 rows (duplicates ignored)
2026-05-27 06:22:06,128 - INFO - Inserted 158 rows for SUNPHARMA.NS
2026-05-27 06:22:06,368 - INFO - [WIPRO_NS] Inserted 158 rows (duplicates ignored)
2026-05-27 06:22:06,368 - INFO - Inserted 158 rows for WIPRO.NS
2026-05-27 06:22:06,593 - INFO - [POWERGRID_NS] Inserted 158 rows (duplicates ignored)
2026-05-27 06:22:06,593 - INFO - Inserted 158 rows for POWERGRID.NS
2026-05-27 06:22:06,813 - INFO - [NTPC_NS] Inserted 158 rows (duplicates ignored)
2026-05-27 06:22:06,813 - INFO - Inserted 158 rows for NTPC.NS
2026-05-27 06:22:07,038 - INFO - [ONGC_NS] Inserted 158 rows (duplicates ignored)
2026-05-27 06:22:07,039 - INFO - Inserted 158 rows for ONGC.NS
2026-05-27 06:22:07,050 - INFO - Cycle complete. README updated.
2026-05-27 23:45:44,166 - INFO - Starting data fetch cycle...
2026-05-27 23:45:44,808 - INFO - [RELIANCE_NS] Inserted 375 rows (duplicates ignored)
2026-05-27 23:45:44,808 - INFO - Inserted 375 rows for RELIANCE.NS
2026-05-27 23:45:45,189 - INFO - [HDFCBANK_NS] Inserted 375 rows (duplicates ignored)
2026-05-27 23:45:45,189 - INFO - Inserted 375 rows for HDFCBANK.NS
2026-05-27 23:45:45,543 - INFO - [ICICIBANK_NS] Inserted 375 rows (duplicates ignored)
2026-05-27 23:45:45,543 - INFO - Inserted 375 rows for ICICIBANK.NS
2026-05-27 23:45:45,770 - INFO - [INFY_NS] Inserted 375 rows (duplicates ignored)
2026-05-27 23:45:45,770 - INFO - Inserted 375 rows for INFY.NS
2026-05-27 23:45:45,954 - INFO - [TCS_NS] Inserted 375 rows (duplicates ignored)
2026-05-27 23:45:45,954 - INFO - Inserted 375 rows for TCS.NS
2026-05-27 23:45:46,520 - INFO - [ITC_NS] Inserted 375 rows (duplicates ignored)
2026-05-27 23:45:46,520 - INFO - Inserted 375 rows for ITC.NS
2026-05-27 23:45:46,787 - INFO - [HINDUNILVR_NS] Inserted 375 rows (duplicates ignored)
2026-05-27 23:45:46,787 - INFO - Inserted 375 rows for HINDUNILVR.NS
2026-05-27 23:45:47,034 - INFO - [SBIN_NS] Inserted 375 rows (duplicates ignored)
2026-05-27 23:45:47,034 - INFO - Inserted 375 rows for SBIN.NS
2026-05-27 23:45:47,239 - INFO - [BHARTIARTL_NS] Inserted 375 rows (duplicates ignored)
2026-05-27 23:45:47,239 - INFO - Inserted 375 rows for BHARTIARTL.NS
2026-05-27 23:45:47,392 - INFO - [KOTAKBANK_NS] Inserted 375 rows (duplicates ignored)
2026-05-27 23:45:47,392 - INFO - Inserted 375 rows for KOTAKBANK.NS
2026-05-27 23:45:47,666 - INFO - [LT_NS] Inserted 375 rows (duplicates ignored)
2026-05-27 23:45:47,666 - INFO - Inserted 375 rows for LT.NS
2026-05-27 23:45:47,831 - INFO - [AXISBANK_NS] Inserted 375 rows (duplicates ignored)
2026-05-27 23:45:47,832 - INFO - Inserted 375 rows for AXISBANK.NS
2026-05-27 23:45:48,167 - INFO - [BAJFINANCE_NS] Inserted 375 rows (duplicates ignored)
2026-05-27 23:45:48,168 - INFO - Inserted 375 rows for BAJFINANCE.NS
2026-05-27 23:45:48,350 - INFO - [ASIANPAINT_NS] Inserted 375 rows (duplicates ignored)
2026-05-27 23:45:48,350 - INFO - Inserted 375 rows for ASIANPAINT.NS
2026-05-27 23:45:48,473 - INFO - [MARUTI_NS] Inserted 375 rows (duplicates ignored)
2026-05-27 23:45:48,473 - INFO - Inserted 375 rows for MARUTI.NS
2026-05-27 23:45:48,702 - INFO - [SUNPHARMA_NS] Inserted 375 rows (duplicates ignored)
2026-05-27 23:45:48,703 - INFO - Inserted 375 rows for SUNPHARMA.NS
2026-05-27 23:45:48,856 - INFO - [WIPRO_NS] Inserted 375 rows (duplicates ignored)
2026-05-27 23:45:48,856 - INFO - Inserted 375 rows for WIPRO.NS
2026-05-27 23:45:49,007 - INFO - [POWERGRID_NS] Inserted 375 rows (duplicates ignored)
2026-05-27 23:45:49,008 - INFO - Inserted 375 rows for POWERGRID.NS
2026-05-27 23:45:49,234 - INFO - [NTPC_NS] Inserted 375 rows (duplicates ignored)
2026-05-27 23:45:49,234 - INFO - Inserted 375 rows for NTPC.NS
2026-05-27 23:45:49,441 - INFO - [ONGC_NS] Inserted 375 rows (duplicates ignored)
2026-05-27 23:45:49,441 - INFO - Inserted 375 rows for ONGC.NS
2026-05-27 23:45:49,450 - INFO - Cycle complete. README updated.
2026-05-28 01:27:50,814 - INFO - Starting data fetch cycle...
2026-05-28 01:27:51,144 - INFO - [RELIANCE_NS] Inserted 375 rows (duplicates ignored)
2026-05-28 01:27:51,144 - INFO - Inserted 375 rows for RELIANCE.NS
2026-05-28 01:27:51,288 - INFO - [HDFCBANK_NS] Inserted 375 rows (duplicates ignored)
2026-05-28 01:27:51,288 - INFO - Inserted 375 rows for HDFCBANK.NS
2026-05-28 01:27:51,462 - INFO - [ICICIBANK_NS] Inserted 375 rows (duplicates ignored)
2026-05-28 01:27:51,462 - INFO - Inserted 375 rows for ICICIBANK.NS
2026-05-28 01:27:51,654 - INFO - [INFY_NS] Inserted 375 rows (duplicates ignored)
2026-05-28 01:27:51,654 - INFO - Inserted 375 rows for INFY.NS
2026-05-28 01:27:51,788 - INFO - [TCS_NS] Inserted 375 rows (duplicates ignored)
2026-05-28 01:27:51,788 - INFO - Inserted 375 rows for TCS.NS
2026-05-28 01:27:51,944 - INFO - [ITC_NS] Inserted 375 rows (duplicates ignored)
2026-05-28 01:27:51,944 - INFO - Inserted 375 rows for ITC.NS
2026-05-28 01:27:52,093 - INFO - [HINDUNILVR_NS] Inserted 375 rows (duplicates ignored)
2026-05-28 01:27:52,093 - INFO - Inserted 375 rows for HINDUNILVR.NS
2026-05-28 01:27:52,256 - INFO - [SBIN_NS] Inserted 375 rows (duplicates ignored)
2026-05-28 01:27:52,257 - INFO - Inserted 375 rows for SBIN.NS
2026-05-28 01:27:52,384 - INFO - [BHARTIARTL_NS] Inserted 375 rows (duplicates ignored)
2026-05-28 01:27:52,384 - INFO - Inserted 375 rows for BHARTIARTL.NS
2026-05-28 01:27:52,520 - INFO - [KOTAKBANK_NS] Inserted 375 rows (duplicates ignored)
2026-05-28 01:27:52,521 - INFO - Inserted 375 rows for KOTAKBANK.NS
2026-05-28 01:27:52,687 - INFO - [LT_NS] Inserted 375 rows (duplicates ignored)
2026-05-28 01:27:52,687 - INFO - Inserted 375 rows for LT.NS
2026-05-28 01:27:52,860 - INFO - [AXISBANK_NS] Inserted 375 rows (duplicates ignored)
2026-05-28 01:27:52,861 - INFO - Inserted 375 rows for AXISBANK.NS
2026-05-28 01:27:52,995 - INFO - [BAJFINANCE_NS] Inserted 375 rows (duplicates ignored)
2026-05-28 01:27:52,995 - INFO - Inserted 375 rows for BAJFINANCE.NS
2026-05-28 01:27:53,138 - INFO - [ASIANPAINT_NS] Inserted 375 rows (duplicates ignored)
2026-05-28 01:27:53,139 - INFO - Inserted 375 rows for ASIANPAINT.NS
2026-05-28 01:27:53,284 - INFO - [MARUTI_NS] Inserted 375 rows (duplicates ignored)
2026-05-28 01:27:53,284 - INFO - Inserted 375 rows for MARUTI.NS
2026-05-28 01:27:53,440 - INFO - [SUNPHARMA_NS] Inserted 375 rows (duplicates ignored)
2026-05-28 01:27:53,441 - INFO - Inserted 375 rows for SUNPHARMA.NS
2026-05-28 01:27:53,594 - INFO - [WIPRO_NS] Inserted 375 rows (duplicates ignored)
2026-05-28 01:27:53,594 - INFO - Inserted 375 rows for WIPRO.NS
2026-05-28 01:27:53,730 - INFO - [POWERGRID_NS] Inserted 375 rows (duplicates ignored)
2026-05-28 01:27:53,731 - INFO - Inserted 375 rows for POWERGRID.NS
2026-05-28 01:27:53,866 - INFO - [NTPC_NS] Inserted 375 rows (duplicates ignored)
2026-05-28 01:27:53,866 - INFO - Inserted 375 rows for NTPC.NS
2026-05-28 01:27:54,021 - INFO - [ONGC_NS] Inserted 375 rows (duplicates ignored)
2026-05-28 01:27:54,022 - INFO - Inserted 375 rows for ONGC.NS
2026-05-28 01:27:54,033 - INFO - Cycle complete. README updated.
2026-05-28 05:53:42,563 - INFO - Starting data fetch cycle...
2026-05-28 05:53:42,882 - WARNING - No data returned for RELIANCE.NS
2026-05-28 05:53:42,882 - WARNING - No data to insert for RELIANCE.NS
2026-05-28 05:53:43,007 - WARNING - No data returned for HDFCBANK.NS
2026-05-28 05:53:43,007 - WARNING - No data to insert for HDFCBANK.NS
2026-05-28 05:53:43,141 - WARNING - No data returned for ICICIBANK.NS
2026-05-28 05:53:43,142 - WARNING - No data to insert for ICICIBANK.NS
2026-05-28 05:53:43,266 - WARNING - No data returned for INFY.NS
2026-05-28 05:53:43,266 - WARNING - No data to insert for INFY.NS
2026-05-28 05:53:43,391 - WARNING - No data returned for TCS.NS
2026-05-28 05:53:43,392 - WARNING - No data to insert for TCS.NS
2026-05-28 05:53:43,516 - WARNING - No data returned for ITC.NS
2026-05-28 05:53:43,516 - WARNING - No data to insert for ITC.NS
2026-05-28 05:53:43,640 - WARNING - No data returned for HINDUNILVR.NS
2026-05-28 05:53:43,640 - WARNING - No data to insert for HINDUNILVR.NS
2026-05-28 05:53:43,775 - WARNING - No data returned for SBIN.NS
2026-05-28 05:53:43,775 - WARNING - No data to insert for SBIN.NS
2026-05-28 05:53:43,890 - WARNING - No data returned for BHARTIARTL.NS
2026-05-28 05:53:43,890 - WARNING - No data to insert for BHARTIARTL.NS
2026-05-28 05:53:44,015 - WARNING - No data returned for KOTAKBANK.NS
2026-05-28 05:53:44,015 - WARNING - No data to insert for KOTAKBANK.NS
2026-05-28 05:53:44,150 - WARNING - No data returned for LT.NS
2026-05-28 05:53:44,150 - WARNING - No data to insert for LT.NS
2026-05-28 05:53:44,275 - WARNING - No data returned for AXISBANK.NS
2026-05-28 05:53:44,275 - WARNING - No data to insert for AXISBANK.NS
2026-05-28 05:53:44,400 - WARNING - No data returned for BAJFINANCE.NS
2026-05-28 05:53:44,400 - WARNING - No data to insert for BAJFINANCE.NS
2026-05-28 05:53:44,525 - WARNING - No data returned for ASIANPAINT.NS
2026-05-28 05:53:44,525 - WARNING - No data to insert for ASIANPAINT.NS
2026-05-28 05:53:44,680 - WARNING - No data returned for MARUTI.NS
2026-05-28 05:53:44,680 - WARNING - No data to insert for MARUTI.NS
2026-05-28 05:53:44,805 - WARNING - No data returned for SUNPHARMA.NS
2026-05-28 05:53:44,805 - WARNING - No data to insert for SUNPHARMA.NS
2026-05-28 05:53:45,011 - WARNING - No data returned for WIPRO.NS
2026-05-28 05:53:45,011 - WARNING - No data to insert for WIPRO.NS
2026-05-28 05:53:45,126 - WARNING - No data returned for POWERGRID.NS
2026-05-28 05:53:45,126 - WARNING - No data to insert for POWERGRID.NS
2026-05-28 05:53:45,241 - WARNING - No data returned for NTPC.NS
2026-05-28 05:53:45,241 - WARNING - No data to insert for NTPC.NS
2026-05-28 05:53:45,376 - WARNING - No data returned for ONGC.NS
2026-05-28 05:53:45,376 - WARNING - No data to insert for ONGC.NS
2026-05-28 05:53:45,388 - INFO - Cycle complete. README updated.
2026-05-28 23:50:56,752 - INFO - Starting data fetch cycle...
2026-05-28 23:50:57,654 - WARNING - No data returned for RELIANCE.NS
2026-05-28 23:50:57,654 - WARNING - No data to insert for RELIANCE.NS
2026-05-28 23:50:58,000 - WARNING - No data returned for HDFCBANK.NS
2026-05-28 23:50:58,000 - WARNING - No data to insert for HDFCBANK.NS
2026-05-28 23:50:58,397 - WARNING - No data returned for ICICIBANK.NS
2026-05-28 23:50:58,397 - WARNING - No data to insert for ICICIBANK.NS
2026-05-28 23:50:58,673 - WARNING - No data returned for INFY.NS
2026-05-28 23:50:58,673 - WARNING - No data to insert for INFY.NS
2026-05-28 23:50:59,000 - WARNING - No data returned for TCS.NS
2026-05-28 23:50:59,001 - WARNING - No data to insert for TCS.NS
2026-05-28 23:50:59,327 - WARNING - No data returned for ITC.NS
2026-05-28 23:50:59,327 - WARNING - No data to insert for ITC.NS
2026-05-28 23:50:59,654 - WARNING - No data returned for HINDUNILVR.NS
2026-05-28 23:50:59,654 - WARNING - No data to insert for HINDUNILVR.NS
2026-05-28 23:51:00,011 - WARNING - No data returned for SBIN.NS
2026-05-28 23:51:00,011 - WARNING - No data to insert for SBIN.NS
2026-05-28 23:51:00,317 - WARNING - No data returned for BHARTIARTL.NS
2026-05-28 23:51:00,317 - WARNING - No data to insert for BHARTIARTL.NS
2026-05-28 23:51:00,603 - WARNING - No data returned for KOTAKBANK.NS
2026-05-28 23:51:00,603 - WARNING - No data to insert for KOTAKBANK.NS
2026-05-28 23:51:00,889 - WARNING - No data returned for LT.NS
2026-05-28 23:51:00,889 - WARNING - No data to insert for LT.NS
2026-05-28 23:51:01,154 - WARNING - No data returned for AXISBANK.NS
2026-05-28 23:51:01,154 - WARNING - No data to insert for AXISBANK.NS
2026-05-28 23:51:01,562 - WARNING - No data returned for BAJFINANCE.NS
2026-05-28 23:51:01,562 - WARNING - No data to insert for BAJFINANCE.NS
2026-05-28 23:51:01,939 - WARNING - No data returned for ASIANPAINT.NS
2026-05-28 23:51:01,939 - WARNING - No data to insert for ASIANPAINT.NS
2026-05-28 23:51:02,235 - WARNING - No data returned for MARUTI.NS
2026-05-28 23:51:02,235 - WARNING - No data to insert for MARUTI.NS
2026-05-28 23:51:02,602 - WARNING - No data returned for SUNPHARMA.NS
2026-05-28 23:51:02,602 - WARNING - No data to insert for SUNPHARMA.NS
2026-05-28 23:51:02,898 - WARNING - No data returned for WIPRO.NS
2026-05-28 23:51:02,898 - WARNING - No data to insert for WIPRO.NS
2026-05-28 23:51:03,183 - WARNING - No data returned for POWERGRID.NS
2026-05-28 23:51:03,183 - WARNING - No data to insert for POWERGRID.NS
2026-05-28 23:51:03,570 - WARNING - No data returned for NTPC.NS
2026-05-28 23:51:03,570 - WARNING - No data to insert for NTPC.NS
2026-05-28 23:51:03,927 - WARNING - No data returned for ONGC.NS
2026-05-28 23:51:03,927 - WARNING - No data to insert for ONGC.NS
2026-05-28 23:51:03,939 - INFO - Cycle complete. README updated.
2026-05-29 02:31:07,203 - INFO - Starting data fetch cycle...
2026-05-29 02:31:07,512 - WARNING - No data returned for RELIANCE.NS
2026-05-29 02:31:07,512 - WARNING - No data to insert for RELIANCE.NS
2026-05-29 02:31:07,636 - WARNING - No data returned for HDFCBANK.NS
2026-05-29 02:31:07,636 - WARNING - No data to insert for HDFCBANK.NS
2026-05-29 02:31:07,750 - WARNING - No data returned for ICICIBANK.NS
2026-05-29 02:31:07,750 - WARNING - No data to insert for ICICIBANK.NS
2026-05-29 02:31:07,885 - WARNING - No data returned for INFY.NS
2026-05-29 02:31:07,885 - WARNING - No data to insert for INFY.NS
2026-05-29 02:31:08,070 - WARNING - No data returned for TCS.NS
2026-05-29 02:31:08,070 - WARNING - No data to insert for TCS.NS
2026-05-29 02:31:08,205 - WARNING - No data returned for ITC.NS
2026-05-29 02:31:08,205 - WARNING - No data to insert for ITC.NS
2026-05-29 02:31:08,329 - WARNING - No data returned for HINDUNILVR.NS
2026-05-29 02:31:08,329 - WARNING - No data to insert for HINDUNILVR.NS
2026-05-29 02:31:08,474 - WARNING - No data returned for SBIN.NS
2026-05-29 02:31:08,474 - WARNING - No data to insert for SBIN.NS
2026-05-29 02:31:08,588 - WARNING - No data returned for BHARTIARTL.NS
2026-05-29 02:31:08,589 - WARNING - No data to insert for BHARTIARTL.NS
2026-05-29 02:31:08,723 - WARNING - No data returned for KOTAKBANK.NS
2026-05-29 02:31:08,723 - WARNING - No data to insert for KOTAKBANK.NS
2026-05-29 02:31:08,848 - WARNING - No data returned for LT.NS
2026-05-29 02:31:08,848 - WARNING - No data to insert for LT.NS
2026-05-29 02:31:08,974 - WARNING - No data returned for AXISBANK.NS
2026-05-29 02:31:08,974 - WARNING - No data to insert for AXISBANK.NS
2026-05-29 02:31:09,088 - WARNING - No data returned for BAJFINANCE.NS
2026-05-29 02:31:09,088 - WARNING - No data to insert for BAJFINANCE.NS
2026-05-29 02:31:09,233 - WARNING - No data returned for ASIANPAINT.NS
2026-05-29 02:31:09,233 - WARNING - No data to insert for ASIANPAINT.NS
2026-05-29 02:31:09,347 - WARNING - No data returned for MARUTI.NS
2026-05-29 02:31:09,347 - WARNING - No data to insert for MARUTI.NS
2026-05-29 02:31:09,493 - WARNING - No data returned for SUNPHARMA.NS
2026-05-29 02:31:09,493 - WARNING - No data to insert for SUNPHARMA.NS
2026-05-29 02:31:09,658 - WARNING - No data returned for WIPRO.NS
2026-05-29 02:31:09,658 - WARNING - No data to insert for WIPRO.NS
2026-05-29 02:31:09,762 - WARNING - No data returned for POWERGRID.NS
2026-05-29 02:31:09,762 - WARNING - No data to insert for POWERGRID.NS
2026-05-29 02:31:09,938 - WARNING - No data returned for NTPC.NS
2026-05-29 02:31:09,938 - WARNING - No data to insert for NTPC.NS
2026-05-29 02:31:10,072 - WARNING - No data returned for ONGC.NS
2026-05-29 02:31:10,072 - WARNING - No data to insert for ONGC.NS
2026-05-29 02:31:10,084 - INFO - Cycle complete. README updated.
2026-05-29 06:40:42,595 - INFO - Starting data fetch cycle...
2026-05-29 06:40:43,225 - INFO - [RELIANCE_NS] Inserted 176 rows (duplicates ignored)
2026-05-29 06:40:43,225 - INFO - Inserted 176 rows for RELIANCE.NS
2026-05-29 06:40:43,454 - INFO - [HDFCBANK_NS] Inserted 176 rows (duplicates ignored)
2026-05-29 06:40:43,455 - INFO - Inserted 176 rows for HDFCBANK.NS
2026-05-29 06:40:43,681 - INFO - [ICICIBANK_NS] Inserted 176 rows (duplicates ignored)
2026-05-29 06:40:43,681 - INFO - Inserted 176 rows for ICICIBANK.NS
2026-05-29 06:40:43,911 - INFO - [INFY_NS] Inserted 176 rows (duplicates ignored)
2026-05-29 06:40:43,911 - INFO - Inserted 176 rows for INFY.NS
2026-05-29 06:40:44,132 - INFO - [TCS_NS] Inserted 176 rows (duplicates ignored)
2026-05-29 06:40:44,132 - INFO - Inserted 176 rows for TCS.NS
2026-05-29 06:40:44,359 - INFO - [ITC_NS] Inserted 176 rows (duplicates ignored)
2026-05-29 06:40:44,359 - INFO - Inserted 176 rows for ITC.NS
2026-05-29 06:40:44,595 - INFO - [HINDUNILVR_NS] Inserted 176 rows (duplicates ignored)
2026-05-29 06:40:44,595 - INFO - Inserted 176 rows for HINDUNILVR.NS
2026-05-29 06:40:44,825 - INFO - [SBIN_NS] Inserted 176 rows (duplicates ignored)
2026-05-29 06:40:44,825 - INFO - Inserted 176 rows for SBIN.NS
2026-05-29 06:40:45,045 - INFO - [BHARTIARTL_NS] Inserted 176 rows (duplicates ignored)
2026-05-29 06:40:45,045 - INFO - Inserted 176 rows for BHARTIARTL.NS
2026-05-29 06:40:45,267 - INFO - [KOTAKBANK_NS] Inserted 176 rows (duplicates ignored)
2026-05-29 06:40:45,268 - INFO - Inserted 176 rows for KOTAKBANK.NS
2026-05-29 06:40:45,551 - INFO - [LT_NS] Inserted 176 rows (duplicates ignored)
2026-05-29 06:40:45,551 - INFO - Inserted 176 rows for LT.NS
2026-05-29 06:40:45,771 - INFO - [AXISBANK_NS] Inserted 176 rows (duplicates ignored)
2026-05-29 06:40:45,771 - INFO - Inserted 176 rows for AXISBANK.NS
2026-05-29 06:40:45,997 - INFO - [BAJFINANCE_NS] Inserted 176 rows (duplicates ignored)
2026-05-29 06:40:45,997 - INFO - Inserted 176 rows for BAJFINANCE.NS
2026-05-29 06:40:46,230 - INFO - [ASIANPAINT_NS] Inserted 176 rows (duplicates ignored)
2026-05-29 06:40:46,230 - INFO - Inserted 176 rows for ASIANPAINT.NS
2026-05-29 06:40:46,453 - INFO - [MARUTI_NS] Inserted 176 rows (duplicates ignored)
2026-05-29 06:40:46,453 - INFO - Inserted 176 rows for MARUTI.NS
2026-05-29 06:40:46,685 - INFO - [SUNPHARMA_NS] Inserted 176 rows (duplicates ignored)
2026-05-29 06:40:46,685 - INFO - Inserted 176 rows for SUNPHARMA.NS
2026-05-29 06:40:46,922 - INFO - [WIPRO_NS] Inserted 176 rows (duplicates ignored)
2026-05-29 06:40:46,922 - INFO - Inserted 176 rows for WIPRO.NS
2026-05-29 06:40:47,131 - INFO - [POWERGRID_NS] Inserted 176 rows (duplicates ignored)
2026-05-29 06:40:47,131 - INFO - Inserted 176 rows for POWERGRID.NS
2026-05-29 06:40:47,353 - INFO - [NTPC_NS] Inserted 176 rows (duplicates ignored)
2026-05-29 06:40:47,353 - INFO - Inserted 176 rows for NTPC.NS
2026-05-29 06:40:47,587 - INFO - [ONGC_NS] Inserted 176 rows (duplicates ignored)
2026-05-29 06:40:47,588 - INFO - Inserted 176 rows for ONGC.NS
2026-05-29 06:40:47,601 - INFO - Cycle complete. README updated.
2026-05-31 23:39:18,059 - INFO - Starting data fetch cycle...
2026-05-31 23:39:18,236 - WARNING - No data returned for RELIANCE.NS
2026-05-31 23:39:18,236 - WARNING - No data to insert for RELIANCE.NS
2026-05-31 23:39:18,457 - INFO - [HDFCBANK_NS] Inserted 375 rows (duplicates ignored)
2026-05-31 23:39:18,457 - INFO - Inserted 375 rows for HDFCBANK.NS
2026-05-31 23:39:18,601 - INFO - [ICICIBANK_NS] Inserted 375 rows (duplicates ignored)
2026-05-31 23:39:18,601 - INFO - Inserted 375 rows for ICICIBANK.NS
2026-05-31 23:39:18,766 - INFO - [INFY_NS] Inserted 375 rows (duplicates ignored)
2026-05-31 23:39:18,766 - INFO - Inserted 375 rows for INFY.NS
2026-05-31 23:39:18,913 - INFO - [TCS_NS] Inserted 375 rows (duplicates ignored)
2026-05-31 23:39:18,913 - INFO - Inserted 375 rows for TCS.NS
2026-05-31 23:39:19,092 - INFO - [ITC_NS] Inserted 375 rows (duplicates ignored)
2026-05-31 23:39:19,092 - INFO - Inserted 375 rows for ITC.NS
2026-05-31 23:39:19,248 - INFO - [HINDUNILVR_NS] Inserted 375 rows (duplicates ignored)
2026-05-31 23:39:19,248 - INFO - Inserted 375 rows for HINDUNILVR.NS
2026-05-31 23:39:19,434 - INFO - [SBIN_NS] Inserted 375 rows (duplicates ignored)
2026-05-31 23:39:19,435 - INFO - Inserted 375 rows for SBIN.NS
2026-05-31 23:39:19,593 - INFO - [BHARTIARTL_NS] Inserted 375 rows (duplicates ignored)
2026-05-31 23:39:19,593 - INFO - Inserted 375 rows for BHARTIARTL.NS
2026-05-31 23:39:19,768 - INFO - [KOTAKBANK_NS] Inserted 375 rows (duplicates ignored)
2026-05-31 23:39:19,768 - INFO - Inserted 375 rows for KOTAKBANK.NS
2026-05-31 23:39:19,928 - INFO - [LT_NS] Inserted 375 rows (duplicates ignored)
2026-05-31 23:39:19,928 - INFO - Inserted 375 rows for LT.NS
2026-05-31 23:39:20,086 - INFO - [AXISBANK_NS] Inserted 375 rows (duplicates ignored)
2026-05-31 23:39:20,086 - INFO - Inserted 375 rows for AXISBANK.NS
2026-05-31 23:39:20,236 - INFO - [BAJFINANCE_NS] Inserted 375 rows (duplicates ignored)
2026-05-31 23:39:20,237 - INFO - Inserted 375 rows for BAJFINANCE.NS
2026-05-31 23:39:20,396 - INFO - [ASIANPAINT_NS] Inserted 375 rows (duplicates ignored)
2026-05-31 23:39:20,396 - INFO - Inserted 375 rows for ASIANPAINT.NS
2026-05-31 23:39:20,542 - INFO - [MARUTI_NS] Inserted 375 rows (duplicates ignored)
2026-05-31 23:39:20,542 - INFO - Inserted 375 rows for MARUTI.NS
2026-05-31 23:39:20,702 - INFO - [SUNPHARMA_NS] Inserted 375 rows (duplicates ignored)
2026-05-31 23:39:20,702 - INFO - Inserted 375 rows for SUNPHARMA.NS
2026-05-31 23:39:20,884 - INFO - [WIPRO_NS] Inserted 375 rows (duplicates ignored)
2026-05-31 23:39:20,884 - INFO - Inserted 375 rows for WIPRO.NS
2026-05-31 23:39:21,031 - INFO - [POWERGRID_NS] Inserted 375 rows (duplicates ignored)
2026-05-31 23:39:21,031 - INFO - Inserted 375 rows for POWERGRID.NS
2026-05-31 23:39:21,185 - INFO - [NTPC_NS] Inserted 375 rows (duplicates ignored)
2026-05-31 23:39:21,185 - INFO - Inserted 375 rows for NTPC.NS
2026-05-31 23:39:21,361 - INFO - [ONGC_NS] Inserted 375 rows (duplicates ignored)
2026-05-31 23:39:21,361 - INFO - Inserted 375 rows for ONGC.NS
2026-05-31 23:39:21,372 - INFO - Cycle complete. README updated.
2026-06-01 02:01:58,505 - INFO - Starting data fetch cycle...
2026-06-01 02:01:59,230 - INFO - [RELIANCE_NS] Inserted 375 rows (duplicates ignored)
2026-06-01 02:01:59,231 - INFO - Inserted 375 rows for RELIANCE.NS
2026-06-01 02:01:59,579 - INFO - [HDFCBANK_NS] Inserted 375 rows (duplicates ignored)
2026-06-01 02:01:59,579 - INFO - Inserted 375 rows for HDFCBANK.NS
2026-06-01 02:01:59,978 - INFO - [ICICIBANK_NS] Inserted 375 rows (duplicates ignored)
2026-06-01 02:01:59,978 - INFO - Inserted 375 rows for ICICIBANK.NS
2026-06-01 02:02:00,367 - INFO - [INFY_NS] Inserted 375 rows (duplicates ignored)
2026-06-01 02:02:00,367 - INFO - Inserted 375 rows for INFY.NS
2026-06-01 02:02:00,744 - INFO - [TCS_NS] Inserted 375 rows (duplicates ignored)
2026-06-01 02:02:00,744 - INFO - Inserted 375 rows for TCS.NS
2026-06-01 02:02:01,125 - INFO - [ITC_NS] Inserted 375 rows (duplicates ignored)
2026-06-01 02:02:01,125 - INFO - Inserted 375 rows for ITC.NS
2026-06-01 02:02:01,483 - INFO - [HINDUNILVR_NS] Inserted 375 rows (duplicates ignored)
2026-06-01 02:02:01,483 - INFO - Inserted 375 rows for HINDUNILVR.NS
2026-06-01 02:02:01,811 - INFO - [SBIN_NS] Inserted 375 rows (duplicates ignored)
2026-06-01 02:02:01,811 - INFO - Inserted 375 rows for SBIN.NS
2026-06-01 02:02:02,080 - INFO - [BHARTIARTL_NS] Inserted 375 rows (duplicates ignored)
2026-06-01 02:02:02,081 - INFO - Inserted 375 rows for BHARTIARTL.NS
2026-06-01 02:02:02,462 - INFO - [KOTAKBANK_NS] Inserted 375 rows (duplicates ignored)
2026-06-01 02:02:02,463 - INFO - Inserted 375 rows for KOTAKBANK.NS
2026-06-01 02:02:02,829 - INFO - [LT_NS] Inserted 375 rows (duplicates ignored)
2026-06-01 02:02:02,829 - INFO - Inserted 375 rows for LT.NS
2026-06-01 02:02:03,163 - INFO - [AXISBANK_NS] Inserted 375 rows (duplicates ignored)
2026-06-01 02:02:03,164 - INFO - Inserted 375 rows for AXISBANK.NS
2026-06-01 02:02:03,561 - INFO - [BAJFINANCE_NS] Inserted 375 rows (duplicates ignored)
2026-06-01 02:02:03,561 - INFO - Inserted 375 rows for BAJFINANCE.NS
2026-06-01 02:02:03,888 - INFO - [ASIANPAINT_NS] Inserted 375 rows (duplicates ignored)
2026-06-01 02:02:03,888 - INFO - Inserted 375 rows for ASIANPAINT.NS
2026-06-01 02:02:04,259 - INFO - [MARUTI_NS] Inserted 375 rows (duplicates ignored)
2026-06-01 02:02:04,260 - INFO - Inserted 375 rows for MARUTI.NS
2026-06-01 02:02:04,589 - INFO - [SUNPHARMA_NS] Inserted 375 rows (duplicates ignored)
2026-06-01 02:02:04,590 - INFO - Inserted 375 rows for SUNPHARMA.NS
2026-06-01 02:02:04,946 - INFO - [WIPRO_NS] Inserted 375 rows (duplicates ignored)
2026-06-01 02:02:04,946 - INFO - Inserted 375 rows for WIPRO.NS
2026-06-01 02:02:05,285 - INFO - [POWERGRID_NS] Inserted 375 rows (duplicates ignored)
2026-06-01 02:02:05,285 - INFO - Inserted 375 rows for POWERGRID.NS
2026-06-01 02:02:05,582 - INFO - [NTPC_NS] Inserted 375 rows (duplicates ignored)
2026-06-01 02:02:05,582 - INFO - Inserted 375 rows for NTPC.NS
2026-06-01 02:02:05,907 - INFO - [ONGC_NS] Inserted 375 rows (duplicates ignored)
2026-06-01 02:02:05,907 - INFO - Inserted 375 rows for ONGC.NS
2026-06-01 02:02:05,921 - INFO - Cycle complete. README updated.
2026-06-01 07:18:42,887 - INFO - Starting data fetch cycle...
2026-06-01 07:18:43,579 - INFO - [RELIANCE_NS] Inserted 214 rows (duplicates ignored)
2026-06-01 07:18:43,579 - INFO - Inserted 214 rows for RELIANCE.NS
2026-06-01 07:18:43,858 - INFO - [HDFCBANK_NS] Inserted 214 rows (duplicates ignored)
2026-06-01 07:18:43,858 - INFO - Inserted 214 rows for HDFCBANK.NS
2026-06-01 07:18:44,144 - INFO - [ICICIBANK_NS] Inserted 214 rows (duplicates ignored)
2026-06-01 07:18:44,145 - INFO - Inserted 214 rows for ICICIBANK.NS
2026-06-01 07:18:44,405 - INFO - [INFY_NS] Inserted 214 rows (duplicates ignored)
2026-06-01 07:18:44,405 - INFO - Inserted 214 rows for INFY.NS
2026-06-01 07:18:44,758 - INFO - [TCS_NS] Inserted 214 rows (duplicates ignored)
2026-06-01 07:18:44,759 - INFO - Inserted 214 rows for TCS.NS
2026-06-01 07:18:44,988 - INFO - [ITC_NS] Inserted 214 rows (duplicates ignored)
2026-06-01 07:18:44,988 - INFO - Inserted 214 rows for ITC.NS
2026-06-01 07:18:45,329 - INFO - [HINDUNILVR_NS] Inserted 214 rows (duplicates ignored)
2026-06-01 07:18:45,329 - INFO - Inserted 214 rows for HINDUNILVR.NS
2026-06-01 07:18:45,654 - INFO - [SBIN_NS] Inserted 214 rows (duplicates ignored)
2026-06-01 07:18:45,654 - INFO - Inserted 214 rows for SBIN.NS
2026-06-01 07:18:45,834 - INFO - [BHARTIARTL_NS] Inserted 214 rows (duplicates ignored)
2026-06-01 07:18:45,834 - INFO - Inserted 214 rows for BHARTIARTL.NS
2026-06-01 07:18:46,176 - INFO - [KOTAKBANK_NS] Inserted 214 rows (duplicates ignored)
2026-06-01 07:18:46,176 - INFO - Inserted 214 rows for KOTAKBANK.NS
2026-06-01 07:18:46,396 - INFO - [LT_NS] Inserted 214 rows (duplicates ignored)
2026-06-01 07:18:46,396 - INFO - Inserted 214 rows for LT.NS
2026-06-01 07:18:46,709 - INFO - [AXISBANK_NS] Inserted 214 rows (duplicates ignored)
2026-06-01 07:18:46,710 - INFO - Inserted 214 rows for AXISBANK.NS
2026-06-01 07:18:47,083 - INFO - [BAJFINANCE_NS] Inserted 214 rows (duplicates ignored)
2026-06-01 07:18:47,083 - INFO - Inserted 214 rows for BAJFINANCE.NS
2026-06-01 07:18:47,354 - INFO - [ASIANPAINT_NS] Inserted 214 rows (duplicates ignored)
2026-06-01 07:18:47,354 - INFO - Inserted 214 rows for ASIANPAINT.NS
2026-06-01 07:18:47,582 - INFO - [MARUTI_NS] Inserted 214 rows (duplicates ignored)
2026-06-01 07:18:47,582 - INFO - Inserted 214 rows for MARUTI.NS
2026-06-01 07:18:47,921 - INFO - [SUNPHARMA_NS] Inserted 214 rows (duplicates ignored)
2026-06-01 07:18:47,921 - INFO - Inserted 214 rows for SUNPHARMA.NS
2026-06-01 07:18:48,169 - INFO - [WIPRO_NS] Inserted 214 rows (duplicates ignored)
2026-06-01 07:18:48,169 - INFO - Inserted 214 rows for WIPRO.NS
2026-06-01 07:18:48,561 - INFO - [POWERGRID_NS] Inserted 214 rows (duplicates ignored)
2026-06-01 07:18:48,561 - INFO - Inserted 214 rows for POWERGRID.NS
2026-06-01 07:18:48,740 - INFO - [NTPC_NS] Inserted 214 rows (duplicates ignored)
2026-06-01 07:18:48,740 - INFO - Inserted 214 rows for NTPC.NS
2026-06-01 07:18:49,111 - INFO - [ONGC_NS] Inserted 214 rows (duplicates ignored)
2026-06-01 07:18:49,111 - INFO - Inserted 214 rows for ONGC.NS
2026-06-01 07:18:49,126 - INFO - Cycle complete. README updated.
2026-06-01 23:51:43,974 - INFO - Starting data fetch cycle...
2026-06-01 23:51:44,341 - INFO - [RELIANCE_NS] Inserted 375 rows (duplicates ignored)
2026-06-01 23:51:44,341 - INFO - Inserted 375 rows for RELIANCE.NS
2026-06-01 23:51:44,531 - INFO - [HDFCBANK_NS] Inserted 375 rows (duplicates ignored)
2026-06-01 23:51:44,531 - INFO - Inserted 375 rows for HDFCBANK.NS
2026-06-01 23:51:44,665 - INFO - [ICICIBANK_NS] Inserted 375 rows (duplicates ignored)
2026-06-01 23:51:44,666 - INFO - Inserted 375 rows for ICICIBANK.NS
2026-06-01 23:51:44,874 - INFO - [INFY_NS] Inserted 375 rows (duplicates ignored)
2026-06-01 23:51:44,874 - INFO - Inserted 375 rows for INFY.NS
2026-06-01 23:51:45,040 - INFO - [TCS_NS] Inserted 375 rows (duplicates ignored)
2026-06-01 23:51:45,040 - INFO - Inserted 375 rows for TCS.NS
2026-06-01 23:51:45,185 - INFO - [ITC_NS] Inserted 375 rows (duplicates ignored)
2026-06-01 23:51:45,185 - INFO - Inserted 375 rows for ITC.NS
2026-06-01 23:51:45,340 - INFO - [HINDUNILVR_NS] Inserted 375 rows (duplicates ignored)
2026-06-01 23:51:45,340 - INFO - Inserted 375 rows for HINDUNILVR.NS
2026-06-01 23:51:45,497 - INFO - [SBIN_NS] Inserted 375 rows (duplicates ignored)
2026-06-01 23:51:45,498 - INFO - Inserted 375 rows for SBIN.NS
2026-06-01 23:51:45,635 - INFO - [BHARTIARTL_NS] Inserted 375 rows (duplicates ignored)
2026-06-01 23:51:45,635 - INFO - Inserted 375 rows for BHARTIARTL.NS
2026-06-01 23:51:45,812 - INFO - [KOTAKBANK_NS] Inserted 375 rows (duplicates ignored)
2026-06-01 23:51:45,813 - INFO - Inserted 375 rows for KOTAKBANK.NS
2026-06-01 23:51:45,978 - INFO - [LT_NS] Inserted 375 rows (duplicates ignored)
2026-06-01 23:51:45,978 - INFO - Inserted 375 rows for LT.NS
2026-06-01 23:51:46,116 - INFO - [AXISBANK_NS] Inserted 375 rows (duplicates ignored)
2026-06-01 23:51:46,116 - INFO - Inserted 375 rows for AXISBANK.NS
2026-06-01 23:51:46,265 - INFO - [BAJFINANCE_NS] Inserted 375 rows (duplicates ignored)
2026-06-01 23:51:46,265 - INFO - Inserted 375 rows for BAJFINANCE.NS
2026-06-01 23:51:46,412 - INFO - [ASIANPAINT_NS] Inserted 375 rows (duplicates ignored)
2026-06-01 23:51:46,412 - INFO - Inserted 375 rows for ASIANPAINT.NS
2026-06-01 23:51:46,557 - INFO - [MARUTI_NS] Inserted 375 rows (duplicates ignored)
2026-06-01 23:51:46,557 - INFO - Inserted 375 rows for MARUTI.NS
2026-06-01 23:51:46,743 - INFO - [SUNPHARMA_NS] Inserted 375 rows (duplicates ignored)
2026-06-01 23:51:46,743 - INFO - Inserted 375 rows for SUNPHARMA.NS
2026-06-01 23:51:46,893 - INFO - [WIPRO_NS] Inserted 375 rows (duplicates ignored)
2026-06-01 23:51:46,893 - INFO - Inserted 375 rows for WIPRO.NS
2026-06-01 23:51:47,022 - INFO - [POWERGRID_NS] Inserted 375 rows (duplicates ignored)
2026-06-01 23:51:47,022 - INFO - Inserted 375 rows for POWERGRID.NS
2026-06-01 23:51:47,157 - INFO - [NTPC_NS] Inserted 375 rows (duplicates ignored)
2026-06-01 23:51:47,157 - INFO - Inserted 375 rows for NTPC.NS
2026-06-01 23:51:47,304 - INFO - [ONGC_NS] Inserted 375 rows (duplicates ignored)
2026-06-01 23:51:47,304 - INFO - Inserted 375 rows for ONGC.NS
2026-06-01 23:51:47,317 - INFO - Cycle complete. README updated.
2026-06-02 02:58:27,813 - INFO - Starting data fetch cycle...
2026-06-02 02:58:28,174 - INFO - [RELIANCE_NS] Inserted 375 rows (duplicates ignored)
2026-06-02 02:58:28,174 - INFO - Inserted 375 rows for RELIANCE.NS
2026-06-02 02:58:28,361 - INFO - [HDFCBANK_NS] Inserted 375 rows (duplicates ignored)
2026-06-02 02:58:28,361 - INFO - Inserted 375 rows for HDFCBANK.NS
2026-06-02 02:58:28,521 - INFO - [ICICIBANK_NS] Inserted 375 rows (duplicates ignored)
2026-06-02 02:58:28,521 - INFO - Inserted 375 rows for ICICIBANK.NS
2026-06-02 02:58:28,679 - INFO - [INFY_NS] Inserted 375 rows (duplicates ignored)
2026-06-02 02:58:28,679 - INFO - Inserted 375 rows for INFY.NS
2026-06-02 02:58:28,816 - INFO - [TCS_NS] Inserted 375 rows (duplicates ignored)
2026-06-02 02:58:28,817 - INFO - Inserted 375 rows for TCS.NS
2026-06-02 02:58:28,973 - INFO - [ITC_NS] Inserted 375 rows (duplicates ignored)
2026-06-02 02:58:28,973 - INFO - Inserted 375 rows for ITC.NS
2026-06-02 02:58:29,132 - INFO - [HINDUNILVR_NS] Inserted 375 rows (duplicates ignored)
2026-06-02 02:58:29,133 - INFO - Inserted 375 rows for HINDUNILVR.NS
2026-06-02 02:58:29,322 - INFO - [SBIN_NS] Inserted 375 rows (duplicates ignored)
2026-06-02 02:58:29,322 - INFO - Inserted 375 rows for SBIN.NS
2026-06-02 02:58:29,460 - INFO - [BHARTIARTL_NS] Inserted 375 rows (duplicates ignored)
2026-06-02 02:58:29,460 - INFO - Inserted 375 rows for BHARTIARTL.NS
2026-06-02 02:58:29,612 - INFO - [KOTAKBANK_NS] Inserted 375 rows (duplicates ignored)
2026-06-02 02:58:29,612 - INFO - Inserted 375 rows for KOTAKBANK.NS
2026-06-02 02:58:29,761 - INFO - [LT_NS] Inserted 375 rows (duplicates ignored)
2026-06-02 02:58:29,761 - INFO - Inserted 375 rows for LT.NS
2026-06-02 02:58:29,903 - INFO - [AXISBANK_NS] Inserted 375 rows (duplicates ignored)
2026-06-02 02:58:29,903 - INFO - Inserted 375 rows for AXISBANK.NS
2026-06-02 02:58:30,040 - INFO - [BAJFINANCE_NS] Inserted 375 rows (duplicates ignored)
2026-06-02 02:58:30,040 - INFO - Inserted 375 rows for BAJFINANCE.NS
2026-06-02 02:58:30,191 - INFO - [ASIANPAINT_NS] Inserted 375 rows (duplicates ignored)
2026-06-02 02:58:30,191 - INFO - Inserted 375 rows for ASIANPAINT.NS
2026-06-02 02:58:30,338 - INFO - [MARUTI_NS] Inserted 375 rows (duplicates ignored)
2026-06-02 02:58:30,338 - INFO - Inserted 375 rows for MARUTI.NS
2026-06-02 02:58:30,534 - INFO - [SUNPHARMA_NS] Inserted 375 rows (duplicates ignored)
2026-06-02 02:58:30,534 - INFO - Inserted 375 rows for SUNPHARMA.NS
2026-06-02 02:58:30,694 - INFO - [WIPRO_NS] Inserted 375 rows (duplicates ignored)
2026-06-02 02:58:30,694 - INFO - Inserted 375 rows for WIPRO.NS
2026-06-02 02:58:30,830 - INFO - [POWERGRID_NS] Inserted 375 rows (duplicates ignored)
2026-06-02 02:58:30,831 - INFO - Inserted 375 rows for POWERGRID.NS
2026-06-02 02:58:30,973 - INFO - [NTPC_NS] Inserted 375 rows (duplicates ignored)
2026-06-02 02:58:30,973 - INFO - Inserted 375 rows for NTPC.NS
2026-06-02 02:58:31,131 - INFO - [ONGC_NS] Inserted 375 rows (duplicates ignored)
2026-06-02 02:58:31,131 - INFO - Inserted 375 rows for ONGC.NS
2026-06-02 02:58:31,145 - INFO - Cycle complete. README updated.
2026-06-02 08:03:12,070 - INFO - Starting data fetch cycle...
2026-06-02 08:03:12,806 - INFO - [RELIANCE_NS] Inserted 259 rows (duplicates ignored)
2026-06-02 08:03:12,806 - INFO - Inserted 259 rows for RELIANCE.NS
2026-06-02 08:03:13,158 - INFO - [HDFCBANK_NS] Inserted 259 rows (duplicates ignored)
2026-06-02 08:03:13,158 - INFO - Inserted 259 rows for HDFCBANK.NS
2026-06-02 08:03:13,458 - INFO - [ICICIBANK_NS] Inserted 259 rows (duplicates ignored)
2026-06-02 08:03:13,458 - INFO - Inserted 259 rows for ICICIBANK.NS
2026-06-02 08:03:13,789 - INFO - [INFY_NS] Inserted 259 rows (duplicates ignored)
2026-06-02 08:03:13,789 - INFO - Inserted 259 rows for INFY.NS
2026-06-02 08:03:14,148 - INFO - [TCS_NS] Inserted 259 rows (duplicates ignored)
2026-06-02 08:03:14,149 - INFO - Inserted 259 rows for TCS.NS
2026-06-02 08:03:14,518 - INFO - [ITC_NS] Inserted 259 rows (duplicates ignored)
2026-06-02 08:03:14,518 - INFO - Inserted 259 rows for ITC.NS
2026-06-02 08:03:14,858 - INFO - [HINDUNILVR_NS] Inserted 259 rows (duplicates ignored)
2026-06-02 08:03:14,858 - INFO - Inserted 259 rows for HINDUNILVR.NS
2026-06-02 08:03:15,251 - INFO - [SBIN_NS] Inserted 259 rows (duplicates ignored)
2026-06-02 08:03:15,251 - INFO - Inserted 259 rows for SBIN.NS
2026-06-02 08:03:15,559 - INFO - [BHARTIARTL_NS] Inserted 259 rows (duplicates ignored)
2026-06-02 08:03:15,559 - INFO - Inserted 259 rows for BHARTIARTL.NS
2026-06-02 08:03:15,899 - INFO - [KOTAKBANK_NS] Inserted 259 rows (duplicates ignored)
2026-06-02 08:03:15,899 - INFO - Inserted 259 rows for KOTAKBANK.NS
2026-06-02 08:03:16,230 - INFO - [LT_NS] Inserted 259 rows (duplicates ignored)
2026-06-02 08:03:16,230 - INFO - Inserted 259 rows for LT.NS
2026-06-02 08:03:16,558 - INFO - [AXISBANK_NS] Inserted 259 rows (duplicates ignored)
2026-06-02 08:03:16,558 - INFO - Inserted 259 rows for AXISBANK.NS
2026-06-02 08:03:16,886 - INFO - [BAJFINANCE_NS] Inserted 259 rows (duplicates ignored)
2026-06-02 08:03:16,886 - INFO - Inserted 259 rows for BAJFINANCE.NS
2026-06-02 08:03:17,216 - INFO - [ASIANPAINT_NS] Inserted 259 rows (duplicates ignored)
2026-06-02 08:03:17,216 - INFO - Inserted 259 rows for ASIANPAINT.NS
2026-06-02 08:03:17,544 - INFO - [MARUTI_NS] Inserted 259 rows (duplicates ignored)
2026-06-02 08:03:17,544 - INFO - Inserted 259 rows for MARUTI.NS
2026-06-02 08:03:17,932 - INFO - [SUNPHARMA_NS] Inserted 259 rows (duplicates ignored)
2026-06-02 08:03:17,932 - INFO - Inserted 259 rows for SUNPHARMA.NS
2026-06-02 08:03:18,221 - INFO - [WIPRO_NS] Inserted 259 rows (duplicates ignored)
2026-06-02 08:03:18,221 - INFO - Inserted 259 rows for WIPRO.NS
2026-06-02 08:03:18,553 - INFO - [POWERGRID_NS] Inserted 259 rows (duplicates ignored)
2026-06-02 08:03:18,553 - INFO - Inserted 259 rows for POWERGRID.NS
2026-06-02 08:03:18,872 - INFO - [NTPC_NS] Inserted 259 rows (duplicates ignored)
2026-06-02 08:03:18,873 - INFO - Inserted 259 rows for NTPC.NS
2026-06-02 08:03:19,235 - INFO - [ONGC_NS] Inserted 259 rows (duplicates ignored)
2026-06-02 08:03:19,236 - INFO - Inserted 259 rows for ONGC.NS
2026-06-02 08:03:19,247 - INFO - Cycle complete. README updated.
2026-06-03 00:12:18,467 - INFO - Starting data fetch cycle...
2026-06-03 00:12:19,116 - INFO - [RELIANCE_NS] Inserted 375 rows (duplicates ignored)
2026-06-03 00:12:19,116 - INFO - Inserted 375 rows for RELIANCE.NS
2026-06-03 00:12:19,538 - INFO - [HDFCBANK_NS] Inserted 375 rows (duplicates ignored)
2026-06-03 00:12:19,538 - INFO - Inserted 375 rows for HDFCBANK.NS
2026-06-03 00:12:19,951 - INFO - [ICICIBANK_NS] Inserted 375 rows (duplicates ignored)
2026-06-03 00:12:19,951 - INFO - Inserted 375 rows for ICICIBANK.NS
2026-06-03 00:12:20,418 - INFO - [INFY_NS] Inserted 375 rows (duplicates ignored)
2026-06-03 00:12:20,418 - INFO - Inserted 375 rows for INFY.NS
2026-06-03 00:12:20,863 - INFO - [TCS_NS] Inserted 375 rows (duplicates ignored)
2026-06-03 00:12:20,863 - INFO - Inserted 375 rows for TCS.NS
2026-06-03 00:12:21,387 - INFO - [ITC_NS] Inserted 375 rows (duplicates ignored)
2026-06-03 00:12:21,387 - INFO - Inserted 375 rows for ITC.NS
2026-06-03 00:12:21,686 - INFO - [HINDUNILVR_NS] Inserted 375 rows (duplicates ignored)
2026-06-03 00:12:21,686 - INFO - Inserted 375 rows for HINDUNILVR.NS
2026-06-03 00:12:22,040 - INFO - [SBIN_NS] Inserted 375 rows (duplicates ignored)
2026-06-03 00:12:22,040 - INFO - Inserted 375 rows for SBIN.NS
2026-06-03 00:12:22,591 - INFO - [BHARTIARTL_NS] Inserted 375 rows (duplicates ignored)
2026-06-03 00:12:22,591 - INFO - Inserted 375 rows for BHARTIARTL.NS
2026-06-03 00:12:22,943 - INFO - [KOTAKBANK_NS] Inserted 375 rows (duplicates ignored)
2026-06-03 00:12:22,943 - INFO - Inserted 375 rows for KOTAKBANK.NS
2026-06-03 00:12:23,292 - INFO - [LT_NS] Inserted 375 rows (duplicates ignored)
2026-06-03 00:12:23,292 - INFO - Inserted 375 rows for LT.NS
2026-06-03 00:12:23,661 - INFO - [AXISBANK_NS] Inserted 375 rows (duplicates ignored)
2026-06-03 00:12:23,661 - INFO - Inserted 375 rows for AXISBANK.NS
2026-06-03 00:12:23,974 - INFO - [BAJFINANCE_NS] Inserted 375 rows (duplicates ignored)
2026-06-03 00:12:23,974 - INFO - Inserted 375 rows for BAJFINANCE.NS
2026-06-03 00:12:24,308 - INFO - [ASIANPAINT_NS] Inserted 375 rows (duplicates ignored)
2026-06-03 00:12:24,308 - INFO - Inserted 375 rows for ASIANPAINT.NS
2026-06-03 00:12:24,679 - INFO - [MARUTI_NS] Inserted 375 rows (duplicates ignored)
2026-06-03 00:12:24,679 - INFO - Inserted 375 rows for MARUTI.NS
2026-06-03 00:12:25,019 - INFO - [SUNPHARMA_NS] Inserted 375 rows (duplicates ignored)
2026-06-03 00:12:25,019 - INFO - Inserted 375 rows for SUNPHARMA.NS
2026-06-03 00:12:25,352 - INFO - [WIPRO_NS] Inserted 375 rows (duplicates ignored)
2026-06-03 00:12:25,352 - INFO - Inserted 375 rows for WIPRO.NS
2026-06-03 00:12:25,628 - INFO - [POWERGRID_NS] Inserted 375 rows (duplicates ignored)
2026-06-03 00:12:25,628 - INFO - Inserted 375 rows for POWERGRID.NS
2026-06-03 00:12:26,008 - INFO - [NTPC_NS] Inserted 375 rows (duplicates ignored)
2026-06-03 00:12:26,008 - INFO - Inserted 375 rows for NTPC.NS
2026-06-03 00:12:26,382 - INFO - [ONGC_NS] Inserted 375 rows (duplicates ignored)
2026-06-03 00:12:26,382 - INFO - Inserted 375 rows for ONGC.NS
2026-06-03 00:12:26,395 - INFO - Cycle complete. README updated.
2026-06-03 05:20:14,201 - INFO - Starting data fetch cycle...
2026-06-03 05:20:14,639 - INFO - [RELIANCE_NS] Inserted 96 rows (duplicates ignored)
2026-06-03 05:20:14,639 - INFO - Inserted 96 rows for RELIANCE.NS
2026-06-03 05:20:14,973 - INFO - [HDFCBANK_NS] Inserted 96 rows (duplicates ignored)
2026-06-03 05:20:14,974 - INFO - Inserted 96 rows for HDFCBANK.NS
2026-06-03 05:20:15,219 - INFO - [ICICIBANK_NS] Inserted 96 rows (duplicates ignored)
2026-06-03 05:20:15,219 - INFO - Inserted 96 rows for ICICIBANK.NS
2026-06-03 05:20:15,396 - INFO - [INFY_NS] Inserted 96 rows (duplicates ignored)
2026-06-03 05:20:15,396 - INFO - Inserted 96 rows for INFY.NS
2026-06-03 05:20:15,539 - INFO - [TCS_NS] Inserted 96 rows (duplicates ignored)
2026-06-03 05:20:15,539 - INFO - Inserted 96 rows for TCS.NS
2026-06-03 05:20:15,745 - INFO - [ITC_NS] Inserted 96 rows (duplicates ignored)
2026-06-03 05:20:15,745 - INFO - Inserted 96 rows for ITC.NS
2026-06-03 05:20:16,292 - INFO - [HINDUNILVR_NS] Inserted 96 rows (duplicates ignored)
2026-06-03 05:20:16,292 - INFO - Inserted 96 rows for HINDUNILVR.NS
2026-06-03 05:20:16,454 - INFO - [SBIN_NS] Inserted 96 rows (duplicates ignored)
2026-06-03 05:20:16,454 - INFO - Inserted 96 rows for SBIN.NS
2026-06-03 05:20:16,638 - INFO - [BHARTIARTL_NS] Inserted 96 rows (duplicates ignored)
2026-06-03 05:20:16,638 - INFO - Inserted 96 rows for BHARTIARTL.NS
2026-06-03 05:20:16,781 - INFO - [KOTAKBANK_NS] Inserted 96 rows (duplicates ignored)
2026-06-03 05:20:16,781 - INFO - Inserted 96 rows for KOTAKBANK.NS
2026-06-03 05:20:17,004 - INFO - [LT_NS] Inserted 96 rows (duplicates ignored)
2026-06-03 05:20:17,005 - INFO - Inserted 96 rows for LT.NS
2026-06-03 05:20:17,211 - INFO - [AXISBANK_NS] Inserted 96 rows (duplicates ignored)
2026-06-03 05:20:17,211 - INFO - Inserted 96 rows for AXISBANK.NS
2026-06-03 05:20:17,414 - INFO - [BAJFINANCE_NS] Inserted 96 rows (duplicates ignored)
2026-06-03 05:20:17,414 - INFO - Inserted 96 rows for BAJFINANCE.NS
2026-06-03 05:20:17,610 - INFO - [ASIANPAINT_NS] Inserted 96 rows (duplicates ignored)
2026-06-03 05:20:17,610 - INFO - Inserted 96 rows for ASIANPAINT.NS
2026-06-03 05:20:17,804 - INFO - [MARUTI_NS] Inserted 96 rows (duplicates ignored)
2026-06-03 05:20:17,804 - INFO - Inserted 96 rows for MARUTI.NS
2026-06-03 05:20:17,966 - INFO - [SUNPHARMA_NS] Inserted 96 rows (duplicates ignored)
2026-06-03 05:20:17,966 - INFO - Inserted 96 rows for SUNPHARMA.NS
2026-06-03 05:20:18,153 - INFO - [WIPRO_NS] Inserted 96 rows (duplicates ignored)
2026-06-03 05:20:18,153 - INFO - Inserted 96 rows for WIPRO.NS
2026-06-03 05:20:18,406 - INFO - [POWERGRID_NS] Inserted 96 rows (duplicates ignored)
2026-06-03 05:20:18,407 - INFO - Inserted 96 rows for POWERGRID.NS
2026-06-03 05:20:18,583 - INFO - [NTPC_NS] Inserted 96 rows (duplicates ignored)
2026-06-03 05:20:18,583 - INFO - Inserted 96 rows for NTPC.NS
2026-06-03 05:20:18,755 - INFO - [ONGC_NS] Inserted 96 rows (duplicates ignored)
2026-06-03 05:20:18,756 - INFO - Inserted 96 rows for ONGC.NS
2026-06-03 05:20:18,765 - INFO - Cycle complete. README updated.
2026-06-03 10:15:59,046 - INFO - Starting data fetch cycle...
2026-06-03 10:15:59,679 - INFO - [RELIANCE_NS] Inserted 375 rows (duplicates ignored)
2026-06-03 10:15:59,679 - INFO - Inserted 375 rows for RELIANCE.NS
2026-06-03 10:15:59,910 - INFO - [HDFCBANK_NS] Inserted 375 rows (duplicates ignored)
2026-06-03 10:15:59,910 - INFO - Inserted 375 rows for HDFCBANK.NS
2026-06-03 10:16:00,129 - INFO - [ICICIBANK_NS] Inserted 375 rows (duplicates ignored)
2026-06-03 10:16:00,129 - INFO - Inserted 375 rows for ICICIBANK.NS
2026-06-03 10:16:00,358 - INFO - [INFY_NS] Inserted 375 rows (duplicates ignored)
2026-06-03 10:16:00,358 - INFO - Inserted 375 rows for INFY.NS
2026-06-03 10:16:00,687 - INFO - [TCS_NS] Inserted 375 rows (duplicates ignored)
2026-06-03 10:16:00,688 - INFO - Inserted 375 rows for TCS.NS
2026-06-03 10:16:00,929 - INFO - [ITC_NS] Inserted 375 rows (duplicates ignored)
2026-06-03 10:16:00,929 - INFO - Inserted 375 rows for ITC.NS
2026-06-03 10:16:01,158 - INFO - [HINDUNILVR_NS] Inserted 374 rows (duplicates ignored)
2026-06-03 10:16:01,158 - INFO - Inserted 374 rows for HINDUNILVR.NS
2026-06-03 10:16:01,386 - INFO - [SBIN_NS] Inserted 375 rows (duplicates ignored)
2026-06-03 10:16:01,386 - INFO - Inserted 375 rows for SBIN.NS
2026-06-03 10:16:01,613 - INFO - [BHARTIARTL_NS] Inserted 374 rows (duplicates ignored)
2026-06-03 10:16:01,613 - INFO - Inserted 374 rows for BHARTIARTL.NS
2026-06-03 10:16:01,845 - INFO - [KOTAKBANK_NS] Inserted 374 rows (duplicates ignored)
2026-06-03 10:16:01,845 - INFO - Inserted 374 rows for KOTAKBANK.NS
2026-06-03 10:16:02,076 - INFO - [LT_NS] Inserted 374 rows (duplicates ignored)
2026-06-03 10:16:02,076 - INFO - Inserted 374 rows for LT.NS
2026-06-03 10:16:02,321 - INFO - [AXISBANK_NS] Inserted 375 rows (duplicates ignored)
2026-06-03 10:16:02,321 - INFO - Inserted 375 rows for AXISBANK.NS
2026-06-03 10:16:02,550 - INFO - [BAJFINANCE_NS] Inserted 375 rows (duplicates ignored)
2026-06-03 10:16:02,550 - INFO - Inserted 375 rows for BAJFINANCE.NS
2026-06-03 10:16:02,776 - INFO - [ASIANPAINT_NS] Inserted 375 rows (duplicates ignored)
2026-06-03 10:16:02,776 - INFO - Inserted 375 rows for ASIANPAINT.NS
2026-06-03 10:16:03,002 - INFO - [MARUTI_NS] Inserted 374 rows (duplicates ignored)
2026-06-03 10:16:03,002 - INFO - Inserted 374 rows for MARUTI.NS
2026-06-03 10:16:03,252 - INFO - [SUNPHARMA_NS] Inserted 374 rows (duplicates ignored)
2026-06-03 10:16:03,252 - INFO - Inserted 374 rows for SUNPHARMA.NS
2026-06-03 10:16:03,491 - INFO - [WIPRO_NS] Inserted 375 rows (duplicates ignored)
2026-06-03 10:16:03,491 - INFO - Inserted 375 rows for WIPRO.NS
2026-06-03 10:16:03,709 - INFO - [POWERGRID_NS] Inserted 375 rows (duplicates ignored)
2026-06-03 10:16:03,710 - INFO - Inserted 375 rows for POWERGRID.NS
2026-06-03 10:16:03,935 - INFO - [NTPC_NS] Inserted 375 rows (duplicates ignored)
2026-06-03 10:16:03,936 - INFO - Inserted 375 rows for NTPC.NS
2026-06-03 10:16:04,167 - INFO - [ONGC_NS] Inserted 375 rows (duplicates ignored)
2026-06-03 10:16:04,167 - INFO - Inserted 375 rows for ONGC.NS
2026-06-03 10:16:04,179 - INFO - Cycle complete. README updated.
2026-06-04 00:14:33,923 - INFO - Starting data fetch cycle...
2026-06-04 00:14:34,348 - INFO - [RELIANCE_NS] Inserted 375 rows (duplicates ignored)
2026-06-04 00:14:34,348 - INFO - Inserted 375 rows for RELIANCE.NS
2026-06-04 00:14:34,528 - INFO - [HDFCBANK_NS] Inserted 375 rows (duplicates ignored)
2026-06-04 00:14:34,528 - INFO - Inserted 375 rows for HDFCBANK.NS
2026-06-04 00:14:34,698 - INFO - [ICICIBANK_NS] Inserted 375 rows (duplicates ignored)
2026-06-04 00:14:34,698 - INFO - Inserted 375 rows for ICICIBANK.NS
2026-06-04 00:14:34,879 - INFO - [INFY_NS] Inserted 375 rows (duplicates ignored)
2026-06-04 00:14:34,879 - INFO - Inserted 375 rows for INFY.NS
2026-06-04 00:14:35,041 - INFO - [TCS_NS] Inserted 375 rows (duplicates ignored)
2026-06-04 00:14:35,041 - INFO - Inserted 375 rows for TCS.NS
2026-06-04 00:14:35,211 - INFO - [ITC_NS] Inserted 375 rows (duplicates ignored)
2026-06-04 00:14:35,211 - INFO - Inserted 375 rows for ITC.NS
2026-06-04 00:14:35,384 - INFO - [HINDUNILVR_NS] Inserted 375 rows (duplicates ignored)
2026-06-04 00:14:35,384 - INFO - Inserted 375 rows for HINDUNILVR.NS
2026-06-04 00:14:35,563 - INFO - [SBIN_NS] Inserted 375 rows (duplicates ignored)
2026-06-04 00:14:35,563 - INFO - Inserted 375 rows for SBIN.NS
2026-06-04 00:14:35,721 - INFO - [BHARTIARTL_NS] Inserted 375 rows (duplicates ignored)
2026-06-04 00:14:35,721 - INFO - Inserted 375 rows for BHARTIARTL.NS
2026-06-04 00:14:35,929 - INFO - [KOTAKBANK_NS] Inserted 375 rows (duplicates ignored)
2026-06-04 00:14:35,929 - INFO - Inserted 375 rows for KOTAKBANK.NS
2026-06-04 00:14:36,130 - INFO - [LT_NS] Inserted 375 rows (duplicates ignored)
2026-06-04 00:14:36,130 - INFO - Inserted 375 rows for LT.NS
2026-06-04 00:14:36,312 - INFO - [AXISBANK_NS] Inserted 375 rows (duplicates ignored)
2026-06-04 00:14:36,312 - INFO - Inserted 375 rows for AXISBANK.NS
2026-06-04 00:14:36,489 - INFO - [BAJFINANCE_NS] Inserted 375 rows (duplicates ignored)
2026-06-04 00:14:36,490 - INFO - Inserted 375 rows for BAJFINANCE.NS
2026-06-04 00:14:36,659 - INFO - [ASIANPAINT_NS] Inserted 375 rows (duplicates ignored)
2026-06-04 00:14:36,659 - INFO - Inserted 375 rows for ASIANPAINT.NS
2026-06-04 00:14:36,816 - INFO - [MARUTI_NS] Inserted 375 rows (duplicates ignored)
2026-06-04 00:14:36,816 - INFO - Inserted 375 rows for MARUTI.NS
2026-06-04 00:14:37,042 - INFO - [SUNPHARMA_NS] Inserted 375 rows (duplicates ignored)
2026-06-04 00:14:37,043 - INFO - Inserted 375 rows for SUNPHARMA.NS
2026-06-04 00:14:37,224 - INFO - [WIPRO_NS] Inserted 375 rows (duplicates ignored)
2026-06-04 00:14:37,224 - INFO - Inserted 375 rows for WIPRO.NS
2026-06-04 00:14:37,381 - INFO - [POWERGRID_NS] Inserted 375 rows (duplicates ignored)
2026-06-04 00:14:37,382 - INFO - Inserted 375 rows for POWERGRID.NS
2026-06-04 00:14:37,549 - INFO - [NTPC_NS] Inserted 375 rows (duplicates ignored)
2026-06-04 00:14:37,549 - INFO - Inserted 375 rows for NTPC.NS
2026-06-04 00:14:37,732 - INFO - [ONGC_NS] Inserted 375 rows (duplicates ignored)
2026-06-04 00:14:37,732 - INFO - Inserted 375 rows for ONGC.NS
2026-06-04 00:14:37,749 - INFO - Cycle complete. README updated.
2026-06-04 05:13:07,406 - INFO - Starting data fetch cycle...
2026-06-04 05:13:07,678 - INFO - [RELIANCE_NS] Inserted 89 rows (duplicates ignored)
2026-06-04 05:13:07,678 - INFO - Inserted 89 rows for RELIANCE.NS
2026-06-04 05:13:07,826 - INFO - [HDFCBANK_NS] Inserted 89 rows (duplicates ignored)
2026-06-04 05:13:07,826 - INFO - Inserted 89 rows for HDFCBANK.NS
2026-06-04 05:13:07,970 - INFO - [ICICIBANK_NS] Inserted 89 rows (duplicates ignored)
2026-06-04 05:13:07,970 - INFO - Inserted 89 rows for ICICIBANK.NS
2026-06-04 05:13:08,170 - INFO - [INFY_NS] Inserted 89 rows (duplicates ignored)
2026-06-04 05:13:08,170 - INFO - Inserted 89 rows for INFY.NS
2026-06-04 05:13:08,319 - INFO - [TCS_NS] Inserted 89 rows (duplicates ignored)
2026-06-04 05:13:08,320 - INFO - Inserted 89 rows for TCS.NS
2026-06-04 05:13:08,459 - INFO - [ITC_NS] Inserted 89 rows (duplicates ignored)
2026-06-04 05:13:08,459 - INFO - Inserted 89 rows for ITC.NS
2026-06-04 05:13:08,606 - INFO - [HINDUNILVR_NS] Inserted 89 rows (duplicates ignored)
2026-06-04 05:13:08,606 - INFO - Inserted 89 rows for HINDUNILVR.NS
2026-06-04 05:13:08,764 - INFO - [SBIN_NS] Inserted 89 rows (duplicates ignored)
2026-06-04 05:13:08,764 - INFO - Inserted 89 rows for SBIN.NS
2026-06-04 05:13:08,899 - INFO - [BHARTIARTL_NS] Inserted 89 rows (duplicates ignored)
2026-06-04 05:13:08,900 - INFO - Inserted 89 rows for BHARTIARTL.NS
2026-06-04 05:13:09,050 - INFO - [KOTAKBANK_NS] Inserted 89 rows (duplicates ignored)
2026-06-04 05:13:09,050 - INFO - Inserted 89 rows for KOTAKBANK.NS
2026-06-04 05:13:09,210 - INFO - [LT_NS] Inserted 89 rows (duplicates ignored)
2026-06-04 05:13:09,210 - INFO - Inserted 89 rows for LT.NS
2026-06-04 05:13:09,359 - INFO - [AXISBANK_NS] Inserted 89 rows (duplicates ignored)
2026-06-04 05:13:09,359 - INFO - Inserted 89 rows for AXISBANK.NS
2026-06-04 05:13:09,487 - INFO - [BAJFINANCE_NS] Inserted 89 rows (duplicates ignored)
2026-06-04 05:13:09,487 - INFO - Inserted 89 rows for BAJFINANCE.NS
2026-06-04 05:13:09,650 - INFO - [ASIANPAINT_NS] Inserted 89 rows (duplicates ignored)
2026-06-04 05:13:09,650 - INFO - Inserted 89 rows for ASIANPAINT.NS
2026-06-04 05:13:09,832 - INFO - [MARUTI_NS] Inserted 89 rows (duplicates ignored)
2026-06-04 05:13:09,832 - INFO - Inserted 89 rows for MARUTI.NS
2026-06-04 05:13:09,979 - INFO - [SUNPHARMA_NS] Inserted 89 rows (duplicates ignored)
2026-06-04 05:13:09,979 - INFO - Inserted 89 rows for SUNPHARMA.NS
2026-06-04 05:13:10,127 - INFO - [WIPRO_NS] Inserted 89 rows (duplicates ignored)
2026-06-04 05:13:10,127 - INFO - Inserted 89 rows for WIPRO.NS
2026-06-04 05:13:10,258 - INFO - [POWERGRID_NS] Inserted 89 rows (duplicates ignored)
2026-06-04 05:13:10,258 - INFO - Inserted 89 rows for POWERGRID.NS
2026-06-04 05:13:10,411 - INFO - [NTPC_NS] Inserted 89 rows (duplicates ignored)
2026-06-04 05:13:10,411 - INFO - Inserted 89 rows for NTPC.NS
2026-06-04 05:13:10,558 - INFO - [ONGC_NS] Inserted 89 rows (duplicates ignored)
2026-06-04 05:13:10,558 - INFO - Inserted 89 rows for ONGC.NS
2026-06-04 05:13:10,571 - INFO - Cycle complete. README updated.
2026-06-04 09:04:41,702 - INFO - Starting data fetch cycle...
2026-06-04 09:04:42,065 - INFO - [RELIANCE_NS] Inserted 320 rows (duplicates ignored)
2026-06-04 09:04:42,065 - INFO - Inserted 320 rows for RELIANCE.NS
2026-06-04 09:04:42,203 - INFO - [HDFCBANK_NS] Inserted 320 rows (duplicates ignored)
2026-06-04 09:04:42,203 - INFO - Inserted 320 rows for HDFCBANK.NS
2026-06-04 09:04:42,341 - INFO - [ICICIBANK_NS] Inserted 320 rows (duplicates ignored)
2026-06-04 09:04:42,342 - INFO - Inserted 320 rows for ICICIBANK.NS
2026-06-04 09:04:42,489 - INFO - [INFY_NS] Inserted 320 rows (duplicates ignored)
2026-06-04 09:04:42,489 - INFO - Inserted 320 rows for INFY.NS
2026-06-04 09:04:42,633 - INFO - [TCS_NS] Inserted 320 rows (duplicates ignored)
2026-06-04 09:04:42,634 - INFO - Inserted 320 rows for TCS.NS
2026-06-04 09:04:42,813 - INFO - [ITC_NS] Inserted 320 rows (duplicates ignored)
2026-06-04 09:04:42,813 - INFO - Inserted 320 rows for ITC.NS
2026-06-04 09:04:43,041 - INFO - [HINDUNILVR_NS] Inserted 320 rows (duplicates ignored)
2026-06-04 09:04:43,042 - INFO - Inserted 320 rows for HINDUNILVR.NS
2026-06-04 09:04:43,191 - INFO - [SBIN_NS] Inserted 320 rows (duplicates ignored)
2026-06-04 09:04:43,191 - INFO - Inserted 320 rows for SBIN.NS
2026-06-04 09:04:43,327 - INFO - [BHARTIARTL_NS] Inserted 320 rows (duplicates ignored)
2026-06-04 09:04:43,327 - INFO - Inserted 320 rows for BHARTIARTL.NS
2026-06-04 09:04:43,479 - INFO - [KOTAKBANK_NS] Inserted 320 rows (duplicates ignored)
2026-06-04 09:04:43,479 - INFO - Inserted 320 rows for KOTAKBANK.NS
2026-06-04 09:04:43,611 - INFO - [LT_NS] Inserted 320 rows (duplicates ignored)
2026-06-04 09:04:43,611 - INFO - Inserted 320 rows for LT.NS
2026-06-04 09:04:43,756 - INFO - [AXISBANK_NS] Inserted 320 rows (duplicates ignored)
2026-06-04 09:04:43,756 - INFO - Inserted 320 rows for AXISBANK.NS
2026-06-04 09:04:43,900 - INFO - [BAJFINANCE_NS] Inserted 320 rows (duplicates ignored)
2026-06-04 09:04:43,900 - INFO - Inserted 320 rows for BAJFINANCE.NS
2026-06-04 09:04:44,048 - INFO - [ASIANPAINT_NS] Inserted 320 rows (duplicates ignored)
2026-06-04 09:04:44,048 - INFO - Inserted 320 rows for ASIANPAINT.NS
2026-06-04 09:04:44,187 - INFO - [MARUTI_NS] Inserted 320 rows (duplicates ignored)
2026-06-04 09:04:44,187 - INFO - Inserted 320 rows for MARUTI.NS
2026-06-04 09:04:44,337 - INFO - [SUNPHARMA_NS] Inserted 320 rows (duplicates ignored)
2026-06-04 09:04:44,338 - INFO - Inserted 320 rows for SUNPHARMA.NS
2026-06-04 09:04:44,494 - INFO - [WIPRO_NS] Inserted 320 rows (duplicates ignored)
2026-06-04 09:04:44,494 - INFO - Inserted 320 rows for WIPRO.NS
2026-06-04 09:04:44,641 - INFO - [POWERGRID_NS] Inserted 320 rows (duplicates ignored)
2026-06-04 09:04:44,641 - INFO - Inserted 320 rows for POWERGRID.NS
2026-06-04 09:04:44,778 - INFO - [NTPC_NS] Inserted 320 rows (duplicates ignored)
2026-06-04 09:04:44,778 - INFO - Inserted 320 rows for NTPC.NS
2026-06-04 09:04:44,948 - INFO - [ONGC_NS] Inserted 320 rows (duplicates ignored)
2026-06-04 09:04:44,948 - INFO - Inserted 320 rows for ONGC.NS
2026-06-04 09:04:44,961 - INFO - Cycle complete. README updated.
2026-06-04 23:46:29,902 - INFO - Starting data fetch cycle...
2026-06-04 23:46:30,291 - INFO - [RELIANCE_NS] Inserted 375 rows (duplicates ignored)
2026-06-04 23:46:30,291 - INFO - Inserted 375 rows for RELIANCE.NS
2026-06-04 23:46:30,465 - INFO - [HDFCBANK_NS] Inserted 375 rows (duplicates ignored)
2026-06-04 23:46:30,466 - INFO - Inserted 375 rows for HDFCBANK.NS
2026-06-04 23:46:30,610 - INFO - [ICICIBANK_NS] Inserted 375 rows (duplicates ignored)
2026-06-04 23:46:30,610 - INFO - Inserted 375 rows for ICICIBANK.NS
2026-06-04 23:46:30,778 - INFO - [INFY_NS] Inserted 375 rows (duplicates ignored)
2026-06-04 23:46:30,779 - INFO - Inserted 375 rows for INFY.NS
2026-06-04 23:46:30,999 - INFO - [TCS_NS] Inserted 375 rows (duplicates ignored)
2026-06-04 23:46:31,000 - INFO - Inserted 375 rows for TCS.NS
2026-06-04 23:46:31,167 - INFO - [ITC_NS] Inserted 375 rows (duplicates ignored)
2026-06-04 23:46:31,167 - INFO - Inserted 375 rows for ITC.NS
2026-06-04 23:46:31,383 - INFO - [HINDUNILVR_NS] Inserted 375 rows (duplicates ignored)
2026-06-04 23:46:31,383 - INFO - Inserted 375 rows for HINDUNILVR.NS
2026-06-04 23:46:31,541 - INFO - [SBIN_NS] Inserted 375 rows (duplicates ignored)
2026-06-04 23:46:31,541 - INFO - Inserted 375 rows for SBIN.NS
2026-06-04 23:46:31,681 - INFO - [BHARTIARTL_NS] Inserted 375 rows (duplicates ignored)
2026-06-04 23:46:31,681 - INFO - Inserted 375 rows for BHARTIARTL.NS
2026-06-04 23:46:31,857 - INFO - [KOTAKBANK_NS] Inserted 375 rows (duplicates ignored)
2026-06-04 23:46:31,858 - INFO - Inserted 375 rows for KOTAKBANK.NS
2026-06-04 23:46:32,003 - INFO - [LT_NS] Inserted 375 rows (duplicates ignored)
2026-06-04 23:46:32,003 - INFO - Inserted 375 rows for LT.NS
2026-06-04 23:46:32,190 - INFO - [AXISBANK_NS] Inserted 375 rows (duplicates ignored)
2026-06-04 23:46:32,190 - INFO - Inserted 375 rows for AXISBANK.NS
2026-06-04 23:46:32,345 - INFO - [BAJFINANCE_NS] Inserted 375 rows (duplicates ignored)
2026-06-04 23:46:32,345 - INFO - Inserted 375 rows for BAJFINANCE.NS
2026-06-04 23:46:32,492 - INFO - [ASIANPAINT_NS] Inserted 375 rows (duplicates ignored)
2026-06-04 23:46:32,492 - INFO - Inserted 375 rows for ASIANPAINT.NS
2026-06-04 23:46:32,650 - INFO - [MARUTI_NS] Inserted 375 rows (duplicates ignored)
2026-06-04 23:46:32,650 - INFO - Inserted 375 rows for MARUTI.NS
2026-06-04 23:46:32,809 - INFO - [SUNPHARMA_NS] Inserted 375 rows (duplicates ignored)
2026-06-04 23:46:32,809 - INFO - Inserted 375 rows for SUNPHARMA.NS
2026-06-04 23:46:32,973 - INFO - [WIPRO_NS] Inserted 375 rows (duplicates ignored)
2026-06-04 23:46:32,973 - INFO - Inserted 375 rows for WIPRO.NS
2026-06-04 23:46:33,129 - INFO - [POWERGRID_NS] Inserted 375 rows (duplicates ignored)
2026-06-04 23:46:33,129 - INFO - Inserted 375 rows for POWERGRID.NS
2026-06-04 23:46:33,275 - INFO - [NTPC_NS] Inserted 375 rows (duplicates ignored)
2026-06-04 23:46:33,275 - INFO - Inserted 375 rows for NTPC.NS
2026-06-04 23:46:33,472 - INFO - [ONGC_NS] Inserted 375 rows (duplicates ignored)
2026-06-04 23:46:33,472 - INFO - Inserted 375 rows for ONGC.NS
2026-06-04 23:46:33,485 - INFO - Cycle complete. README updated.
2026-06-05 01:56:02,947 - INFO - Starting data fetch cycle...
2026-06-05 01:56:03,739 - INFO - [RELIANCE_NS] Inserted 375 rows (duplicates ignored)
2026-06-05 01:56:03,739 - INFO - Inserted 375 rows for RELIANCE.NS
2026-06-05 01:56:04,035 - INFO - [HDFCBANK_NS] Inserted 375 rows (duplicates ignored)
2026-06-05 01:56:04,035 - INFO - Inserted 375 rows for HDFCBANK.NS
2026-06-05 01:56:04,393 - INFO - [ICICIBANK_NS] Inserted 375 rows (duplicates ignored)
2026-06-05 01:56:04,393 - INFO - Inserted 375 rows for ICICIBANK.NS
2026-06-05 01:56:04,793 - INFO - [INFY_NS] Inserted 375 rows (duplicates ignored)
2026-06-05 01:56:04,793 - INFO - Inserted 375 rows for INFY.NS
2026-06-05 01:56:05,153 - INFO - [TCS_NS] Inserted 375 rows (duplicates ignored)
2026-06-05 01:56:05,154 - INFO - Inserted 375 rows for TCS.NS
2026-06-05 01:56:05,511 - INFO - [ITC_NS] Inserted 375 rows (duplicates ignored)
2026-06-05 01:56:05,511 - INFO - Inserted 375 rows for ITC.NS
2026-06-05 01:56:05,818 - INFO - [HINDUNILVR_NS] Inserted 375 rows (duplicates ignored)
2026-06-05 01:56:05,818 - INFO - Inserted 375 rows for HINDUNILVR.NS
2026-06-05 01:56:06,215 - INFO - [SBIN_NS] Inserted 375 rows (duplicates ignored)
2026-06-05 01:56:06,215 - INFO - Inserted 375 rows for SBIN.NS
2026-06-05 01:56:06,482 - INFO - [BHARTIARTL_NS] Inserted 375 rows (duplicates ignored)
2026-06-05 01:56:06,483 - INFO - Inserted 375 rows for BHARTIARTL.NS
2026-06-05 01:56:06,749 - INFO - [KOTAKBANK_NS] Inserted 375 rows (duplicates ignored)
2026-06-05 01:56:06,749 - INFO - Inserted 375 rows for KOTAKBANK.NS
2026-06-05 01:56:07,120 - INFO - [LT_NS] Inserted 375 rows (duplicates ignored)
2026-06-05 01:56:07,120 - INFO - Inserted 375 rows for LT.NS
2026-06-05 01:56:07,477 - INFO - [AXISBANK_NS] Inserted 375 rows (duplicates ignored)
2026-06-05 01:56:07,477 - INFO - Inserted 375 rows for AXISBANK.NS
2026-06-05 01:56:07,813 - INFO - [BAJFINANCE_NS] Inserted 375 rows (duplicates ignored)
2026-06-05 01:56:07,813 - INFO - Inserted 375 rows for BAJFINANCE.NS
2026-06-05 01:56:08,104 - INFO - [ASIANPAINT_NS] Inserted 375 rows (duplicates ignored)
2026-06-05 01:56:08,104 - INFO - Inserted 375 rows for ASIANPAINT.NS
2026-06-05 01:56:08,433 - INFO - [MARUTI_NS] Inserted 375 rows (duplicates ignored)
2026-06-05 01:56:08,434 - INFO - Inserted 375 rows for MARUTI.NS
2026-06-05 01:56:08,832 - INFO - [SUNPHARMA_NS] Inserted 375 rows (duplicates ignored)
2026-06-05 01:56:08,832 - INFO - Inserted 375 rows for SUNPHARMA.NS
2026-06-05 01:56:09,170 - INFO - [WIPRO_NS] Inserted 375 rows (duplicates ignored)
2026-06-05 01:56:09,170 - INFO - Inserted 375 rows for WIPRO.NS
2026-06-05 01:56:09,509 - INFO - [POWERGRID_NS] Inserted 375 rows (duplicates ignored)
2026-06-05 01:56:09,509 - INFO - Inserted 375 rows for POWERGRID.NS
2026-06-05 01:56:09,848 - INFO - [NTPC_NS] Inserted 375 rows (duplicates ignored)
2026-06-05 01:56:09,849 - INFO - Inserted 375 rows for NTPC.NS
2026-06-05 01:56:10,164 - INFO - [ONGC_NS] Inserted 375 rows (duplicates ignored)
2026-06-05 01:56:10,164 - INFO - Inserted 375 rows for ONGC.NS
2026-06-05 01:56:10,176 - INFO - Cycle complete. README updated.
2026-06-05 06:37:42,451 - INFO - Starting data fetch cycle...
2026-06-05 06:37:42,777 - INFO - [RELIANCE_NS] Inserted 173 rows (duplicates ignored)
2026-06-05 06:37:42,777 - INFO - Inserted 173 rows for RELIANCE.NS
2026-06-05 06:37:42,921 - INFO - [HDFCBANK_NS] Inserted 173 rows (duplicates ignored)
2026-06-05 06:37:42,921 - INFO - Inserted 173 rows for HDFCBANK.NS
2026-06-05 06:37:43,068 - INFO - [ICICIBANK_NS] Inserted 173 rows (duplicates ignored)
2026-06-05 06:37:43,068 - INFO - Inserted 173 rows for ICICIBANK.NS
2026-06-05 06:37:43,217 - INFO - [INFY_NS] Inserted 173 rows (duplicates ignored)
2026-06-05 06:37:43,217 - INFO - Inserted 173 rows for INFY.NS
2026-06-05 06:37:43,351 - INFO - [TCS_NS] Inserted 173 rows (duplicates ignored)
2026-06-05 06:37:43,351 - INFO - Inserted 173 rows for TCS.NS
2026-06-05 06:37:43,487 - INFO - [ITC_NS] Inserted 173 rows (duplicates ignored)
2026-06-05 06:37:43,488 - INFO - Inserted 173 rows for ITC.NS
2026-06-05 06:37:43,648 - INFO - [HINDUNILVR_NS] Inserted 173 rows (duplicates ignored)
2026-06-05 06:37:43,648 - INFO - Inserted 173 rows for HINDUNILVR.NS
2026-06-05 06:37:43,804 - INFO - [SBIN_NS] Inserted 173 rows (duplicates ignored)
2026-06-05 06:37:43,805 - INFO - Inserted 173 rows for SBIN.NS
2026-06-05 06:37:43,922 - INFO - [BHARTIARTL_NS] Inserted 173 rows (duplicates ignored)
2026-06-05 06:37:43,922 - INFO - Inserted 173 rows for BHARTIARTL.NS
2026-06-05 06:37:44,061 - INFO - [KOTAKBANK_NS] Inserted 173 rows (duplicates ignored)
2026-06-05 06:37:44,061 - INFO - Inserted 173 rows for KOTAKBANK.NS
2026-06-05 06:37:44,200 - INFO - [LT_NS] Inserted 173 rows (duplicates ignored)
2026-06-05 06:37:44,200 - INFO - Inserted 173 rows for LT.NS
2026-06-05 06:37:44,335 - INFO - [AXISBANK_NS] Inserted 173 rows (duplicates ignored)
2026-06-05 06:37:44,335 - INFO - Inserted 173 rows for AXISBANK.NS
2026-06-05 06:37:44,475 - INFO - [BAJFINANCE_NS] Inserted 173 rows (duplicates ignored)
2026-06-05 06:37:44,475 - INFO - Inserted 173 rows for BAJFINANCE.NS
2026-06-05 06:37:44,615 - INFO - [ASIANPAINT_NS] Inserted 173 rows (duplicates ignored)
2026-06-05 06:37:44,615 - INFO - Inserted 173 rows for ASIANPAINT.NS
2026-06-05 06:37:44,795 - INFO - [MARUTI_NS] Inserted 173 rows (duplicates ignored)
2026-06-05 06:37:44,795 - INFO - Inserted 173 rows for MARUTI.NS
2026-06-05 06:37:44,937 - INFO - [SUNPHARMA_NS] Inserted 173 rows (duplicates ignored)
2026-06-05 06:37:44,938 - INFO - Inserted 173 rows for SUNPHARMA.NS
2026-06-05 06:37:45,083 - INFO - [WIPRO_NS] Inserted 173 rows (duplicates ignored)
2026-06-05 06:37:45,083 - INFO - Inserted 173 rows for WIPRO.NS
2026-06-05 06:37:45,218 - INFO - [POWERGRID_NS] Inserted 173 rows (duplicates ignored)
2026-06-05 06:37:45,218 - INFO - Inserted 173 rows for POWERGRID.NS
2026-06-05 06:37:45,355 - INFO - [NTPC_NS] Inserted 173 rows (duplicates ignored)
2026-06-05 06:37:45,356 - INFO - Inserted 173 rows for NTPC.NS
2026-06-05 06:37:45,501 - INFO - [ONGC_NS] Inserted 173 rows (duplicates ignored)
2026-06-05 06:37:45,501 - INFO - Inserted 173 rows for ONGC.NS
2026-06-05 06:37:45,513 - INFO - Cycle complete. README updated.
2026-06-07 23:37:49,656 - INFO - Starting data fetch cycle...
2026-06-07 23:37:49,934 - INFO - [RELIANCE_NS] Inserted 375 rows (duplicates ignored)
2026-06-07 23:37:49,935 - INFO - Inserted 375 rows for RELIANCE.NS
2026-06-07 23:37:50,103 - INFO - [HDFCBANK_NS] Inserted 375 rows (duplicates ignored)
2026-06-07 23:37:50,103 - INFO - Inserted 375 rows for HDFCBANK.NS
2026-06-07 23:37:50,277 - INFO - [ICICIBANK_NS] Inserted 375 rows (duplicates ignored)
2026-06-07 23:37:50,277 - INFO - Inserted 375 rows for ICICIBANK.NS
2026-06-07 23:37:50,447 - INFO - [INFY_NS] Inserted 375 rows (duplicates ignored)
2026-06-07 23:37:50,447 - INFO - Inserted 375 rows for INFY.NS
2026-06-07 23:37:50,607 - INFO - [TCS_NS] Inserted 375 rows (duplicates ignored)
2026-06-07 23:37:50,608 - INFO - Inserted 375 rows for TCS.NS
2026-06-07 23:37:50,776 - INFO - [ITC_NS] Inserted 375 rows (duplicates ignored)
2026-06-07 23:37:50,776 - INFO - Inserted 375 rows for ITC.NS
2026-06-07 23:37:50,939 - INFO - [HINDUNILVR_NS] Inserted 375 rows (duplicates ignored)
2026-06-07 23:37:50,939 - INFO - Inserted 375 rows for HINDUNILVR.NS
2026-06-07 23:37:51,105 - INFO - [SBIN_NS] Inserted 375 rows (duplicates ignored)
2026-06-07 23:37:51,106 - INFO - Inserted 375 rows for SBIN.NS
2026-06-07 23:37:51,265 - INFO - [BHARTIARTL_NS] Inserted 375 rows (duplicates ignored)
2026-06-07 23:37:51,265 - INFO - Inserted 375 rows for BHARTIARTL.NS
2026-06-07 23:37:51,436 - INFO - [KOTAKBANK_NS] Inserted 375 rows (duplicates ignored)
2026-06-07 23:37:51,437 - INFO - Inserted 375 rows for KOTAKBANK.NS
2026-06-07 23:37:51,598 - INFO - [LT_NS] Inserted 375 rows (duplicates ignored)
2026-06-07 23:37:51,598 - INFO - Inserted 375 rows for LT.NS
2026-06-07 23:37:51,769 - INFO - [AXISBANK_NS] Inserted 375 rows (duplicates ignored)
2026-06-07 23:37:51,770 - INFO - Inserted 375 rows for AXISBANK.NS
2026-06-07 23:37:51,981 - INFO - [BAJFINANCE_NS] Inserted 375 rows (duplicates ignored)
2026-06-07 23:37:51,981 - INFO - Inserted 375 rows for BAJFINANCE.NS
2026-06-07 23:37:52,150 - INFO - [ASIANPAINT_NS] Inserted 375 rows (duplicates ignored)
2026-06-07 23:37:52,151 - INFO - Inserted 375 rows for ASIANPAINT.NS
2026-06-07 23:37:52,340 - INFO - [MARUTI_NS] Inserted 375 rows (duplicates ignored)
2026-06-07 23:37:52,340 - INFO - Inserted 375 rows for MARUTI.NS
2026-06-07 23:37:52,530 - INFO - [SUNPHARMA_NS] Inserted 375 rows (duplicates ignored)
2026-06-07 23:37:52,530 - INFO - Inserted 375 rows for SUNPHARMA.NS
2026-06-07 23:37:52,722 - INFO - [WIPRO_NS] Inserted 375 rows (duplicates ignored)
2026-06-07 23:37:52,723 - INFO - Inserted 375 rows for WIPRO.NS
2026-06-07 23:37:52,901 - INFO - [POWERGRID_NS] Inserted 375 rows (duplicates ignored)
2026-06-07 23:37:52,901 - INFO - Inserted 375 rows for POWERGRID.NS
2026-06-07 23:37:53,051 - INFO - [NTPC_NS] Inserted 375 rows (duplicates ignored)
2026-06-07 23:37:53,051 - INFO - Inserted 375 rows for NTPC.NS
2026-06-07 23:37:53,230 - INFO - [ONGC_NS] Inserted 375 rows (duplicates ignored)
2026-06-07 23:37:53,230 - INFO - Inserted 375 rows for ONGC.NS
2026-06-07 23:37:53,244 - INFO - Cycle complete. README updated.
2026-06-08 02:00:17,996 - INFO - Starting data fetch cycle...
2026-06-08 02:00:18,620 - INFO - [RELIANCE_NS] Inserted 375 rows (duplicates ignored)
2026-06-08 02:00:18,620 - INFO - Inserted 375 rows for RELIANCE.NS
2026-06-08 02:00:18,877 - INFO - [HDFCBANK_NS] Inserted 375 rows (duplicates ignored)
2026-06-08 02:00:18,877 - INFO - Inserted 375 rows for HDFCBANK.NS
2026-06-08 02:00:19,213 - INFO - [ICICIBANK_NS] Inserted 375 rows (duplicates ignored)
2026-06-08 02:00:19,214 - INFO - Inserted 375 rows for ICICIBANK.NS
2026-06-08 02:00:19,492 - INFO - [INFY_NS] Inserted 375 rows (duplicates ignored)
2026-06-08 02:00:19,492 - INFO - Inserted 375 rows for INFY.NS
2026-06-08 02:00:19,759 - INFO - [TCS_NS] Inserted 375 rows (duplicates ignored)
2026-06-08 02:00:19,760 - INFO - Inserted 375 rows for TCS.NS
2026-06-08 02:00:19,963 - INFO - [ITC_NS] Inserted 375 rows (duplicates ignored)
2026-06-08 02:00:19,963 - INFO - Inserted 375 rows for ITC.NS
2026-06-08 02:00:20,220 - INFO - [HINDUNILVR_NS] Inserted 375 rows (duplicates ignored)
2026-06-08 02:00:20,221 - INFO - Inserted 375 rows for HINDUNILVR.NS
2026-06-08 02:00:20,559 - INFO - [SBIN_NS] Inserted 375 rows (duplicates ignored)
2026-06-08 02:00:20,559 - INFO - Inserted 375 rows for SBIN.NS
2026-06-08 02:00:20,817 - INFO - [BHARTIARTL_NS] Inserted 375 rows (duplicates ignored)
2026-06-08 02:00:20,817 - INFO - Inserted 375 rows for BHARTIARTL.NS
2026-06-08 02:00:21,063 - INFO - [KOTAKBANK_NS] Inserted 375 rows (duplicates ignored)
2026-06-08 02:00:21,063 - INFO - Inserted 375 rows for KOTAKBANK.NS
2026-06-08 02:00:21,311 - INFO - [LT_NS] Inserted 375 rows (duplicates ignored)
2026-06-08 02:00:21,311 - INFO - Inserted 375 rows for LT.NS
2026-06-08 02:00:21,612 - INFO - [AXISBANK_NS] Inserted 375 rows (duplicates ignored)
2026-06-08 02:00:21,612 - INFO - Inserted 375 rows for AXISBANK.NS
2026-06-08 02:00:21,876 - INFO - [BAJFINANCE_NS] Inserted 375 rows (duplicates ignored)
2026-06-08 02:00:21,876 - INFO - Inserted 375 rows for BAJFINANCE.NS
2026-06-08 02:00:22,236 - INFO - [ASIANPAINT_NS] Inserted 375 rows (duplicates ignored)
2026-06-08 02:00:22,236 - INFO - Inserted 375 rows for ASIANPAINT.NS
2026-06-08 02:00:22,521 - INFO - [MARUTI_NS] Inserted 375 rows (duplicates ignored)
2026-06-08 02:00:22,521 - INFO - Inserted 375 rows for MARUTI.NS
2026-06-08 02:00:22,762 - INFO - [SUNPHARMA_NS] Inserted 375 rows (duplicates ignored)
2026-06-08 02:00:22,762 - INFO - Inserted 375 rows for SUNPHARMA.NS
2026-06-08 02:00:23,071 - INFO - [WIPRO_NS] Inserted 375 rows (duplicates ignored)
2026-06-08 02:00:23,071 - INFO - Inserted 375 rows for WIPRO.NS
2026-06-08 02:00:23,333 - INFO - [POWERGRID_NS] Inserted 375 rows (duplicates ignored)
2026-06-08 02:00:23,333 - INFO - Inserted 375 rows for POWERGRID.NS
2026-06-08 02:00:23,649 - INFO - [NTPC_NS] Inserted 375 rows (duplicates ignored)
2026-06-08 02:00:23,649 - INFO - Inserted 375 rows for NTPC.NS
2026-06-08 02:00:23,968 - INFO - [ONGC_NS] Inserted 375 rows (duplicates ignored)
2026-06-08 02:00:23,968 - INFO - Inserted 375 rows for ONGC.NS
2026-06-08 02:00:23,980 - INFO - Cycle complete. README updated.
2026-06-08 06:57:29,986 - INFO - Starting data fetch cycle...
2026-06-08 06:57:30,671 - INFO - [RELIANCE_NS] Inserted 193 rows (duplicates ignored)
2026-06-08 06:57:30,672 - INFO - Inserted 193 rows for RELIANCE.NS
2026-06-08 06:57:30,950 - INFO - [HDFCBANK_NS] Inserted 193 rows (duplicates ignored)
2026-06-08 06:57:30,950 - INFO - Inserted 193 rows for HDFCBANK.NS
2026-06-08 06:57:31,289 - INFO - [ICICIBANK_NS] Inserted 193 rows (duplicates ignored)
2026-06-08 06:57:31,290 - INFO - Inserted 193 rows for ICICIBANK.NS
2026-06-08 06:57:31,584 - INFO - [INFY_NS] Inserted 193 rows (duplicates ignored)
2026-06-08 06:57:31,584 - INFO - Inserted 193 rows for INFY.NS
2026-06-08 06:57:31,894 - INFO - [TCS_NS] Inserted 193 rows (duplicates ignored)
2026-06-08 06:57:31,894 - INFO - Inserted 193 rows for TCS.NS
2026-06-08 06:57:32,206 - INFO - [ITC_NS] Inserted 193 rows (duplicates ignored)
2026-06-08 06:57:32,206 - INFO - Inserted 193 rows for ITC.NS
2026-06-08 06:57:32,608 - INFO - [HINDUNILVR_NS] Inserted 193 rows (duplicates ignored)
2026-06-08 06:57:32,608 - INFO - Inserted 193 rows for HINDUNILVR.NS
2026-06-08 06:57:32,953 - INFO - [SBIN_NS] Inserted 193 rows (duplicates ignored)
2026-06-08 06:57:32,953 - INFO - Inserted 193 rows for SBIN.NS
2026-06-08 06:57:33,241 - INFO - [BHARTIARTL_NS] Inserted 193 rows (duplicates ignored)
2026-06-08 06:57:33,241 - INFO - Inserted 193 rows for BHARTIARTL.NS
2026-06-08 06:57:33,607 - INFO - [KOTAKBANK_NS] Inserted 193 rows (duplicates ignored)
2026-06-08 06:57:33,607 - INFO - Inserted 193 rows for KOTAKBANK.NS
2026-06-08 06:57:33,964 - INFO - [LT_NS] Inserted 193 rows (duplicates ignored)
2026-06-08 06:57:33,964 - INFO - Inserted 193 rows for LT.NS
2026-06-08 06:57:34,235 - INFO - [AXISBANK_NS] Inserted 193 rows (duplicates ignored)
2026-06-08 06:57:34,235 - INFO - Inserted 193 rows for AXISBANK.NS
2026-06-08 06:57:34,569 - INFO - [BAJFINANCE_NS] Inserted 193 rows (duplicates ignored)
2026-06-08 06:57:34,569 - INFO - Inserted 193 rows for BAJFINANCE.NS
2026-06-08 06:57:34,901 - INFO - [ASIANPAINT_NS] Inserted 193 rows (duplicates ignored)
2026-06-08 06:57:34,901 - INFO - Inserted 193 rows for ASIANPAINT.NS
2026-06-08 06:57:35,240 - INFO - [MARUTI_NS] Inserted 193 rows (duplicates ignored)
2026-06-08 06:57:35,240 - INFO - Inserted 193 rows for MARUTI.NS
2026-06-08 06:57:35,574 - INFO - [SUNPHARMA_NS] Inserted 193 rows (duplicates ignored)
2026-06-08 06:57:35,574 - INFO - Inserted 193 rows for SUNPHARMA.NS
2026-06-08 06:57:35,883 - INFO - [WIPRO_NS] Inserted 193 rows (duplicates ignored)
2026-06-08 06:57:35,883 - INFO - Inserted 193 rows for WIPRO.NS
2026-06-08 06:57:36,206 - INFO - [POWERGRID_NS] Inserted 193 rows (duplicates ignored)
2026-06-08 06:57:36,206 - INFO - Inserted 193 rows for POWERGRID.NS
2026-06-08 06:57:36,480 - INFO - [NTPC_NS] Inserted 193 rows (duplicates ignored)
2026-06-08 06:57:36,480 - INFO - Inserted 193 rows for NTPC.NS
2026-06-08 06:57:36,821 - INFO - [ONGC_NS] Inserted 193 rows (duplicates ignored)
2026-06-08 06:57:36,821 - INFO - Inserted 193 rows for ONGC.NS
2026-06-08 06:57:36,833 - INFO - Cycle complete. README updated.
2026-06-08 23:47:47,471 - INFO - Starting data fetch cycle...
2026-06-08 23:47:47,771 - INFO - [RELIANCE_NS] Inserted 375 rows (duplicates ignored)
2026-06-08 23:47:47,771 - INFO - Inserted 375 rows for RELIANCE.NS
2026-06-08 23:47:47,956 - INFO - [HDFCBANK_NS] Inserted 375 rows (duplicates ignored)
2026-06-08 23:47:47,957 - INFO - Inserted 375 rows for HDFCBANK.NS
2026-06-08 23:47:48,107 - INFO - [ICICIBANK_NS] Inserted 375 rows (duplicates ignored)
2026-06-08 23:47:48,107 - INFO - Inserted 375 rows for ICICIBANK.NS
2026-06-08 23:47:48,284 - INFO - [INFY_NS] Inserted 375 rows (duplicates ignored)
2026-06-08 23:47:48,284 - INFO - Inserted 375 rows for INFY.NS
2026-06-08 23:47:48,474 - INFO - [TCS_NS] Inserted 375 rows (duplicates ignored)
2026-06-08 23:47:48,474 - INFO - Inserted 375 rows for TCS.NS
2026-06-08 23:47:48,626 - INFO - [ITC_NS] Inserted 375 rows (duplicates ignored)
2026-06-08 23:47:48,626 - INFO - Inserted 375 rows for ITC.NS
2026-06-08 23:47:48,798 - INFO - [HINDUNILVR_NS] Inserted 375 rows (duplicates ignored)
2026-06-08 23:47:48,799 - INFO - Inserted 375 rows for HINDUNILVR.NS
2026-06-08 23:47:48,985 - INFO - [SBIN_NS] Inserted 375 rows (duplicates ignored)
2026-06-08 23:47:48,985 - INFO - Inserted 375 rows for SBIN.NS
2026-06-08 23:47:49,151 - INFO - [BHARTIARTL_NS] Inserted 375 rows (duplicates ignored)
2026-06-08 23:47:49,152 - INFO - Inserted 375 rows for BHARTIARTL.NS
2026-06-08 23:47:49,382 - INFO - [KOTAKBANK_NS] Inserted 375 rows (duplicates ignored)
2026-06-08 23:47:49,382 - INFO - Inserted 375 rows for KOTAKBANK.NS
2026-06-08 23:47:49,521 - INFO - [LT_NS] Inserted 375 rows (duplicates ignored)
2026-06-08 23:47:49,522 - INFO - Inserted 375 rows for LT.NS
2026-06-08 23:47:49,661 - INFO - [AXISBANK_NS] Inserted 375 rows (duplicates ignored)
2026-06-08 23:47:49,662 - INFO - Inserted 375 rows for AXISBANK.NS
2026-06-08 23:47:49,839 - INFO - [BAJFINANCE_NS] Inserted 375 rows (duplicates ignored)
2026-06-08 23:47:49,839 - INFO - Inserted 375 rows for BAJFINANCE.NS
2026-06-08 23:47:50,007 - INFO - [ASIANPAINT_NS] Inserted 375 rows (duplicates ignored)
2026-06-08 23:47:50,007 - INFO - Inserted 375 rows for ASIANPAINT.NS
2026-06-08 23:47:50,217 - INFO - [MARUTI_NS] Inserted 375 rows (duplicates ignored)
2026-06-08 23:47:50,217 - INFO - Inserted 375 rows for MARUTI.NS
2026-06-08 23:47:50,377 - INFO - [SUNPHARMA_NS] Inserted 375 rows (duplicates ignored)
2026-06-08 23:47:50,377 - INFO - Inserted 375 rows for SUNPHARMA.NS
2026-06-08 23:47:50,527 - INFO - [WIPRO_NS] Inserted 375 rows (duplicates ignored)
2026-06-08 23:47:50,527 - INFO - Inserted 375 rows for WIPRO.NS
2026-06-08 23:47:50,664 - INFO - [POWERGRID_NS] Inserted 375 rows (duplicates ignored)
2026-06-08 23:47:50,664 - INFO - Inserted 375 rows for POWERGRID.NS
2026-06-08 23:47:50,812 - INFO - [NTPC_NS] Inserted 375 rows (duplicates ignored)
2026-06-08 23:47:50,812 - INFO - Inserted 375 rows for NTPC.NS
2026-06-08 23:47:50,987 - INFO - [ONGC_NS] Inserted 375 rows (duplicates ignored)
2026-06-08 23:47:50,988 - INFO - Inserted 375 rows for ONGC.NS
2026-06-08 23:47:51,003 - INFO - Cycle complete. README updated.
2026-06-09 01:44:58,159 - INFO - Starting data fetch cycle...
2026-06-09 01:44:58,407 - INFO - [RELIANCE_NS] Inserted 375 rows (duplicates ignored)
2026-06-09 01:44:58,407 - INFO - Inserted 375 rows for RELIANCE.NS
2026-06-09 01:44:58,562 - INFO - [HDFCBANK_NS] Inserted 375 rows (duplicates ignored)
2026-06-09 01:44:58,562 - INFO - Inserted 375 rows for HDFCBANK.NS
2026-06-09 01:44:58,708 - INFO - [ICICIBANK_NS] Inserted 375 rows (duplicates ignored)
2026-06-09 01:44:58,709 - INFO - Inserted 375 rows for ICICIBANK.NS
2026-06-09 01:44:58,903 - INFO - [INFY_NS] Inserted 375 rows (duplicates ignored)
2026-06-09 01:44:58,903 - INFO - Inserted 375 rows for INFY.NS
2026-06-09 01:44:59,048 - INFO - [TCS_NS] Inserted 375 rows (duplicates ignored)
2026-06-09 01:44:59,049 - INFO - Inserted 375 rows for TCS.NS
2026-06-09 01:44:59,214 - INFO - [ITC_NS] Inserted 375 rows (duplicates ignored)
2026-06-09 01:44:59,214 - INFO - Inserted 375 rows for ITC.NS
2026-06-09 01:44:59,381 - INFO - [HINDUNILVR_NS] Inserted 375 rows (duplicates ignored)
2026-06-09 01:44:59,381 - INFO - Inserted 375 rows for HINDUNILVR.NS
2026-06-09 01:44:59,558 - INFO - [SBIN_NS] Inserted 375 rows (duplicates ignored)
2026-06-09 01:44:59,558 - INFO - Inserted 375 rows for SBIN.NS
2026-06-09 01:44:59,693 - INFO - [BHARTIARTL_NS] Inserted 375 rows (duplicates ignored)
2026-06-09 01:44:59,693 - INFO - Inserted 375 rows for BHARTIARTL.NS
2026-06-09 01:44:59,852 - INFO - [KOTAKBANK_NS] Inserted 375 rows (duplicates ignored)
2026-06-09 01:44:59,852 - INFO - Inserted 375 rows for KOTAKBANK.NS
2026-06-09 01:45:00,000 - INFO - [LT_NS] Inserted 375 rows (duplicates ignored)
2026-06-09 01:45:00,000 - INFO - Inserted 375 rows for LT.NS
2026-06-09 01:45:00,134 - INFO - [AXISBANK_NS] Inserted 375 rows (duplicates ignored)
2026-06-09 01:45:00,134 - INFO - Inserted 375 rows for AXISBANK.NS
2026-06-09 01:45:00,284 - INFO - [BAJFINANCE_NS] Inserted 375 rows (duplicates ignored)
2026-06-09 01:45:00,284 - INFO - Inserted 375 rows for BAJFINANCE.NS
2026-06-09 01:45:00,428 - INFO - [ASIANPAINT_NS] Inserted 375 rows (duplicates ignored)
2026-06-09 01:45:00,429 - INFO - Inserted 375 rows for ASIANPAINT.NS
2026-06-09 01:45:00,609 - INFO - [MARUTI_NS] Inserted 375 rows (duplicates ignored)
2026-06-09 01:45:00,609 - INFO - Inserted 375 rows for MARUTI.NS
2026-06-09 01:45:00,793 - INFO - [SUNPHARMA_NS] Inserted 375 rows (duplicates ignored)
2026-06-09 01:45:00,793 - INFO - Inserted 375 rows for SUNPHARMA.NS
2026-06-09 01:45:00,953 - INFO - [WIPRO_NS] Inserted 375 rows (duplicates ignored)
2026-06-09 01:45:00,953 - INFO - Inserted 375 rows for WIPRO.NS
2026-06-09 01:45:01,097 - INFO - [POWERGRID_NS] Inserted 375 rows (duplicates ignored)
2026-06-09 01:45:01,097 - INFO - Inserted 375 rows for POWERGRID.NS
2026-06-09 01:45:01,252 - INFO - [NTPC_NS] Inserted 375 rows (duplicates ignored)
2026-06-09 01:45:01,252 - INFO - Inserted 375 rows for NTPC.NS
2026-06-09 01:45:01,407 - INFO - [ONGC_NS] Inserted 375 rows (duplicates ignored)
2026-06-09 01:45:01,407 - INFO - Inserted 375 rows for ONGC.NS
2026-06-09 01:45:01,419 - INFO - Cycle complete. README updated.
2026-06-09 05:55:29,622 - INFO - Starting data fetch cycle...
2026-06-09 05:55:29,935 - INFO - [RELIANCE_NS] Inserted 131 rows (duplicates ignored)
2026-06-09 05:55:29,935 - INFO - Inserted 131 rows for RELIANCE.NS
2026-06-09 05:55:30,103 - INFO - [HDFCBANK_NS] Inserted 131 rows (duplicates ignored)
2026-06-09 05:55:30,103 - INFO - Inserted 131 rows for HDFCBANK.NS
2026-06-09 05:55:30,262 - INFO - [ICICIBANK_NS] Inserted 131 rows (duplicates ignored)
2026-06-09 05:55:30,262 - INFO - Inserted 131 rows for ICICIBANK.NS
2026-06-09 05:55:30,431 - INFO - [INFY_NS] Inserted 131 rows (duplicates ignored)
2026-06-09 05:55:30,431 - INFO - Inserted 131 rows for INFY.NS
2026-06-09 05:55:30,594 - INFO - [TCS_NS] Inserted 131 rows (duplicates ignored)
2026-06-09 05:55:30,595 - INFO - Inserted 131 rows for TCS.NS
2026-06-09 05:55:30,755 - INFO - [ITC_NS] Inserted 131 rows (duplicates ignored)
2026-06-09 05:55:30,755 - INFO - Inserted 131 rows for ITC.NS
2026-06-09 05:55:30,972 - INFO - [HINDUNILVR_NS] Inserted 131 rows (duplicates ignored)
2026-06-09 05:55:30,972 - INFO - Inserted 131 rows for HINDUNILVR.NS
2026-06-09 05:55:31,137 - INFO - [SBIN_NS] Inserted 131 rows (duplicates ignored)
2026-06-09 05:55:31,137 - INFO - Inserted 131 rows for SBIN.NS
2026-06-09 05:55:31,292 - INFO - [BHARTIARTL_NS] Inserted 131 rows (duplicates ignored)
2026-06-09 05:55:31,292 - INFO - Inserted 131 rows for BHARTIARTL.NS
2026-06-09 05:55:31,463 - INFO - [KOTAKBANK_NS] Inserted 131 rows (duplicates ignored)
2026-06-09 05:55:31,463 - INFO - Inserted 131 rows for KOTAKBANK.NS
2026-06-09 05:55:31,630 - INFO - [LT_NS] Inserted 131 rows (duplicates ignored)
2026-06-09 05:55:31,630 - INFO - Inserted 131 rows for LT.NS
2026-06-09 05:55:31,794 - INFO - [AXISBANK_NS] Inserted 131 rows (duplicates ignored)
2026-06-09 05:55:31,794 - INFO - Inserted 131 rows for AXISBANK.NS
2026-06-09 05:55:31,963 - INFO - [BAJFINANCE_NS] Inserted 131 rows (duplicates ignored)
2026-06-09 05:55:31,963 - INFO - Inserted 131 rows for BAJFINANCE.NS
2026-06-09 05:55:32,134 - INFO - [ASIANPAINT_NS] Inserted 131 rows (duplicates ignored)
2026-06-09 05:55:32,134 - INFO - Inserted 131 rows for ASIANPAINT.NS
2026-06-09 05:55:32,345 - INFO - [MARUTI_NS] Inserted 131 rows (duplicates ignored)
2026-06-09 05:55:32,345 - INFO - Inserted 131 rows for MARUTI.NS
2026-06-09 05:55:32,515 - INFO - [SUNPHARMA_NS] Inserted 131 rows (duplicates ignored)
2026-06-09 05:55:32,515 - INFO - Inserted 131 rows for SUNPHARMA.NS
2026-06-09 05:55:32,685 - INFO - [WIPRO_NS] Inserted 131 rows (duplicates ignored)
2026-06-09 05:55:32,685 - INFO - Inserted 131 rows for WIPRO.NS
2026-06-09 05:55:32,842 - INFO - [POWERGRID_NS] Inserted 131 rows (duplicates ignored)
2026-06-09 05:55:32,842 - INFO - Inserted 131 rows for POWERGRID.NS
2026-06-09 05:55:33,005 - INFO - [NTPC_NS] Inserted 131 rows (duplicates ignored)
2026-06-09 05:55:33,005 - INFO - Inserted 131 rows for NTPC.NS
2026-06-09 05:55:33,195 - INFO - [ONGC_NS] Inserted 131 rows (duplicates ignored)
2026-06-09 05:55:33,195 - INFO - Inserted 131 rows for ONGC.NS
2026-06-09 05:55:33,209 - INFO - Cycle complete. README updated.
2026-06-09 23:52:52,303 - INFO - Starting data fetch cycle...
2026-06-09 23:52:53,224 - INFO - [RELIANCE_NS] Inserted 375 rows (duplicates ignored)
2026-06-09 23:52:53,224 - INFO - Inserted 375 rows for RELIANCE.NS
2026-06-09 23:52:53,428 - INFO - [HDFCBANK_NS] Inserted 375 rows (duplicates ignored)
2026-06-09 23:52:53,428 - INFO - Inserted 375 rows for HDFCBANK.NS
2026-06-09 23:52:53,681 - INFO - [ICICIBANK_NS] Inserted 375 rows (duplicates ignored)
2026-06-09 23:52:53,682 - INFO - Inserted 375 rows for ICICIBANK.NS
2026-06-09 23:52:53,923 - INFO - [INFY_NS] Inserted 375 rows (duplicates ignored)
2026-06-09 23:52:53,923 - INFO - Inserted 375 rows for INFY.NS
2026-06-09 23:52:54,116 - INFO - [TCS_NS] Inserted 375 rows (duplicates ignored)
2026-06-09 23:52:54,116 - INFO - Inserted 375 rows for TCS.NS
2026-06-09 23:52:54,699 - INFO - [ITC_NS] Inserted 375 rows (duplicates ignored)
2026-06-09 23:52:54,699 - INFO - Inserted 375 rows for ITC.NS
2026-06-09 23:52:55,085 - INFO - [HINDUNILVR_NS] Inserted 375 rows (duplicates ignored)
2026-06-09 23:52:55,085 - INFO - Inserted 375 rows for HINDUNILVR.NS
2026-06-09 23:52:55,445 - INFO - [SBIN_NS] Inserted 375 rows (duplicates ignored)
2026-06-09 23:52:55,446 - INFO - Inserted 375 rows for SBIN.NS
2026-06-09 23:52:55,865 - INFO - [BHARTIARTL_NS] Inserted 375 rows (duplicates ignored)
2026-06-09 23:52:55,865 - INFO - Inserted 375 rows for BHARTIARTL.NS
2026-06-09 23:52:56,088 - INFO - [KOTAKBANK_NS] Inserted 375 rows (duplicates ignored)
2026-06-09 23:52:56,088 - INFO - Inserted 375 rows for KOTAKBANK.NS
2026-06-09 23:52:56,436 - INFO - [LT_NS] Inserted 375 rows (duplicates ignored)
2026-06-09 23:52:56,436 - INFO - Inserted 375 rows for LT.NS
2026-06-09 23:52:56,629 - INFO - [AXISBANK_NS] Inserted 375 rows (duplicates ignored)
2026-06-09 23:52:56,629 - INFO - Inserted 375 rows for AXISBANK.NS
2026-06-09 23:52:56,949 - INFO - [BAJFINANCE_NS] Inserted 375 rows (duplicates ignored)
2026-06-09 23:52:56,949 - INFO - Inserted 375 rows for BAJFINANCE.NS
2026-06-09 23:52:57,145 - INFO - [ASIANPAINT_NS] Inserted 375 rows (duplicates ignored)
2026-06-09 23:52:57,145 - INFO - Inserted 375 rows for ASIANPAINT.NS
2026-06-09 23:52:57,301 - INFO - [MARUTI_NS] Inserted 375 rows (duplicates ignored)
2026-06-09 23:52:57,301 - INFO - Inserted 375 rows for MARUTI.NS
2026-06-09 23:52:57,474 - INFO - [SUNPHARMA_NS] Inserted 375 rows (duplicates ignored)
2026-06-09 23:52:57,474 - INFO - Inserted 375 rows for SUNPHARMA.NS
2026-06-09 23:52:57,647 - INFO - [WIPRO_NS] Inserted 375 rows (duplicates ignored)
2026-06-09 23:52:57,647 - INFO - Inserted 375 rows for WIPRO.NS
2026-06-09 23:52:57,963 - INFO - [POWERGRID_NS] Inserted 375 rows (duplicates ignored)
2026-06-09 23:52:57,963 - INFO - Inserted 375 rows for POWERGRID.NS
2026-06-09 23:52:58,267 - INFO - [NTPC_NS] Inserted 375 rows (duplicates ignored)
2026-06-09 23:52:58,267 - INFO - Inserted 375 rows for NTPC.NS
2026-06-09 23:52:58,777 - INFO - [ONGC_NS] Inserted 375 rows (duplicates ignored)
2026-06-09 23:52:58,777 - INFO - Inserted 375 rows for ONGC.NS
2026-06-09 23:52:58,787 - INFO - Cycle complete. README updated.
2026-06-10 03:27:10,940 - INFO - Starting data fetch cycle...
2026-06-10 03:27:11,263 - INFO - [RELIANCE_NS] Inserted 375 rows (duplicates ignored)
2026-06-10 03:27:11,263 - INFO - Inserted 375 rows for RELIANCE.NS
2026-06-10 03:27:11,492 - INFO - [HDFCBANK_NS] Inserted 375 rows (duplicates ignored)
2026-06-10 03:27:11,492 - INFO - Inserted 375 rows for HDFCBANK.NS
2026-06-10 03:27:11,679 - INFO - [ICICIBANK_NS] Inserted 375 rows (duplicates ignored)
2026-06-10 03:27:11,679 - INFO - Inserted 375 rows for ICICIBANK.NS
2026-06-10 03:27:11,886 - INFO - [INFY_NS] Inserted 375 rows (duplicates ignored)
2026-06-10 03:27:11,887 - INFO - Inserted 375 rows for INFY.NS
2026-06-10 03:27:12,043 - INFO - [TCS_NS] Inserted 375 rows (duplicates ignored)
2026-06-10 03:27:12,043 - INFO - Inserted 375 rows for TCS.NS
2026-06-10 03:27:12,302 - INFO - [ITC_NS] Inserted 375 rows (duplicates ignored)
2026-06-10 03:27:12,303 - INFO - Inserted 375 rows for ITC.NS
2026-06-10 03:27:12,621 - INFO - [HINDUNILVR_NS] Inserted 375 rows (duplicates ignored)
2026-06-10 03:27:12,621 - INFO - Inserted 375 rows for HINDUNILVR.NS
2026-06-10 03:27:12,981 - INFO - [SBIN_NS] Inserted 375 rows (duplicates ignored)
2026-06-10 03:27:12,981 - INFO - Inserted 375 rows for SBIN.NS
2026-06-10 03:27:13,186 - INFO - [BHARTIARTL_NS] Inserted 375 rows (duplicates ignored)
2026-06-10 03:27:13,186 - INFO - Inserted 375 rows for BHARTIARTL.NS
2026-06-10 03:27:13,521 - INFO - [KOTAKBANK_NS] Inserted 375 rows (duplicates ignored)
2026-06-10 03:27:13,521 - INFO - Inserted 375 rows for KOTAKBANK.NS
2026-06-10 03:27:13,686 - INFO - [LT_NS] Inserted 375 rows (duplicates ignored)
2026-06-10 03:27:13,687 - INFO - Inserted 375 rows for LT.NS
2026-06-10 03:27:13,905 - INFO - [AXISBANK_NS] Inserted 375 rows (duplicates ignored)
2026-06-10 03:27:13,905 - INFO - Inserted 375 rows for AXISBANK.NS
2026-06-10 03:27:14,074 - INFO - [BAJFINANCE_NS] Inserted 375 rows (duplicates ignored)
2026-06-10 03:27:14,074 - INFO - Inserted 375 rows for BAJFINANCE.NS
2026-06-10 03:27:14,351 - INFO - [ASIANPAINT_NS] Inserted 375 rows (duplicates ignored)
2026-06-10 03:27:14,352 - INFO - Inserted 375 rows for ASIANPAINT.NS
2026-06-10 03:27:14,600 - INFO - [MARUTI_NS] Inserted 375 rows (duplicates ignored)
2026-06-10 03:27:14,600 - INFO - Inserted 375 rows for MARUTI.NS
2026-06-10 03:27:14,838 - INFO - [SUNPHARMA_NS] Inserted 375 rows (duplicates ignored)
2026-06-10 03:27:14,838 - INFO - Inserted 375 rows for SUNPHARMA.NS
2026-06-10 03:27:15,118 - INFO - [WIPRO_NS] Inserted 375 rows (duplicates ignored)
2026-06-10 03:27:15,118 - INFO - Inserted 375 rows for WIPRO.NS
2026-06-10 03:27:15,295 - INFO - [POWERGRID_NS] Inserted 375 rows (duplicates ignored)
2026-06-10 03:27:15,295 - INFO - Inserted 375 rows for POWERGRID.NS
2026-06-10 03:27:15,596 - INFO - [NTPC_NS] Inserted 375 rows (duplicates ignored)
2026-06-10 03:27:15,597 - INFO - Inserted 375 rows for NTPC.NS
2026-06-10 03:27:15,879 - INFO - [ONGC_NS] Inserted 375 rows (duplicates ignored)
2026-06-10 03:27:15,879 - INFO - Inserted 375 rows for ONGC.NS
2026-06-10 03:27:15,893 - INFO - Cycle complete. README updated.
2026-06-10 07:53:41,352 - INFO - Starting data fetch cycle...
2026-06-10 07:53:41,754 - INFO - [RELIANCE_NS] Inserted 249 rows (duplicates ignored)
2026-06-10 07:53:41,755 - INFO - Inserted 249 rows for RELIANCE.NS
2026-06-10 07:53:41,921 - INFO - [HDFCBANK_NS] Inserted 249 rows (duplicates ignored)
2026-06-10 07:53:41,921 - INFO - Inserted 249 rows for HDFCBANK.NS
2026-06-10 07:53:42,087 - INFO - [ICICIBANK_NS] Inserted 249 rows (duplicates ignored)
2026-06-10 07:53:42,087 - INFO - Inserted 249 rows for ICICIBANK.NS
2026-06-10 07:53:42,268 - INFO - [INFY_NS] Inserted 249 rows (duplicates ignored)
2026-06-10 07:53:42,268 - INFO - Inserted 249 rows for INFY.NS
2026-06-10 07:53:42,426 - INFO - [TCS_NS] Inserted 249 rows (duplicates ignored)
2026-06-10 07:53:42,426 - INFO - Inserted 249 rows for TCS.NS
2026-06-10 07:53:42,583 - INFO - [ITC_NS] Inserted 249 rows (duplicates ignored)
2026-06-10 07:53:42,583 - INFO - Inserted 249 rows for ITC.NS
2026-06-10 07:53:42,742 - INFO - [HINDUNILVR_NS] Inserted 249 rows (duplicates ignored)
2026-06-10 07:53:42,742 - INFO - Inserted 249 rows for HINDUNILVR.NS
2026-06-10 07:53:42,909 - INFO - [SBIN_NS] Inserted 249 rows (duplicates ignored)
2026-06-10 07:53:42,909 - INFO - Inserted 249 rows for SBIN.NS
2026-06-10 07:53:43,057 - INFO - [BHARTIARTL_NS] Inserted 249 rows (duplicates ignored)
2026-06-10 07:53:43,057 - INFO - Inserted 249 rows for BHARTIARTL.NS
2026-06-10 07:53:43,204 - INFO - [KOTAKBANK_NS] Inserted 249 rows (duplicates ignored)
2026-06-10 07:53:43,204 - INFO - Inserted 249 rows for KOTAKBANK.NS
2026-06-10 07:53:43,372 - INFO - [LT_NS] Inserted 249 rows (duplicates ignored)
2026-06-10 07:53:43,373 - INFO - Inserted 249 rows for LT.NS
2026-06-10 07:53:43,518 - INFO - [AXISBANK_NS] Inserted 249 rows (duplicates ignored)
2026-06-10 07:53:43,518 - INFO - Inserted 249 rows for AXISBANK.NS
2026-06-10 07:53:43,669 - INFO - [BAJFINANCE_NS] Inserted 249 rows (duplicates ignored)
2026-06-10 07:53:43,669 - INFO - Inserted 249 rows for BAJFINANCE.NS
2026-06-10 07:53:43,814 - INFO - [ASIANPAINT_NS] Inserted 249 rows (duplicates ignored)
2026-06-10 07:53:43,814 - INFO - Inserted 249 rows for ASIANPAINT.NS
2026-06-10 07:53:43,972 - INFO - [MARUTI_NS] Inserted 249 rows (duplicates ignored)
2026-06-10 07:53:43,972 - INFO - Inserted 249 rows for MARUTI.NS
2026-06-10 07:53:44,120 - INFO - [SUNPHARMA_NS] Inserted 249 rows (duplicates ignored)
2026-06-10 07:53:44,120 - INFO - Inserted 249 rows for SUNPHARMA.NS
2026-06-10 07:53:44,290 - INFO - [WIPRO_NS] Inserted 249 rows (duplicates ignored)
2026-06-10 07:53:44,290 - INFO - Inserted 249 rows for WIPRO.NS
2026-06-10 07:53:44,435 - INFO - [POWERGRID_NS] Inserted 249 rows (duplicates ignored)
2026-06-10 07:53:44,435 - INFO - Inserted 249 rows for POWERGRID.NS
2026-06-10 07:53:44,589 - INFO - [NTPC_NS] Inserted 249 rows (duplicates ignored)
2026-06-10 07:53:44,589 - INFO - Inserted 249 rows for NTPC.NS
2026-06-10 07:53:44,757 - INFO - [ONGC_NS] Inserted 249 rows (duplicates ignored)
2026-06-10 07:53:44,757 - INFO - Inserted 249 rows for ONGC.NS
2026-06-10 07:53:44,769 - INFO - Cycle complete. README updated.
2026-06-10 23:57:14,736 - INFO - Starting data fetch cycle...
2026-06-10 23:57:15,303 - INFO - [RELIANCE_NS] Inserted 375 rows (duplicates ignored)
2026-06-10 23:57:15,303 - INFO - Inserted 375 rows for RELIANCE.NS
2026-06-10 23:57:15,541 - INFO - [HDFCBANK_NS] Inserted 375 rows (duplicates ignored)
2026-06-10 23:57:15,541 - INFO - Inserted 375 rows for HDFCBANK.NS
2026-06-10 23:57:15,792 - INFO - [ICICIBANK_NS] Inserted 375 rows (duplicates ignored)
2026-06-10 23:57:15,792 - INFO - Inserted 375 rows for ICICIBANK.NS
2026-06-10 23:57:16,055 - INFO - [INFY_NS] Inserted 375 rows (duplicates ignored)
2026-06-10 23:57:16,055 - INFO - Inserted 375 rows for INFY.NS
2026-06-10 23:57:16,286 - INFO - [TCS_NS] Inserted 375 rows (duplicates ignored)
2026-06-10 23:57:16,286 - INFO - Inserted 375 rows for TCS.NS
2026-06-10 23:57:16,592 - INFO - [ITC_NS] Inserted 375 rows (duplicates ignored)
2026-06-10 23:57:16,592 - INFO - Inserted 375 rows for ITC.NS
2026-06-10 23:57:16,847 - INFO - [HINDUNILVR_NS] Inserted 375 rows (duplicates ignored)
2026-06-10 23:57:16,847 - INFO - Inserted 375 rows for HINDUNILVR.NS
2026-06-10 23:57:17,088 - INFO - [SBIN_NS] Inserted 375 rows (duplicates ignored)
2026-06-10 23:57:17,088 - INFO - Inserted 375 rows for SBIN.NS
2026-06-10 23:57:17,322 - INFO - [BHARTIARTL_NS] Inserted 375 rows (duplicates ignored)
2026-06-10 23:57:17,322 - INFO - Inserted 375 rows for BHARTIARTL.NS
2026-06-10 23:57:17,561 - INFO - [KOTAKBANK_NS] Inserted 375 rows (duplicates ignored)
2026-06-10 23:57:17,561 - INFO - Inserted 375 rows for KOTAKBANK.NS
2026-06-10 23:57:17,797 - INFO - [LT_NS] Inserted 375 rows (duplicates ignored)
2026-06-10 23:57:17,797 - INFO - Inserted 375 rows for LT.NS
2026-06-10 23:57:18,081 - INFO - [AXISBANK_NS] Inserted 375 rows (duplicates ignored)
2026-06-10 23:57:18,081 - INFO - Inserted 375 rows for AXISBANK.NS
2026-06-10 23:57:18,310 - INFO - [BAJFINANCE_NS] Inserted 375 rows (duplicates ignored)
2026-06-10 23:57:18,310 - INFO - Inserted 375 rows for BAJFINANCE.NS
2026-06-10 23:57:18,550 - INFO - [ASIANPAINT_NS] Inserted 375 rows (duplicates ignored)
2026-06-10 23:57:18,550 - INFO - Inserted 375 rows for ASIANPAINT.NS
2026-06-10 23:57:18,781 - INFO - [MARUTI_NS] Inserted 375 rows (duplicates ignored)
2026-06-10 23:57:18,782 - INFO - Inserted 375 rows for MARUTI.NS
2026-06-10 23:57:19,045 - INFO - [SUNPHARMA_NS] Inserted 375 rows (duplicates ignored)
2026-06-10 23:57:19,045 - INFO - Inserted 375 rows for SUNPHARMA.NS
2026-06-10 23:57:19,284 - INFO - [WIPRO_NS] Inserted 375 rows (duplicates ignored)
2026-06-10 23:57:19,284 - INFO - Inserted 375 rows for WIPRO.NS
2026-06-10 23:57:19,514 - INFO - [POWERGRID_NS] Inserted 375 rows (duplicates ignored)
2026-06-10 23:57:19,514 - INFO - Inserted 375 rows for POWERGRID.NS
2026-06-10 23:57:19,819 - INFO - [NTPC_NS] Inserted 375 rows (duplicates ignored)
2026-06-10 23:57:19,819 - INFO - Inserted 375 rows for NTPC.NS
2026-06-10 23:57:20,150 - INFO - [ONGC_NS] Inserted 375 rows (duplicates ignored)
2026-06-10 23:57:20,150 - INFO - Inserted 375 rows for ONGC.NS
2026-06-10 23:57:20,163 - INFO - Cycle complete. README updated.
2026-06-11 04:51:32,939 - INFO - Starting data fetch cycle...
2026-06-11 04:51:33,673 - INFO - [RELIANCE_NS] Inserted 67 rows (duplicates ignored)
2026-06-11 04:51:33,673 - INFO - Inserted 67 rows for RELIANCE.NS
2026-06-11 04:51:33,915 - INFO - [HDFCBANK_NS] Inserted 67 rows (duplicates ignored)
2026-06-11 04:51:33,915 - INFO - Inserted 67 rows for HDFCBANK.NS
2026-06-11 04:51:34,187 - INFO - [ICICIBANK_NS] Inserted 67 rows (duplicates ignored)
2026-06-11 04:51:34,187 - INFO - Inserted 67 rows for ICICIBANK.NS
2026-06-11 04:51:34,412 - INFO - [INFY_NS] Inserted 67 rows (duplicates ignored)
2026-06-11 04:51:34,412 - INFO - Inserted 67 rows for INFY.NS
2026-06-11 04:51:34,717 - INFO - [TCS_NS] Inserted 67 rows (duplicates ignored)
2026-06-11 04:51:34,717 - INFO - Inserted 67 rows for TCS.NS
2026-06-11 04:51:34,953 - INFO - [ITC_NS] Inserted 67 rows (duplicates ignored)
2026-06-11 04:51:34,953 - INFO - Inserted 67 rows for ITC.NS
2026-06-11 04:51:35,198 - INFO - [HINDUNILVR_NS] Inserted 67 rows (duplicates ignored)
2026-06-11 04:51:35,198 - INFO - Inserted 67 rows for HINDUNILVR.NS
2026-06-11 04:51:35,490 - INFO - [SBIN_NS] Inserted 67 rows (duplicates ignored)
2026-06-11 04:51:35,490 - INFO - Inserted 67 rows for SBIN.NS
2026-06-11 04:51:35,798 - INFO - [BHARTIARTL_NS] Inserted 67 rows (duplicates ignored)
2026-06-11 04:51:35,798 - INFO - Inserted 67 rows for BHARTIARTL.NS
2026-06-11 04:51:36,029 - INFO - [KOTAKBANK_NS] Inserted 67 rows (duplicates ignored)
2026-06-11 04:51:36,030 - INFO - Inserted 67 rows for KOTAKBANK.NS
2026-06-11 04:51:36,266 - INFO - [LT_NS] Inserted 67 rows (duplicates ignored)
2026-06-11 04:51:36,266 - INFO - Inserted 67 rows for LT.NS
2026-06-11 04:51:36,509 - INFO - [AXISBANK_NS] Inserted 67 rows (duplicates ignored)
2026-06-11 04:51:36,509 - INFO - Inserted 67 rows for AXISBANK.NS
2026-06-11 04:51:36,736 - INFO - [BAJFINANCE_NS] Inserted 67 rows (duplicates ignored)
2026-06-11 04:51:36,736 - INFO - Inserted 67 rows for BAJFINANCE.NS
2026-06-11 04:51:36,960 - INFO - [ASIANPAINT_NS] Inserted 67 rows (duplicates ignored)
2026-06-11 04:51:36,961 - INFO - Inserted 67 rows for ASIANPAINT.NS
2026-06-11 04:51:37,185 - INFO - [MARUTI_NS] Inserted 67 rows (duplicates ignored)
2026-06-11 04:51:37,185 - INFO - Inserted 67 rows for MARUTI.NS
2026-06-11 04:51:37,486 - INFO - [SUNPHARMA_NS] Inserted 67 rows (duplicates ignored)
2026-06-11 04:51:37,486 - INFO - Inserted 67 rows for SUNPHARMA.NS
2026-06-11 04:51:37,821 - INFO - [WIPRO_NS] Inserted 67 rows (duplicates ignored)
2026-06-11 04:51:37,821 - INFO - Inserted 67 rows for WIPRO.NS
2026-06-11 04:51:38,080 - INFO - [POWERGRID_NS] Inserted 67 rows (duplicates ignored)
2026-06-11 04:51:38,080 - INFO - Inserted 67 rows for POWERGRID.NS
2026-06-11 04:51:38,316 - INFO - [NTPC_NS] Inserted 67 rows (duplicates ignored)
2026-06-11 04:51:38,316 - INFO - Inserted 67 rows for NTPC.NS
2026-06-11 04:51:38,778 - INFO - [ONGC_NS] Inserted 67 rows (duplicates ignored)
2026-06-11 04:51:38,778 - INFO - Inserted 67 rows for ONGC.NS
2026-06-11 04:51:38,785 - INFO - Cycle complete. README updated.
2026-06-11 09:09:13,952 - INFO - Starting data fetch cycle...
2026-06-11 09:09:14,436 - INFO - [RELIANCE_NS] Inserted 325 rows (duplicates ignored)
2026-06-11 09:09:14,436 - INFO - Inserted 325 rows for RELIANCE.NS
2026-06-11 09:09:14,612 - INFO - [HDFCBANK_NS] Inserted 325 rows (duplicates ignored)
2026-06-11 09:09:14,612 - INFO - Inserted 325 rows for HDFCBANK.NS
2026-06-11 09:09:14,787 - INFO - [ICICIBANK_NS] Inserted 325 rows (duplicates ignored)
2026-06-11 09:09:14,787 - INFO - Inserted 325 rows for ICICIBANK.NS
2026-06-11 09:09:14,976 - INFO - [INFY_NS] Inserted 325 rows (duplicates ignored)
2026-06-11 09:09:14,976 - INFO - Inserted 325 rows for INFY.NS
2026-06-11 09:09:15,247 - INFO - [TCS_NS] Inserted 325 rows (duplicates ignored)
2026-06-11 09:09:15,247 - INFO - Inserted 325 rows for TCS.NS
2026-06-11 09:09:15,541 - INFO - [ITC_NS] Inserted 325 rows (duplicates ignored)
2026-06-11 09:09:15,541 - INFO - Inserted 325 rows for ITC.NS
2026-06-11 09:09:15,811 - INFO - [HINDUNILVR_NS] Inserted 325 rows (duplicates ignored)
2026-06-11 09:09:15,811 - INFO - Inserted 325 rows for HINDUNILVR.NS
2026-06-11 09:09:16,032 - INFO - [SBIN_NS] Inserted 325 rows (duplicates ignored)
2026-06-11 09:09:16,032 - INFO - Inserted 325 rows for SBIN.NS
2026-06-11 09:09:16,282 - INFO - [BHARTIARTL_NS] Inserted 325 rows (duplicates ignored)
2026-06-11 09:09:16,282 - INFO - Inserted 325 rows for BHARTIARTL.NS
2026-06-11 09:09:16,492 - INFO - [KOTAKBANK_NS] Inserted 325 rows (duplicates ignored)
2026-06-11 09:09:16,493 - INFO - Inserted 325 rows for KOTAKBANK.NS
2026-06-11 09:09:16,632 - INFO - [LT_NS] Inserted 325 rows (duplicates ignored)
2026-06-11 09:09:16,632 - INFO - Inserted 325 rows for LT.NS
2026-06-11 09:09:16,961 - INFO - [AXISBANK_NS] Inserted 325 rows (duplicates ignored)
2026-06-11 09:09:16,961 - INFO - Inserted 325 rows for AXISBANK.NS
2026-06-11 09:09:17,173 - INFO - [BAJFINANCE_NS] Inserted 325 rows (duplicates ignored)
2026-06-11 09:09:17,173 - INFO - Inserted 325 rows for BAJFINANCE.NS
2026-06-11 09:09:17,322 - INFO - [ASIANPAINT_NS] Inserted 325 rows (duplicates ignored)
2026-06-11 09:09:17,322 - INFO - Inserted 325 rows for ASIANPAINT.NS
2026-06-11 09:09:17,593 - INFO - [MARUTI_NS] Inserted 325 rows (duplicates ignored)
2026-06-11 09:09:17,593 - INFO - Inserted 325 rows for MARUTI.NS
2026-06-11 09:09:17,777 - INFO - [SUNPHARMA_NS] Inserted 325 rows (duplicates ignored)
2026-06-11 09:09:17,778 - INFO - Inserted 325 rows for SUNPHARMA.NS
2026-06-11 09:09:18,029 - INFO - [WIPRO_NS] Inserted 325 rows (duplicates ignored)
2026-06-11 09:09:18,029 - INFO - Inserted 325 rows for WIPRO.NS
2026-06-11 09:09:18,265 - INFO - [POWERGRID_NS] Inserted 325 rows (duplicates ignored)
2026-06-11 09:09:18,265 - INFO - Inserted 325 rows for POWERGRID.NS
2026-06-11 09:09:18,525 - INFO - [NTPC_NS] Inserted 325 rows (duplicates ignored)
2026-06-11 09:09:18,525 - INFO - Inserted 325 rows for NTPC.NS
2026-06-11 09:09:18,775 - INFO - [ONGC_NS] Inserted 325 rows (duplicates ignored)
2026-06-11 09:09:18,775 - INFO - Inserted 325 rows for ONGC.NS
2026-06-11 09:09:18,789 - INFO - Cycle complete. README updated.
2026-06-12 00:04:12,115 - INFO - Starting data fetch cycle...
2026-06-12 00:04:12,468 - INFO - [RELIANCE_NS] Inserted 375 rows (duplicates ignored)
2026-06-12 00:04:12,468 - INFO - Inserted 375 rows for RELIANCE.NS
2026-06-12 00:04:12,626 - INFO - [HDFCBANK_NS] Inserted 375 rows (duplicates ignored)
2026-06-12 00:04:12,626 - INFO - Inserted 375 rows for HDFCBANK.NS
2026-06-12 00:04:12,801 - INFO - [ICICIBANK_NS] Inserted 375 rows (duplicates ignored)
2026-06-12 00:04:12,801 - INFO - Inserted 375 rows for ICICIBANK.NS
2026-06-12 00:04:12,950 - INFO - [INFY_NS] Inserted 375 rows (duplicates ignored)
2026-06-12 00:04:12,950 - INFO - Inserted 375 rows for INFY.NS
2026-06-12 00:04:13,088 - INFO - [TCS_NS] Inserted 375 rows (duplicates ignored)
2026-06-12 00:04:13,088 - INFO - Inserted 375 rows for TCS.NS
2026-06-12 00:04:13,270 - INFO - [ITC_NS] Inserted 375 rows (duplicates ignored)
2026-06-12 00:04:13,271 - INFO - Inserted 375 rows for ITC.NS
2026-06-12 00:04:13,463 - INFO - [HINDUNILVR_NS] Inserted 375 rows (duplicates ignored)
2026-06-12 00:04:13,463 - INFO - Inserted 375 rows for HINDUNILVR.NS
2026-06-12 00:04:13,611 - INFO - [SBIN_NS] Inserted 375 rows (duplicates ignored)
2026-06-12 00:04:13,612 - INFO - Inserted 375 rows for SBIN.NS
2026-06-12 00:04:13,773 - INFO - [BHARTIARTL_NS] Inserted 375 rows (duplicates ignored)
2026-06-12 00:04:13,773 - INFO - Inserted 375 rows for BHARTIARTL.NS
2026-06-12 00:04:13,945 - INFO - [KOTAKBANK_NS] Inserted 375 rows (duplicates ignored)
2026-06-12 00:04:13,946 - INFO - Inserted 375 rows for KOTAKBANK.NS
2026-06-12 00:04:14,126 - INFO - [LT_NS] Inserted 375 rows (duplicates ignored)
2026-06-12 00:04:14,126 - INFO - Inserted 375 rows for LT.NS
2026-06-12 00:04:14,299 - INFO - [AXISBANK_NS] Inserted 375 rows (duplicates ignored)
2026-06-12 00:04:14,299 - INFO - Inserted 375 rows for AXISBANK.NS
2026-06-12 00:04:14,459 - INFO - [BAJFINANCE_NS] Inserted 375 rows (duplicates ignored)
2026-06-12 00:04:14,459 - INFO - Inserted 375 rows for BAJFINANCE.NS
2026-06-12 00:04:14,608 - INFO - [ASIANPAINT_NS] Inserted 375 rows (duplicates ignored)
2026-06-12 00:04:14,608 - INFO - Inserted 375 rows for ASIANPAINT.NS
2026-06-12 00:04:14,766 - INFO - [MARUTI_NS] Inserted 375 rows (duplicates ignored)
2026-06-12 00:04:14,767 - INFO - Inserted 375 rows for MARUTI.NS
2026-06-12 00:04:14,924 - INFO - [SUNPHARMA_NS] Inserted 375 rows (duplicates ignored)
2026-06-12 00:04:14,924 - INFO - Inserted 375 rows for SUNPHARMA.NS
2026-06-12 00:04:15,138 - INFO - [WIPRO_NS] Inserted 375 rows (duplicates ignored)
2026-06-12 00:04:15,138 - INFO - Inserted 375 rows for WIPRO.NS
2026-06-12 00:04:15,290 - INFO - [POWERGRID_NS] Inserted 375 rows (duplicates ignored)
2026-06-12 00:04:15,290 - INFO - Inserted 375 rows for POWERGRID.NS
2026-06-12 00:04:15,459 - INFO - [NTPC_NS] Inserted 375 rows (duplicates ignored)
2026-06-12 00:04:15,459 - INFO - Inserted 375 rows for NTPC.NS
2026-06-12 00:04:15,618 - INFO - [ONGC_NS] Inserted 375 rows (duplicates ignored)
2026-06-12 00:04:15,618 - INFO - Inserted 375 rows for ONGC.NS
2026-06-12 00:04:15,632 - INFO - Cycle complete. README updated.
2026-06-12 04:59:50,073 - INFO - Starting data fetch cycle...
2026-06-12 04:59:50,472 - INFO - [RELIANCE_NS] Inserted 75 rows (duplicates ignored)
2026-06-12 04:59:50,472 - INFO - Inserted 75 rows for RELIANCE.NS
2026-06-12 04:59:50,618 - INFO - [HDFCBANK_NS] Inserted 75 rows (duplicates ignored)
2026-06-12 04:59:50,618 - INFO - Inserted 75 rows for HDFCBANK.NS
2026-06-12 04:59:50,786 - INFO - [ICICIBANK_NS] Inserted 75 rows (duplicates ignored)
2026-06-12 04:59:50,786 - INFO - Inserted 75 rows for ICICIBANK.NS
2026-06-12 04:59:50,952 - INFO - [INFY_NS] Inserted 75 rows (duplicates ignored)
2026-06-12 04:59:50,952 - INFO - Inserted 75 rows for INFY.NS
2026-06-12 04:59:51,199 - INFO - [TCS_NS] Inserted 75 rows (duplicates ignored)
2026-06-12 04:59:51,200 - INFO - Inserted 75 rows for TCS.NS
2026-06-12 04:59:51,365 - INFO - [ITC_NS] Inserted 75 rows (duplicates ignored)
2026-06-12 04:59:51,365 - INFO - Inserted 75 rows for ITC.NS
2026-06-12 04:59:51,517 - INFO - [HINDUNILVR_NS] Inserted 75 rows (duplicates ignored)
2026-06-12 04:59:51,517 - INFO - Inserted 75 rows for HINDUNILVR.NS
2026-06-12 04:59:51,661 - INFO - [SBIN_NS] Inserted 75 rows (duplicates ignored)
2026-06-12 04:59:51,661 - INFO - Inserted 75 rows for SBIN.NS
2026-06-12 04:59:51,835 - INFO - [BHARTIARTL_NS] Inserted 75 rows (duplicates ignored)
2026-06-12 04:59:51,835 - INFO - Inserted 75 rows for BHARTIARTL.NS
2026-06-12 04:59:51,960 - INFO - [KOTAKBANK_NS] Inserted 75 rows (duplicates ignored)
2026-06-12 04:59:51,960 - INFO - Inserted 75 rows for KOTAKBANK.NS
2026-06-12 04:59:52,208 - INFO - [LT_NS] Inserted 75 rows (duplicates ignored)
2026-06-12 04:59:52,209 - INFO - Inserted 75 rows for LT.NS
2026-06-12 04:59:52,355 - INFO - [AXISBANK_NS] Inserted 75 rows (duplicates ignored)
2026-06-12 04:59:52,355 - INFO - Inserted 75 rows for AXISBANK.NS
2026-06-12 04:59:52,480 - INFO - [BAJFINANCE_NS] Inserted 75 rows (duplicates ignored)
2026-06-12 04:59:52,480 - INFO - Inserted 75 rows for BAJFINANCE.NS
2026-06-12 04:59:52,729 - INFO - [ASIANPAINT_NS] Inserted 75 rows (duplicates ignored)
2026-06-12 04:59:52,729 - INFO - Inserted 75 rows for ASIANPAINT.NS
2026-06-12 04:59:52,877 - INFO - [MARUTI_NS] Inserted 75 rows (duplicates ignored)
2026-06-12 04:59:52,877 - INFO - Inserted 75 rows for MARUTI.NS
2026-06-12 04:59:53,030 - INFO - [SUNPHARMA_NS] Inserted 75 rows (duplicates ignored)
2026-06-12 04:59:53,030 - INFO - Inserted 75 rows for SUNPHARMA.NS
2026-06-12 04:59:53,461 - INFO - [WIPRO_NS] Inserted 75 rows (duplicates ignored)
2026-06-12 04:59:53,461 - INFO - Inserted 75 rows for WIPRO.NS
2026-06-12 04:59:53,720 - INFO - [POWERGRID_NS] Inserted 75 rows (duplicates ignored)
2026-06-12 04:59:53,720 - INFO - Inserted 75 rows for POWERGRID.NS
2026-06-12 04:59:54,281 - INFO - [NTPC_NS] Inserted 75 rows (duplicates ignored)
2026-06-12 04:59:54,281 - INFO - Inserted 75 rows for NTPC.NS
2026-06-12 04:59:54,489 - INFO - [ONGC_NS] Inserted 75 rows (duplicates ignored)
2026-06-12 04:59:54,489 - INFO - Inserted 75 rows for ONGC.NS
2026-06-12 04:59:54,501 - INFO - Cycle complete. README updated.
2026-06-12 09:08:36,813 - INFO - Starting data fetch cycle...
2026-06-12 09:08:37,192 - INFO - [RELIANCE_NS] Inserted 324 rows (duplicates ignored)
2026-06-12 09:08:37,193 - INFO - Inserted 324 rows for RELIANCE.NS
2026-06-12 09:08:37,452 - INFO - [HDFCBANK_NS] Inserted 324 rows (duplicates ignored)
2026-06-12 09:08:37,452 - INFO - Inserted 324 rows for HDFCBANK.NS
2026-06-12 09:08:37,692 - INFO - [ICICIBANK_NS] Inserted 324 rows (duplicates ignored)
2026-06-12 09:08:37,692 - INFO - Inserted 324 rows for ICICIBANK.NS
2026-06-12 09:08:37,829 - INFO - [INFY_NS] Inserted 324 rows (duplicates ignored)
2026-06-12 09:08:37,830 - INFO - Inserted 324 rows for INFY.NS
2026-06-12 09:08:38,014 - INFO - [TCS_NS] Inserted 324 rows (duplicates ignored)
2026-06-12 09:08:38,015 - INFO - Inserted 324 rows for TCS.NS
2026-06-12 09:08:38,413 - INFO - [ITC_NS] Inserted 324 rows (duplicates ignored)
2026-06-12 09:08:38,413 - INFO - Inserted 324 rows for ITC.NS
2026-06-12 09:08:38,548 - INFO - [HINDUNILVR_NS] Inserted 324 rows (duplicates ignored)
2026-06-12 09:08:38,548 - INFO - Inserted 324 rows for HINDUNILVR.NS
2026-06-12 09:08:38,867 - INFO - [SBIN_NS] Inserted 324 rows (duplicates ignored)
2026-06-12 09:08:38,867 - INFO - Inserted 324 rows for SBIN.NS
2026-06-12 09:08:38,992 - INFO - [BHARTIARTL_NS] Inserted 324 rows (duplicates ignored)
2026-06-12 09:08:38,992 - INFO - Inserted 324 rows for BHARTIARTL.NS
2026-06-12 09:08:39,131 - INFO - [KOTAKBANK_NS] Inserted 324 rows (duplicates ignored)
2026-06-12 09:08:39,131 - INFO - Inserted 324 rows for KOTAKBANK.NS
2026-06-12 09:08:39,319 - INFO - [LT_NS] Inserted 324 rows (duplicates ignored)
2026-06-12 09:08:39,319 - INFO - Inserted 324 rows for LT.NS
2026-06-12 09:08:39,515 - INFO - [AXISBANK_NS] Inserted 324 rows (duplicates ignored)
2026-06-12 09:08:39,515 - INFO - Inserted 324 rows for AXISBANK.NS
2026-06-12 09:08:39,712 - INFO - [BAJFINANCE_NS] Inserted 324 rows (duplicates ignored)
2026-06-12 09:08:39,712 - INFO - Inserted 324 rows for BAJFINANCE.NS
2026-06-12 09:08:39,975 - INFO - [ASIANPAINT_NS] Inserted 324 rows (duplicates ignored)
2026-06-12 09:08:39,975 - INFO - Inserted 324 rows for ASIANPAINT.NS
2026-06-12 09:08:40,211 - INFO - [MARUTI_NS] Inserted 324 rows (duplicates ignored)
2026-06-12 09:08:40,211 - INFO - Inserted 324 rows for MARUTI.NS
2026-06-12 09:08:40,473 - INFO - [SUNPHARMA_NS] Inserted 324 rows (duplicates ignored)
2026-06-12 09:08:40,473 - INFO - Inserted 324 rows for SUNPHARMA.NS
2026-06-12 09:08:40,662 - INFO - [WIPRO_NS] Inserted 324 rows (duplicates ignored)
2026-06-12 09:08:40,662 - INFO - Inserted 324 rows for WIPRO.NS
2026-06-12 09:08:40,811 - INFO - [POWERGRID_NS] Inserted 324 rows (duplicates ignored)
2026-06-12 09:08:40,811 - INFO - Inserted 324 rows for POWERGRID.NS
2026-06-12 09:08:40,948 - INFO - [NTPC_NS] Inserted 324 rows (duplicates ignored)
2026-06-12 09:08:40,948 - INFO - Inserted 324 rows for NTPC.NS
2026-06-12 09:08:41,105 - INFO - [ONGC_NS] Inserted 324 rows (duplicates ignored)
2026-06-12 09:08:41,105 - INFO - Inserted 324 rows for ONGC.NS
2026-06-12 09:08:41,117 - INFO - Cycle complete. README updated.
2026-06-14 23:46:57,265 - INFO - Starting data fetch cycle...
2026-06-14 23:46:57,831 - INFO - [RELIANCE_NS] Inserted 375 rows (duplicates ignored)
2026-06-14 23:46:57,831 - INFO - Inserted 375 rows for RELIANCE.NS
2026-06-14 23:46:58,009 - INFO - [HDFCBANK_NS] Inserted 375 rows (duplicates ignored)
2026-06-14 23:46:58,009 - INFO - Inserted 375 rows for HDFCBANK.NS
2026-06-14 23:46:58,186 - INFO - [ICICIBANK_NS] Inserted 375 rows (duplicates ignored)
2026-06-14 23:46:58,186 - INFO - Inserted 375 rows for ICICIBANK.NS
2026-06-14 23:46:58,346 - INFO - [INFY_NS] Inserted 375 rows (duplicates ignored)
2026-06-14 23:46:58,346 - INFO - Inserted 375 rows for INFY.NS
2026-06-14 23:46:58,526 - INFO - [TCS_NS] Inserted 375 rows (duplicates ignored)
2026-06-14 23:46:58,526 - INFO - Inserted 375 rows for TCS.NS
2026-06-14 23:46:58,692 - INFO - [ITC_NS] Inserted 375 rows (duplicates ignored)
2026-06-14 23:46:58,692 - INFO - Inserted 375 rows for ITC.NS
2026-06-14 23:46:58,862 - INFO - [HINDUNILVR_NS] Inserted 375 rows (duplicates ignored)
2026-06-14 23:46:58,862 - INFO - Inserted 375 rows for HINDUNILVR.NS
2026-06-14 23:46:59,049 - INFO - [SBIN_NS] Inserted 375 rows (duplicates ignored)
2026-06-14 23:46:59,049 - INFO - Inserted 375 rows for SBIN.NS
2026-06-14 23:46:59,196 - INFO - [BHARTIARTL_NS] Inserted 375 rows (duplicates ignored)
2026-06-14 23:46:59,196 - INFO - Inserted 375 rows for BHARTIARTL.NS
2026-06-14 23:46:59,364 - INFO - [KOTAKBANK_NS] Inserted 375 rows (duplicates ignored)
2026-06-14 23:46:59,364 - INFO - Inserted 375 rows for KOTAKBANK.NS
2026-06-14 23:46:59,529 - INFO - [LT_NS] Inserted 375 rows (duplicates ignored)
2026-06-14 23:46:59,529 - INFO - Inserted 375 rows for LT.NS
2026-06-14 23:46:59,696 - INFO - [AXISBANK_NS] Inserted 375 rows (duplicates ignored)
2026-06-14 23:46:59,697 - INFO - Inserted 375 rows for AXISBANK.NS
2026-06-14 23:46:59,866 - INFO - [BAJFINANCE_NS] Inserted 375 rows (duplicates ignored)
2026-06-14 23:46:59,866 - INFO - Inserted 375 rows for BAJFINANCE.NS
2026-06-14 23:47:00,072 - INFO - [ASIANPAINT_NS] Inserted 375 rows (duplicates ignored)
2026-06-14 23:47:00,072 - INFO - Inserted 375 rows for ASIANPAINT.NS
2026-06-14 23:47:00,242 - INFO - [MARUTI_NS] Inserted 375 rows (duplicates ignored)
2026-06-14 23:47:00,243 - INFO - Inserted 375 rows for MARUTI.NS
2026-06-14 23:47:00,411 - INFO - [SUNPHARMA_NS] Inserted 375 rows (duplicates ignored)
2026-06-14 23:47:00,411 - INFO - Inserted 375 rows for SUNPHARMA.NS
2026-06-14 23:47:00,628 - INFO - [WIPRO_NS] Inserted 375 rows (duplicates ignored)
2026-06-14 23:47:00,628 - INFO - Inserted 375 rows for WIPRO.NS
2026-06-14 23:47:00,776 - INFO - [POWERGRID_NS] Inserted 375 rows (duplicates ignored)
2026-06-14 23:47:00,776 - INFO - Inserted 375 rows for POWERGRID.NS
2026-06-14 23:47:00,954 - INFO - [NTPC_NS] Inserted 375 rows (duplicates ignored)
2026-06-14 23:47:00,954 - INFO - Inserted 375 rows for NTPC.NS
2026-06-14 23:47:01,133 - INFO - [ONGC_NS] Inserted 375 rows (duplicates ignored)
2026-06-14 23:47:01,133 - INFO - Inserted 375 rows for ONGC.NS
2026-06-14 23:47:01,145 - INFO - Cycle complete. README updated.
2026-06-15 02:08:53,496 - INFO - Starting data fetch cycle...
2026-06-15 02:08:55,702 - INFO - [RELIANCE_NS] Inserted 375 rows (duplicates ignored)
2026-06-15 02:08:55,702 - INFO - Inserted 375 rows for RELIANCE.NS
2026-06-15 02:08:56,073 - INFO - [HDFCBANK_NS] Inserted 375 rows (duplicates ignored)
2026-06-15 02:08:56,073 - INFO - Inserted 375 rows for HDFCBANK.NS
2026-06-15 02:08:56,411 - INFO - [ICICIBANK_NS] Inserted 375 rows (duplicates ignored)
2026-06-15 02:08:56,412 - INFO - Inserted 375 rows for ICICIBANK.NS
2026-06-15 02:08:56,764 - INFO - [INFY_NS] Inserted 375 rows (duplicates ignored)
2026-06-15 02:08:56,764 - INFO - Inserted 375 rows for INFY.NS
2026-06-15 02:08:57,033 - INFO - [TCS_NS] Inserted 375 rows (duplicates ignored)
2026-06-15 02:08:57,033 - INFO - Inserted 375 rows for TCS.NS
2026-06-15 02:08:57,388 - INFO - [ITC_NS] Inserted 375 rows (duplicates ignored)
2026-06-15 02:08:57,388 - INFO - Inserted 375 rows for ITC.NS
2026-06-15 02:08:57,717 - INFO - [HINDUNILVR_NS] Inserted 375 rows (duplicates ignored)
2026-06-15 02:08:57,717 - INFO - Inserted 375 rows for HINDUNILVR.NS
2026-06-15 02:08:58,034 - INFO - [SBIN_NS] Inserted 375 rows (duplicates ignored)
2026-06-15 02:08:58,034 - INFO - Inserted 375 rows for SBIN.NS
2026-06-15 02:09:02,404 - INFO - [BHARTIARTL_NS] Inserted 375 rows (duplicates ignored)
2026-06-15 02:09:02,404 - INFO - Inserted 375 rows for BHARTIARTL.NS
2026-06-15 02:09:02,741 - INFO - [KOTAKBANK_NS] Inserted 375 rows (duplicates ignored)
2026-06-15 02:09:02,741 - INFO - Inserted 375 rows for KOTAKBANK.NS
2026-06-15 02:09:03,088 - INFO - [LT_NS] Inserted 375 rows (duplicates ignored)
2026-06-15 02:09:03,088 - INFO - Inserted 375 rows for LT.NS
2026-06-15 02:09:03,411 - INFO - [AXISBANK_NS] Inserted 375 rows (duplicates ignored)
2026-06-15 02:09:03,412 - INFO - Inserted 375 rows for AXISBANK.NS
2026-06-15 02:09:03,716 - INFO - [BAJFINANCE_NS] Inserted 375 rows (duplicates ignored)
2026-06-15 02:09:03,716 - INFO - Inserted 375 rows for BAJFINANCE.NS
2026-06-15 02:09:04,105 - INFO - [ASIANPAINT_NS] Inserted 375 rows (duplicates ignored)
2026-06-15 02:09:04,105 - INFO - Inserted 375 rows for ASIANPAINT.NS
2026-06-15 02:09:04,453 - INFO - [MARUTI_NS] Inserted 375 rows (duplicates ignored)
2026-06-15 02:09:04,453 - INFO - Inserted 375 rows for MARUTI.NS
2026-06-15 02:09:04,780 - INFO - [SUNPHARMA_NS] Inserted 375 rows (duplicates ignored)
2026-06-15 02:09:04,780 - INFO - Inserted 375 rows for SUNPHARMA.NS
2026-06-15 02:09:05,141 - INFO - [WIPRO_NS] Inserted 375 rows (duplicates ignored)
2026-06-15 02:09:05,141 - INFO - Inserted 375 rows for WIPRO.NS
2026-06-15 02:09:05,418 - INFO - [POWERGRID_NS] Inserted 375 rows (duplicates ignored)
2026-06-15 02:09:05,418 - INFO - Inserted 375 rows for POWERGRID.NS
2026-06-15 02:09:05,856 - INFO - [NTPC_NS] Inserted 375 rows (duplicates ignored)
2026-06-15 02:09:05,857 - INFO - Inserted 375 rows for NTPC.NS
2026-06-15 02:09:06,226 - INFO - [ONGC_NS] Inserted 375 rows (duplicates ignored)
2026-06-15 02:09:06,226 - INFO - Inserted 375 rows for ONGC.NS
2026-06-15 02:09:06,238 - INFO - Cycle complete. README updated.
2026-06-15 07:39:16,575 - INFO - Starting data fetch cycle...
2026-06-15 07:39:17,289 - INFO - [RELIANCE_NS] Inserted 235 rows (duplicates ignored)
2026-06-15 07:39:17,289 - INFO - Inserted 235 rows for RELIANCE.NS
2026-06-15 07:39:17,542 - INFO - [HDFCBANK_NS] Inserted 235 rows (duplicates ignored)
2026-06-15 07:39:17,542 - INFO - Inserted 235 rows for HDFCBANK.NS
2026-06-15 07:39:17,777 - INFO - [ICICIBANK_NS] Inserted 235 rows (duplicates ignored)
2026-06-15 07:39:17,777 - INFO - Inserted 235 rows for ICICIBANK.NS
2026-06-15 07:39:18,041 - INFO - [INFY_NS] Inserted 235 rows (duplicates ignored)
2026-06-15 07:39:18,041 - INFO - Inserted 235 rows for INFY.NS
2026-06-15 07:39:18,277 - INFO - [TCS_NS] Inserted 235 rows (duplicates ignored)
2026-06-15 07:39:18,277 - INFO - Inserted 235 rows for TCS.NS
2026-06-15 07:39:18,515 - INFO - [ITC_NS] Inserted 235 rows (duplicates ignored)
2026-06-15 07:39:18,515 - INFO - Inserted 235 rows for ITC.NS
2026-06-15 07:39:18,757 - INFO - [HINDUNILVR_NS] Inserted 235 rows (duplicates ignored)
2026-06-15 07:39:18,757 - INFO - Inserted 235 rows for HINDUNILVR.NS
2026-06-15 07:39:18,998 - INFO - [SBIN_NS] Inserted 235 rows (duplicates ignored)
2026-06-15 07:39:18,999 - INFO - Inserted 235 rows for SBIN.NS
2026-06-15 07:39:19,282 - INFO - [BHARTIARTL_NS] Inserted 235 rows (duplicates ignored)
2026-06-15 07:39:19,282 - INFO - Inserted 235 rows for BHARTIARTL.NS
2026-06-15 07:39:19,520 - INFO - [KOTAKBANK_NS] Inserted 235 rows (duplicates ignored)
2026-06-15 07:39:19,520 - INFO - Inserted 235 rows for KOTAKBANK.NS
2026-06-15 07:39:19,749 - INFO - [LT_NS] Inserted 235 rows (duplicates ignored)
2026-06-15 07:39:19,749 - INFO - Inserted 235 rows for LT.NS
2026-06-15 07:39:20,066 - INFO - [AXISBANK_NS] Inserted 235 rows (duplicates ignored)
2026-06-15 07:39:20,066 - INFO - Inserted 235 rows for AXISBANK.NS
2026-06-15 07:39:20,297 - INFO - [BAJFINANCE_NS] Inserted 235 rows (duplicates ignored)
2026-06-15 07:39:20,297 - INFO - Inserted 235 rows for BAJFINANCE.NS
2026-06-15 07:39:20,523 - INFO - [ASIANPAINT_NS] Inserted 235 rows (duplicates ignored)
2026-06-15 07:39:20,523 - INFO - Inserted 235 rows for ASIANPAINT.NS
2026-06-15 07:39:20,739 - INFO - [MARUTI_NS] Inserted 235 rows (duplicates ignored)
2026-06-15 07:39:20,739 - INFO - Inserted 235 rows for MARUTI.NS
2026-06-15 07:39:21,005 - INFO - [SUNPHARMA_NS] Inserted 235 rows (duplicates ignored)
2026-06-15 07:39:21,005 - INFO - Inserted 235 rows for SUNPHARMA.NS
2026-06-15 07:39:21,245 - INFO - [WIPRO_NS] Inserted 235 rows (duplicates ignored)
2026-06-15 07:39:21,246 - INFO - Inserted 235 rows for WIPRO.NS
2026-06-15 07:39:21,463 - INFO - [POWERGRID_NS] Inserted 235 rows (duplicates ignored)
2026-06-15 07:39:21,463 - INFO - Inserted 235 rows for POWERGRID.NS
2026-06-15 07:39:21,694 - INFO - [NTPC_NS] Inserted 235 rows (duplicates ignored)
2026-06-15 07:39:21,694 - INFO - Inserted 235 rows for NTPC.NS
2026-06-15 07:39:21,945 - INFO - [ONGC_NS] Inserted 235 rows (duplicates ignored)
2026-06-15 07:39:21,945 - INFO - Inserted 235 rows for ONGC.NS
2026-06-15 07:39:21,958 - INFO - Cycle complete. README updated.
2026-06-16 00:12:54,453 - INFO - Starting data fetch cycle...
2026-06-16 00:12:54,824 - INFO - [RELIANCE_NS] Inserted 375 rows (duplicates ignored)
2026-06-16 00:12:54,824 - INFO - Inserted 375 rows for RELIANCE.NS
2026-06-16 00:12:55,001 - INFO - [HDFCBANK_NS] Inserted 375 rows (duplicates ignored)
2026-06-16 00:12:55,002 - INFO - Inserted 375 rows for HDFCBANK.NS
2026-06-16 00:12:55,153 - INFO - [ICICIBANK_NS] Inserted 375 rows (duplicates ignored)
2026-06-16 00:12:55,153 - INFO - Inserted 375 rows for ICICIBANK.NS
2026-06-16 00:12:55,319 - INFO - [INFY_NS] Inserted 375 rows (duplicates ignored)
2026-06-16 00:12:55,319 - INFO - Inserted 375 rows for INFY.NS
2026-06-16 00:12:55,524 - INFO - [TCS_NS] Inserted 375 rows (duplicates ignored)
2026-06-16 00:12:55,524 - INFO - Inserted 375 rows for TCS.NS
2026-06-16 00:12:55,735 - INFO - [ITC_NS] Inserted 375 rows (duplicates ignored)
2026-06-16 00:12:55,735 - INFO - Inserted 375 rows for ITC.NS
2026-06-16 00:12:55,899 - INFO - [HINDUNILVR_NS] Inserted 375 rows (duplicates ignored)
2026-06-16 00:12:55,899 - INFO - Inserted 375 rows for HINDUNILVR.NS
2026-06-16 00:12:56,088 - INFO - [SBIN_NS] Inserted 375 rows (duplicates ignored)
2026-06-16 00:12:56,088 - INFO - Inserted 375 rows for SBIN.NS
2026-06-16 00:12:56,236 - INFO - [BHARTIARTL_NS] Inserted 375 rows (duplicates ignored)
2026-06-16 00:12:56,236 - INFO - Inserted 375 rows for BHARTIARTL.NS
2026-06-16 00:12:56,391 - INFO - [KOTAKBANK_NS] Inserted 375 rows (duplicates ignored)
2026-06-16 00:12:56,391 - INFO - Inserted 375 rows for KOTAKBANK.NS
2026-06-16 00:12:56,558 - INFO - [LT_NS] Inserted 375 rows (duplicates ignored)
2026-06-16 00:12:56,559 - INFO - Inserted 375 rows for LT.NS
2026-06-16 00:12:56,714 - INFO - [AXISBANK_NS] Inserted 375 rows (duplicates ignored)
2026-06-16 00:12:56,714 - INFO - Inserted 375 rows for AXISBANK.NS
2026-06-16 00:12:56,914 - INFO - [BAJFINANCE_NS] Inserted 375 rows (duplicates ignored)
2026-06-16 00:12:56,915 - INFO - Inserted 375 rows for BAJFINANCE.NS
2026-06-16 00:12:57,080 - INFO - [ASIANPAINT_NS] Inserted 375 rows (duplicates ignored)
2026-06-16 00:12:57,080 - INFO - Inserted 375 rows for ASIANPAINT.NS
2026-06-16 00:12:57,248 - INFO - [MARUTI_NS] Inserted 375 rows (duplicates ignored)
2026-06-16 00:12:57,248 - INFO - Inserted 375 rows for MARUTI.NS
2026-06-16 00:12:57,405 - INFO - [SUNPHARMA_NS] Inserted 375 rows (duplicates ignored)
2026-06-16 00:12:57,405 - INFO - Inserted 375 rows for SUNPHARMA.NS
2026-06-16 00:12:57,609 - INFO - [WIPRO_NS] Inserted 375 rows (duplicates ignored)
2026-06-16 00:12:57,609 - INFO - Inserted 375 rows for WIPRO.NS
2026-06-16 00:12:57,798 - INFO - [POWERGRID_NS] Inserted 375 rows (duplicates ignored)
2026-06-16 00:12:57,798 - INFO - Inserted 375 rows for POWERGRID.NS
2026-06-16 00:12:57,952 - INFO - [NTPC_NS] Inserted 375 rows (duplicates ignored)
2026-06-16 00:12:57,952 - INFO - Inserted 375 rows for NTPC.NS
2026-06-16 00:12:58,183 - INFO - [ONGC_NS] Inserted 375 rows (duplicates ignored)
2026-06-16 00:12:58,184 - INFO - Inserted 375 rows for ONGC.NS
2026-06-16 00:12:58,197 - INFO - Cycle complete. README updated.
2026-06-16 05:37:02,517 - INFO - Starting data fetch cycle...
2026-06-16 05:37:02,834 - INFO - [RELIANCE_NS] Inserted 113 rows (duplicates ignored)
2026-06-16 05:37:02,834 - INFO - Inserted 113 rows for RELIANCE.NS
2026-06-16 05:37:02,970 - INFO - [HDFCBANK_NS] Inserted 113 rows (duplicates ignored)
2026-06-16 05:37:02,970 - INFO - Inserted 113 rows for HDFCBANK.NS
2026-06-16 05:37:03,177 - INFO - [ICICIBANK_NS] Inserted 112 rows (duplicates ignored)
2026-06-16 05:37:03,177 - INFO - Inserted 112 rows for ICICIBANK.NS
2026-06-16 05:37:03,364 - INFO - [INFY_NS] Inserted 113 rows (duplicates ignored)
2026-06-16 05:37:03,364 - INFO - Inserted 113 rows for INFY.NS
2026-06-16 05:37:03,501 - INFO - [TCS_NS] Inserted 113 rows (duplicates ignored)
2026-06-16 05:37:03,502 - INFO - Inserted 113 rows for TCS.NS
2026-06-16 05:37:03,648 - INFO - [ITC_NS] Inserted 113 rows (duplicates ignored)
2026-06-16 05:37:03,648 - INFO - Inserted 113 rows for ITC.NS
2026-06-16 05:37:03,828 - INFO - [HINDUNILVR_NS] Inserted 112 rows (duplicates ignored)
2026-06-16 05:37:03,828 - INFO - Inserted 112 rows for HINDUNILVR.NS
2026-06-16 05:37:03,976 - INFO - [SBIN_NS] Inserted 113 rows (duplicates ignored)
2026-06-16 05:37:03,976 - INFO - Inserted 113 rows for SBIN.NS
2026-06-16 05:37:04,104 - INFO - [BHARTIARTL_NS] Inserted 112 rows (duplicates ignored)
2026-06-16 05:37:04,104 - INFO - Inserted 112 rows for BHARTIARTL.NS
2026-06-16 05:37:04,262 - INFO - [KOTAKBANK_NS] Inserted 113 rows (duplicates ignored)
2026-06-16 05:37:04,262 - INFO - Inserted 113 rows for KOTAKBANK.NS
2026-06-16 05:37:04,402 - INFO - [LT_NS] Inserted 113 rows (duplicates ignored)
2026-06-16 05:37:04,402 - INFO - Inserted 113 rows for LT.NS
2026-06-16 05:37:04,568 - INFO - [AXISBANK_NS] Inserted 112 rows (duplicates ignored)
2026-06-16 05:37:04,568 - INFO - Inserted 112 rows for AXISBANK.NS
2026-06-16 05:37:04,706 - INFO - [BAJFINANCE_NS] Inserted 113 rows (duplicates ignored)
2026-06-16 05:37:04,706 - INFO - Inserted 113 rows for BAJFINANCE.NS
2026-06-16 05:37:04,854 - INFO - [ASIANPAINT_NS] Inserted 113 rows (duplicates ignored)
2026-06-16 05:37:04,854 - INFO - Inserted 113 rows for ASIANPAINT.NS
2026-06-16 05:37:04,996 - INFO - [MARUTI_NS] Inserted 113 rows (duplicates ignored)
2026-06-16 05:37:04,996 - INFO - Inserted 113 rows for MARUTI.NS
2026-06-16 05:37:05,158 - INFO - [SUNPHARMA_NS] Inserted 113 rows (duplicates ignored)
2026-06-16 05:37:05,158 - INFO - Inserted 113 rows for SUNPHARMA.NS
2026-06-16 05:37:05,318 - INFO - [WIPRO_NS] Inserted 113 rows (duplicates ignored)
2026-06-16 05:37:05,318 - INFO - Inserted 113 rows for WIPRO.NS
2026-06-16 05:37:05,460 - INFO - [POWERGRID_NS] Inserted 113 rows (duplicates ignored)
2026-06-16 05:37:05,460 - INFO - Inserted 113 rows for POWERGRID.NS
2026-06-16 05:37:05,598 - INFO - [NTPC_NS] Inserted 113 rows (duplicates ignored)
2026-06-16 05:37:05,598 - INFO - Inserted 113 rows for NTPC.NS
2026-06-16 05:37:05,747 - INFO - [ONGC_NS] Inserted 113 rows (duplicates ignored)
2026-06-16 05:37:05,748 - INFO - Inserted 113 rows for ONGC.NS
2026-06-16 05:37:05,759 - INFO - Cycle complete. README updated.
2026-06-16 23:57:12,797 - INFO - Starting data fetch cycle...
2026-06-16 23:57:13,121 - INFO - [RELIANCE_NS] Inserted 375 rows (duplicates ignored)
2026-06-16 23:57:13,121 - INFO - Inserted 375 rows for RELIANCE.NS
2026-06-16 23:57:13,352 - INFO - [HDFCBANK_NS] Inserted 375 rows (duplicates ignored)
2026-06-16 23:57:13,352 - INFO - Inserted 375 rows for HDFCBANK.NS
2026-06-16 23:57:13,533 - INFO - [ICICIBANK_NS] Inserted 375 rows (duplicates ignored)
2026-06-16 23:57:13,533 - INFO - Inserted 375 rows for ICICIBANK.NS
2026-06-16 23:57:13,691 - INFO - [INFY_NS] Inserted 375 rows (duplicates ignored)
2026-06-16 23:57:13,691 - INFO - Inserted 375 rows for INFY.NS
2026-06-16 23:57:13,871 - INFO - [TCS_NS] Inserted 375 rows (duplicates ignored)
2026-06-16 23:57:13,871 - INFO - Inserted 375 rows for TCS.NS
2026-06-16 23:57:14,072 - INFO - [ITC_NS] Inserted 375 rows (duplicates ignored)
2026-06-16 23:57:14,072 - INFO - Inserted 375 rows for ITC.NS
2026-06-16 23:57:14,227 - INFO - [HINDUNILVR_NS] Inserted 375 rows (duplicates ignored)
2026-06-16 23:57:14,227 - INFO - Inserted 375 rows for HINDUNILVR.NS
2026-06-16 23:57:14,388 - INFO - [SBIN_NS] Inserted 375 rows (duplicates ignored)
2026-06-16 23:57:14,388 - INFO - Inserted 375 rows for SBIN.NS
2026-06-16 23:57:14,524 - INFO - [BHARTIARTL_NS] Inserted 375 rows (duplicates ignored)
2026-06-16 23:57:14,524 - INFO - Inserted 375 rows for BHARTIARTL.NS
2026-06-16 23:57:14,676 - INFO - [KOTAKBANK_NS] Inserted 375 rows (duplicates ignored)
2026-06-16 23:57:14,676 - INFO - Inserted 375 rows for KOTAKBANK.NS
2026-06-16 23:57:14,844 - INFO - [LT_NS] Inserted 375 rows (duplicates ignored)
2026-06-16 23:57:14,844 - INFO - Inserted 375 rows for LT.NS
2026-06-16 23:57:15,065 - INFO - [AXISBANK_NS] Inserted 375 rows (duplicates ignored)
2026-06-16 23:57:15,065 - INFO - Inserted 375 rows for AXISBANK.NS
2026-06-16 23:57:15,209 - INFO - [BAJFINANCE_NS] Inserted 375 rows (duplicates ignored)
2026-06-16 23:57:15,209 - INFO - Inserted 375 rows for BAJFINANCE.NS
2026-06-16 23:57:15,372 - INFO - [ASIANPAINT_NS] Inserted 375 rows (duplicates ignored)
2026-06-16 23:57:15,372 - INFO - Inserted 375 rows for ASIANPAINT.NS
2026-06-16 23:57:15,540 - INFO - [MARUTI_NS] Inserted 375 rows (duplicates ignored)
2026-06-16 23:57:15,540 - INFO - Inserted 375 rows for MARUTI.NS
2026-06-16 23:57:15,698 - INFO - [SUNPHARMA_NS] Inserted 375 rows (duplicates ignored)
2026-06-16 23:57:15,698 - INFO - Inserted 375 rows for SUNPHARMA.NS
2026-06-16 23:57:15,881 - INFO - [WIPRO_NS] Inserted 375 rows (duplicates ignored)
2026-06-16 23:57:15,881 - INFO - Inserted 375 rows for WIPRO.NS
2026-06-16 23:57:16,010 - INFO - [POWERGRID_NS] Inserted 375 rows (duplicates ignored)
2026-06-16 23:57:16,010 - INFO - Inserted 375 rows for POWERGRID.NS
2026-06-16 23:57:16,168 - INFO - [NTPC_NS] Inserted 375 rows (duplicates ignored)
2026-06-16 23:57:16,168 - INFO - Inserted 375 rows for NTPC.NS
2026-06-16 23:57:16,310 - INFO - [ONGC_NS] Inserted 375 rows (duplicates ignored)
2026-06-16 23:57:16,310 - INFO - Inserted 375 rows for ONGC.NS
2026-06-16 23:57:16,324 - INFO - Cycle complete. README updated.
2026-06-17 05:03:38,306 - INFO - Starting data fetch cycle...
2026-06-17 05:03:38,554 - INFO - [RELIANCE_NS] Inserted 79 rows (duplicates ignored)
2026-06-17 05:03:38,554 - INFO - Inserted 79 rows for RELIANCE.NS
2026-06-17 05:03:38,689 - INFO - [HDFCBANK_NS] Inserted 79 rows (duplicates ignored)
2026-06-17 05:03:38,690 - INFO - Inserted 79 rows for HDFCBANK.NS
2026-06-17 05:03:38,837 - INFO - [ICICIBANK_NS] Inserted 79 rows (duplicates ignored)
2026-06-17 05:03:38,838 - INFO - Inserted 79 rows for ICICIBANK.NS
2026-06-17 05:03:39,034 - INFO - [INFY_NS] Inserted 79 rows (duplicates ignored)
2026-06-17 05:03:39,034 - INFO - Inserted 79 rows for INFY.NS
2026-06-17 05:03:39,170 - INFO - [TCS_NS] Inserted 79 rows (duplicates ignored)
2026-06-17 05:03:39,170 - INFO - Inserted 79 rows for TCS.NS
2026-06-17 05:03:39,315 - INFO - [ITC_NS] Inserted 79 rows (duplicates ignored)
2026-06-17 05:03:39,315 - INFO - Inserted 79 rows for ITC.NS
2026-06-17 05:03:39,454 - INFO - [HINDUNILVR_NS] Inserted 79 rows (duplicates ignored)
2026-06-17 05:03:39,454 - INFO - Inserted 79 rows for HINDUNILVR.NS
2026-06-17 05:03:39,634 - INFO - [SBIN_NS] Inserted 79 rows (duplicates ignored)
2026-06-17 05:03:39,634 - INFO - Inserted 79 rows for SBIN.NS
2026-06-17 05:03:39,761 - INFO - [BHARTIARTL_NS] Inserted 79 rows (duplicates ignored)
2026-06-17 05:03:39,761 - INFO - Inserted 79 rows for BHARTIARTL.NS
2026-06-17 05:03:40,017 - INFO - [KOTAKBANK_NS] Inserted 79 rows (duplicates ignored)
2026-06-17 05:03:40,017 - INFO - Inserted 79 rows for KOTAKBANK.NS
2026-06-17 05:03:40,149 - INFO - [LT_NS] Inserted 79 rows (duplicates ignored)
2026-06-17 05:03:40,150 - INFO - Inserted 79 rows for LT.NS
2026-06-17 05:03:40,284 - INFO - [AXISBANK_NS] Inserted 79 rows (duplicates ignored)
2026-06-17 05:03:40,284 - INFO - Inserted 79 rows for AXISBANK.NS
2026-06-17 05:03:40,422 - INFO - [BAJFINANCE_NS] Inserted 79 rows (duplicates ignored)
2026-06-17 05:03:40,422 - INFO - Inserted 79 rows for BAJFINANCE.NS
2026-06-17 05:03:40,578 - INFO - [ASIANPAINT_NS] Inserted 79 rows (duplicates ignored)
2026-06-17 05:03:40,578 - INFO - Inserted 79 rows for ASIANPAINT.NS
2026-06-17 05:03:40,715 - INFO - [MARUTI_NS] Inserted 79 rows (duplicates ignored)
2026-06-17 05:03:40,715 - INFO - Inserted 79 rows for MARUTI.NS
2026-06-17 05:03:40,860 - INFO - [SUNPHARMA_NS] Inserted 79 rows (duplicates ignored)
2026-06-17 05:03:40,860 - INFO - Inserted 79 rows for SUNPHARMA.NS
2026-06-17 05:03:40,999 - INFO - [WIPRO_NS] Inserted 79 rows (duplicates ignored)
2026-06-17 05:03:40,999 - INFO - Inserted 79 rows for WIPRO.NS
2026-06-17 05:03:41,146 - INFO - [POWERGRID_NS] Inserted 79 rows (duplicates ignored)
2026-06-17 05:03:41,146 - INFO - Inserted 79 rows for POWERGRID.NS
2026-06-17 05:03:41,273 - INFO - [NTPC_NS] Inserted 79 rows (duplicates ignored)
2026-06-17 05:03:41,274 - INFO - Inserted 79 rows for NTPC.NS
2026-06-17 05:03:41,419 - INFO - [ONGC_NS] Inserted 79 rows (duplicates ignored)
2026-06-17 05:03:41,419 - INFO - Inserted 79 rows for ONGC.NS
2026-06-17 05:03:41,431 - INFO - Cycle complete. README updated.
2026-06-17 10:00:33,442 - INFO - Starting data fetch cycle...
2026-06-17 10:00:33,935 - INFO - [RELIANCE_NS] Inserted 375 rows (duplicates ignored)
2026-06-17 10:00:33,935 - INFO - Inserted 375 rows for RELIANCE.NS
2026-06-17 10:00:34,098 - INFO - [HDFCBANK_NS] Inserted 375 rows (duplicates ignored)
2026-06-17 10:00:34,098 - INFO - Inserted 375 rows for HDFCBANK.NS
2026-06-17 10:00:34,258 - INFO - [ICICIBANK_NS] Inserted 375 rows (duplicates ignored)
2026-06-17 10:00:34,258 - INFO - Inserted 375 rows for ICICIBANK.NS
2026-06-17 10:00:34,435 - INFO - [INFY_NS] Inserted 375 rows (duplicates ignored)
2026-06-17 10:00:34,435 - INFO - Inserted 375 rows for INFY.NS
2026-06-17 10:00:34,595 - INFO - [TCS_NS] Inserted 375 rows (duplicates ignored)
2026-06-17 10:00:34,595 - INFO - Inserted 375 rows for TCS.NS
2026-06-17 10:00:34,775 - INFO - [ITC_NS] Inserted 375 rows (duplicates ignored)
2026-06-17 10:00:34,776 - INFO - Inserted 375 rows for ITC.NS
2026-06-17 10:00:34,942 - INFO - [HINDUNILVR_NS] Inserted 375 rows (duplicates ignored)
2026-06-17 10:00:34,943 - INFO - Inserted 375 rows for HINDUNILVR.NS
2026-06-17 10:00:35,165 - INFO - [SBIN_NS] Inserted 374 rows (duplicates ignored)
2026-06-17 10:00:35,165 - INFO - Inserted 374 rows for SBIN.NS
2026-06-17 10:00:35,323 - INFO - [BHARTIARTL_NS] Inserted 374 rows (duplicates ignored)
2026-06-17 10:00:35,323 - INFO - Inserted 374 rows for BHARTIARTL.NS
2026-06-17 10:00:35,495 - INFO - [KOTAKBANK_NS] Inserted 375 rows (duplicates ignored)
2026-06-17 10:00:35,495 - INFO - Inserted 375 rows for KOTAKBANK.NS
2026-06-17 10:00:35,663 - INFO - [LT_NS] Inserted 375 rows (duplicates ignored)
2026-06-17 10:00:35,663 - INFO - Inserted 375 rows for LT.NS
2026-06-17 10:00:35,833 - INFO - [AXISBANK_NS] Inserted 375 rows (duplicates ignored)
2026-06-17 10:00:35,833 - INFO - Inserted 375 rows for AXISBANK.NS
2026-06-17 10:00:36,002 - INFO - [BAJFINANCE_NS] Inserted 375 rows (duplicates ignored)
2026-06-17 10:00:36,002 - INFO - Inserted 375 rows for BAJFINANCE.NS
2026-06-17 10:00:36,162 - INFO - [ASIANPAINT_NS] Inserted 375 rows (duplicates ignored)
2026-06-17 10:00:36,163 - INFO - Inserted 375 rows for ASIANPAINT.NS
2026-06-17 10:00:36,361 - INFO - [MARUTI_NS] Inserted 375 rows (duplicates ignored)
2026-06-17 10:00:36,361 - INFO - Inserted 375 rows for MARUTI.NS
2026-06-17 10:00:36,589 - INFO - [SUNPHARMA_NS] Inserted 374 rows (duplicates ignored)
2026-06-17 10:00:36,589 - INFO - Inserted 374 rows for SUNPHARMA.NS
2026-06-17 10:00:36,788 - INFO - [WIPRO_NS] Inserted 375 rows (duplicates ignored)
2026-06-17 10:00:36,788 - INFO - Inserted 375 rows for WIPRO.NS
2026-06-17 10:00:36,943 - INFO - [POWERGRID_NS] Inserted 375 rows (duplicates ignored)
2026-06-17 10:00:36,944 - INFO - Inserted 375 rows for POWERGRID.NS
2026-06-17 10:00:37,105 - INFO - [NTPC_NS] Inserted 374 rows (duplicates ignored)
2026-06-17 10:00:37,105 - INFO - Inserted 374 rows for NTPC.NS
2026-06-17 10:00:37,284 - INFO - [ONGC_NS] Inserted 375 rows (duplicates ignored)
2026-06-17 10:00:37,284 - INFO - Inserted 375 rows for ONGC.NS
2026-06-17 10:00:37,298 - INFO - Cycle complete. README updated.
2026-06-17 23:57:54,182 - INFO - Starting data fetch cycle...
2026-06-17 23:57:54,747 - INFO - [RELIANCE_NS] Inserted 375 rows (duplicates ignored)
2026-06-17 23:57:54,747 - INFO - Inserted 375 rows for RELIANCE.NS
2026-06-17 23:57:55,066 - INFO - [HDFCBANK_NS] Inserted 375 rows (duplicates ignored)
2026-06-17 23:57:55,066 - INFO - Inserted 375 rows for HDFCBANK.NS
2026-06-17 23:57:55,334 - INFO - [ICICIBANK_NS] Inserted 375 rows (duplicates ignored)
2026-06-17 23:57:55,335 - INFO - Inserted 375 rows for ICICIBANK.NS
2026-06-17 23:57:55,522 - INFO - [INFY_NS] Inserted 375 rows (duplicates ignored)
2026-06-17 23:57:55,522 - INFO - Inserted 375 rows for INFY.NS
2026-06-17 23:57:55,778 - INFO - [TCS_NS] Inserted 375 rows (duplicates ignored)
2026-06-17 23:57:55,779 - INFO - Inserted 375 rows for TCS.NS
2026-06-17 23:57:55,958 - INFO - [ITC_NS] Inserted 375 rows (duplicates ignored)
2026-06-17 23:57:55,958 - INFO - Inserted 375 rows for ITC.NS
2026-06-17 23:57:56,279 - INFO - [HINDUNILVR_NS] Inserted 375 rows (duplicates ignored)
2026-06-17 23:57:56,280 - INFO - Inserted 375 rows for HINDUNILVR.NS
2026-06-17 23:57:56,516 - INFO - [SBIN_NS] Inserted 375 rows (duplicates ignored)
2026-06-17 23:57:56,516 - INFO - Inserted 375 rows for SBIN.NS
2026-06-17 23:57:56,883 - INFO - [BHARTIARTL_NS] Inserted 375 rows (duplicates ignored)
2026-06-17 23:57:56,883 - INFO - Inserted 375 rows for BHARTIARTL.NS
2026-06-17 23:57:57,232 - INFO - [KOTAKBANK_NS] Inserted 375 rows (duplicates ignored)
2026-06-17 23:57:57,233 - INFO - Inserted 375 rows for KOTAKBANK.NS
2026-06-17 23:57:58,757 - INFO - [LT_NS] Inserted 375 rows (duplicates ignored)
2026-06-17 23:57:58,757 - INFO - Inserted 375 rows for LT.NS
2026-06-17 23:57:59,157 - INFO - [AXISBANK_NS] Inserted 375 rows (duplicates ignored)
2026-06-17 23:57:59,158 - INFO - Inserted 375 rows for AXISBANK.NS
2026-06-17 23:57:59,438 - INFO - [BAJFINANCE_NS] Inserted 375 rows (duplicates ignored)
2026-06-17 23:57:59,438 - INFO - Inserted 375 rows for BAJFINANCE.NS
2026-06-17 23:57:59,704 - INFO - [ASIANPAINT_NS] Inserted 375 rows (duplicates ignored)
2026-06-17 23:57:59,705 - INFO - Inserted 375 rows for ASIANPAINT.NS
2026-06-17 23:57:59,940 - INFO - [MARUTI_NS] Inserted 375 rows (duplicates ignored)
2026-06-17 23:57:59,940 - INFO - Inserted 375 rows for MARUTI.NS
2026-06-17 23:58:00,110 - INFO - [SUNPHARMA_NS] Inserted 375 rows (duplicates ignored)
2026-06-17 23:58:00,110 - INFO - Inserted 375 rows for SUNPHARMA.NS
2026-06-17 23:58:00,376 - INFO - [WIPRO_NS] Inserted 375 rows (duplicates ignored)
2026-06-17 23:58:00,376 - INFO - Inserted 375 rows for WIPRO.NS
2026-06-17 23:58:00,754 - INFO - [POWERGRID_NS] Inserted 375 rows (duplicates ignored)
2026-06-17 23:58:00,754 - INFO - Inserted 375 rows for POWERGRID.NS
2026-06-17 23:58:00,983 - INFO - [NTPC_NS] Inserted 375 rows (duplicates ignored)
2026-06-17 23:58:00,984 - INFO - Inserted 375 rows for NTPC.NS
2026-06-17 23:58:01,248 - INFO - [ONGC_NS] Inserted 375 rows (duplicates ignored)
2026-06-17 23:58:01,248 - INFO - Inserted 375 rows for ONGC.NS
2026-06-17 23:58:01,260 - INFO - Cycle complete. README updated.
2026-06-18 04:53:53,308 - INFO - Starting data fetch cycle...
2026-06-18 04:53:53,815 - INFO - [RELIANCE_NS] Inserted 69 rows (duplicates ignored)
2026-06-18 04:53:53,815 - INFO - Inserted 69 rows for RELIANCE.NS
2026-06-18 04:53:53,984 - INFO - [HDFCBANK_NS] Inserted 69 rows (duplicates ignored)
2026-06-18 04:53:53,984 - INFO - Inserted 69 rows for HDFCBANK.NS
2026-06-18 04:53:54,155 - INFO - [ICICIBANK_NS] Inserted 69 rows (duplicates ignored)
2026-06-18 04:53:54,155 - INFO - Inserted 69 rows for ICICIBANK.NS
2026-06-18 04:53:54,333 - INFO - [INFY_NS] Inserted 69 rows (duplicates ignored)
2026-06-18 04:53:54,333 - INFO - Inserted 69 rows for INFY.NS
2026-06-18 04:53:54,498 - INFO - [TCS_NS] Inserted 69 rows (duplicates ignored)
2026-06-18 04:53:54,498 - INFO - Inserted 69 rows for TCS.NS
2026-06-18 04:53:54,672 - INFO - [ITC_NS] Inserted 69 rows (duplicates ignored)
2026-06-18 04:53:54,672 - INFO - Inserted 69 rows for ITC.NS
2026-06-18 04:53:54,845 - INFO - [HINDUNILVR_NS] Inserted 69 rows (duplicates ignored)
2026-06-18 04:53:54,845 - INFO - Inserted 69 rows for HINDUNILVR.NS
2026-06-18 04:53:55,007 - INFO - [SBIN_NS] Inserted 69 rows (duplicates ignored)
2026-06-18 04:53:55,007 - INFO - Inserted 69 rows for SBIN.NS
2026-06-18 04:53:55,171 - INFO - [BHARTIARTL_NS] Inserted 69 rows (duplicates ignored)
2026-06-18 04:53:55,171 - INFO - Inserted 69 rows for BHARTIARTL.NS
2026-06-18 04:53:55,343 - INFO - [KOTAKBANK_NS] Inserted 69 rows (duplicates ignored)
2026-06-18 04:53:55,343 - INFO - Inserted 69 rows for KOTAKBANK.NS
2026-06-18 04:53:55,554 - INFO - [LT_NS] Inserted 69 rows (duplicates ignored)
2026-06-18 04:53:55,554 - INFO - Inserted 69 rows for LT.NS
2026-06-18 04:53:55,717 - INFO - [AXISBANK_NS] Inserted 69 rows (duplicates ignored)
2026-06-18 04:53:55,717 - INFO - Inserted 69 rows for AXISBANK.NS
2026-06-18 04:53:55,878 - INFO - [BAJFINANCE_NS] Inserted 69 rows (duplicates ignored)
2026-06-18 04:53:55,878 - INFO - Inserted 69 rows for BAJFINANCE.NS
2026-06-18 04:53:56,044 - INFO - [ASIANPAINT_NS] Inserted 69 rows (duplicates ignored)
2026-06-18 04:53:56,044 - INFO - Inserted 69 rows for ASIANPAINT.NS
2026-06-18 04:53:56,207 - INFO - [MARUTI_NS] Inserted 69 rows (duplicates ignored)
2026-06-18 04:53:56,207 - INFO - Inserted 69 rows for MARUTI.NS
2026-06-18 04:53:56,382 - INFO - [SUNPHARMA_NS] Inserted 69 rows (duplicates ignored)
2026-06-18 04:53:56,382 - INFO - Inserted 69 rows for SUNPHARMA.NS
2026-06-18 04:53:56,596 - INFO - [WIPRO_NS] Inserted 69 rows (duplicates ignored)
2026-06-18 04:53:56,596 - INFO - Inserted 69 rows for WIPRO.NS
2026-06-18 04:53:56,747 - INFO - [POWERGRID_NS] Inserted 69 rows (duplicates ignored)
2026-06-18 04:53:56,747 - INFO - Inserted 69 rows for POWERGRID.NS
2026-06-18 04:53:56,905 - INFO - [NTPC_NS] Inserted 69 rows (duplicates ignored)
2026-06-18 04:53:56,905 - INFO - Inserted 69 rows for NTPC.NS
2026-06-18 04:53:57,084 - INFO - [ONGC_NS] Inserted 69 rows (duplicates ignored)
2026-06-18 04:53:57,085 - INFO - Inserted 69 rows for ONGC.NS
2026-06-18 04:53:57,099 - INFO - Cycle complete. README updated.
2026-06-18 09:13:16,973 - INFO - Starting data fetch cycle...
2026-06-18 09:13:17,320 - INFO - [RELIANCE_NS] Inserted 329 rows (duplicates ignored)
2026-06-18 09:13:17,320 - INFO - Inserted 329 rows for RELIANCE.NS
2026-06-18 09:13:17,500 - INFO - [HDFCBANK_NS] Inserted 329 rows (duplicates ignored)
2026-06-18 09:13:17,501 - INFO - Inserted 329 rows for HDFCBANK.NS
2026-06-18 09:13:17,768 - INFO - [ICICIBANK_NS] Inserted 329 rows (duplicates ignored)
2026-06-18 09:13:17,768 - INFO - Inserted 329 rows for ICICIBANK.NS
2026-06-18 09:13:17,906 - INFO - [INFY_NS] Inserted 329 rows (duplicates ignored)
2026-06-18 09:13:17,906 - INFO - Inserted 329 rows for INFY.NS
2026-06-18 09:13:18,053 - INFO - [TCS_NS] Inserted 329 rows (duplicates ignored)
2026-06-18 09:13:18,053 - INFO - Inserted 329 rows for TCS.NS
2026-06-18 09:13:18,270 - INFO - [ITC_NS] Inserted 329 rows (duplicates ignored)
2026-06-18 09:13:18,270 - INFO - Inserted 329 rows for ITC.NS
2026-06-18 09:13:18,449 - INFO - [HINDUNILVR_NS] Inserted 329 rows (duplicates ignored)
2026-06-18 09:13:18,449 - INFO - Inserted 329 rows for HINDUNILVR.NS
2026-06-18 09:13:18,636 - INFO - [SBIN_NS] Inserted 329 rows (duplicates ignored)
2026-06-18 09:13:18,636 - INFO - Inserted 329 rows for SBIN.NS
2026-06-18 09:13:18,764 - INFO - [BHARTIARTL_NS] Inserted 329 rows (duplicates ignored)
2026-06-18 09:13:18,764 - INFO - Inserted 329 rows for BHARTIARTL.NS
2026-06-18 09:13:18,901 - INFO - [KOTAKBANK_NS] Inserted 329 rows (duplicates ignored)
2026-06-18 09:13:18,901 - INFO - Inserted 329 rows for KOTAKBANK.NS
2026-06-18 09:13:19,097 - INFO - [LT_NS] Inserted 329 rows (duplicates ignored)
2026-06-18 09:13:19,097 - INFO - Inserted 329 rows for LT.NS
2026-06-18 09:13:19,237 - INFO - [AXISBANK_NS] Inserted 329 rows (duplicates ignored)
2026-06-18 09:13:19,237 - INFO - Inserted 329 rows for AXISBANK.NS
2026-06-18 09:13:19,373 - INFO - [BAJFINANCE_NS] Inserted 329 rows (duplicates ignored)
2026-06-18 09:13:19,373 - INFO - Inserted 329 rows for BAJFINANCE.NS
2026-06-18 09:13:19,539 - INFO - [ASIANPAINT_NS] Inserted 329 rows (duplicates ignored)
2026-06-18 09:13:19,539 - INFO - Inserted 329 rows for ASIANPAINT.NS
2026-06-18 09:13:19,676 - INFO - [MARUTI_NS] Inserted 329 rows (duplicates ignored)
2026-06-18 09:13:19,676 - INFO - Inserted 329 rows for MARUTI.NS
2026-06-18 09:13:19,825 - INFO - [SUNPHARMA_NS] Inserted 329 rows (duplicates ignored)
2026-06-18 09:13:19,826 - INFO - Inserted 329 rows for SUNPHARMA.NS
2026-06-18 09:13:19,971 - INFO - [WIPRO_NS] Inserted 329 rows (duplicates ignored)
2026-06-18 09:13:19,971 - INFO - Inserted 329 rows for WIPRO.NS
2026-06-18 09:13:20,100 - INFO - [POWERGRID_NS] Inserted 329 rows (duplicates ignored)
2026-06-18 09:13:20,100 - INFO - Inserted 329 rows for POWERGRID.NS
2026-06-18 09:13:20,224 - INFO - [NTPC_NS] Inserted 329 rows (duplicates ignored)
2026-06-18 09:13:20,225 - INFO - Inserted 329 rows for NTPC.NS
2026-06-18 09:13:20,380 - INFO - [ONGC_NS] Inserted 329 rows (duplicates ignored)
2026-06-18 09:13:20,381 - INFO - Inserted 329 rows for ONGC.NS
2026-06-18 09:13:20,393 - INFO - Cycle complete. README updated.
2026-06-19 00:10:54,772 - INFO - Starting data fetch cycle...
2026-06-19 00:10:55,172 - INFO - [RELIANCE_NS] Inserted 375 rows (duplicates ignored)
2026-06-19 00:10:55,172 - INFO - Inserted 375 rows for RELIANCE.NS
2026-06-19 00:10:55,340 - INFO - [HDFCBANK_NS] Inserted 375 rows (duplicates ignored)
2026-06-19 00:10:55,340 - INFO - Inserted 375 rows for HDFCBANK.NS
2026-06-19 00:10:55,681 - INFO - [ICICIBANK_NS] Inserted 375 rows (duplicates ignored)
2026-06-19 00:10:55,681 - INFO - Inserted 375 rows for ICICIBANK.NS
2026-06-19 00:10:55,848 - INFO - [INFY_NS] Inserted 375 rows (duplicates ignored)
2026-06-19 00:10:55,848 - INFO - Inserted 375 rows for INFY.NS
2026-06-19 00:10:56,004 - INFO - [TCS_NS] Inserted 375 rows (duplicates ignored)
2026-06-19 00:10:56,005 - INFO - Inserted 375 rows for TCS.NS
2026-06-19 00:10:56,179 - INFO - [ITC_NS] Inserted 375 rows (duplicates ignored)
2026-06-19 00:10:56,179 - INFO - Inserted 375 rows for ITC.NS
2026-06-19 00:10:56,334 - INFO - [HINDUNILVR_NS] Inserted 375 rows (duplicates ignored)
2026-06-19 00:10:56,334 - INFO - Inserted 375 rows for HINDUNILVR.NS
2026-06-19 00:10:56,500 - INFO - [SBIN_NS] Inserted 375 rows (duplicates ignored)
2026-06-19 00:10:56,500 - INFO - Inserted 375 rows for SBIN.NS
2026-06-19 00:10:56,645 - INFO - [BHARTIARTL_NS] Inserted 375 rows (duplicates ignored)
2026-06-19 00:10:56,645 - INFO - Inserted 375 rows for BHARTIARTL.NS
2026-06-19 00:10:56,813 - INFO - [KOTAKBANK_NS] Inserted 375 rows (duplicates ignored)
2026-06-19 00:10:56,813 - INFO - Inserted 375 rows for KOTAKBANK.NS
2026-06-19 00:10:56,978 - INFO - [LT_NS] Inserted 375 rows (duplicates ignored)
2026-06-19 00:10:56,979 - INFO - Inserted 375 rows for LT.NS
2026-06-19 00:10:57,138 - INFO - [AXISBANK_NS] Inserted 375 rows (duplicates ignored)
2026-06-19 00:10:57,139 - INFO - Inserted 375 rows for AXISBANK.NS
2026-06-19 00:10:57,298 - INFO - [BAJFINANCE_NS] Inserted 375 rows (duplicates ignored)
2026-06-19 00:10:57,298 - INFO - Inserted 375 rows for BAJFINANCE.NS
2026-06-19 00:10:57,466 - INFO - [ASIANPAINT_NS] Inserted 375 rows (duplicates ignored)
2026-06-19 00:10:57,467 - INFO - Inserted 375 rows for ASIANPAINT.NS
2026-06-19 00:10:57,643 - INFO - [MARUTI_NS] Inserted 375 rows (duplicates ignored)
2026-06-19 00:10:57,643 - INFO - Inserted 375 rows for MARUTI.NS
2026-06-19 00:10:57,808 - INFO - [SUNPHARMA_NS] Inserted 375 rows (duplicates ignored)
2026-06-19 00:10:57,809 - INFO - Inserted 375 rows for SUNPHARMA.NS
2026-06-19 00:10:57,983 - INFO - [WIPRO_NS] Inserted 375 rows (duplicates ignored)
2026-06-19 00:10:57,983 - INFO - Inserted 375 rows for WIPRO.NS
2026-06-19 00:10:58,140 - INFO - [POWERGRID_NS] Inserted 375 rows (duplicates ignored)
2026-06-19 00:10:58,141 - INFO - Inserted 375 rows for POWERGRID.NS
2026-06-19 00:10:58,286 - INFO - [NTPC_NS] Inserted 375 rows (duplicates ignored)
2026-06-19 00:10:58,286 - INFO - Inserted 375 rows for NTPC.NS
2026-06-19 00:10:58,454 - INFO - [ONGC_NS] Inserted 375 rows (duplicates ignored)
2026-06-19 00:10:58,454 - INFO - Inserted 375 rows for ONGC.NS
2026-06-19 00:10:58,467 - INFO - Cycle complete. README updated.
2026-06-19 05:26:51,455 - INFO - Starting data fetch cycle...
2026-06-19 05:26:51,841 - INFO - [RELIANCE_NS] Inserted 102 rows (duplicates ignored)
2026-06-19 05:26:51,841 - INFO - Inserted 102 rows for RELIANCE.NS
2026-06-19 05:26:52,006 - INFO - [HDFCBANK_NS] Inserted 102 rows (duplicates ignored)
2026-06-19 05:26:52,006 - INFO - Inserted 102 rows for HDFCBANK.NS
2026-06-19 05:26:52,186 - INFO - [ICICIBANK_NS] Inserted 102 rows (duplicates ignored)
2026-06-19 05:26:52,186 - INFO - Inserted 102 rows for ICICIBANK.NS
2026-06-19 05:26:52,345 - INFO - [INFY_NS] Inserted 102 rows (duplicates ignored)
2026-06-19 05:26:52,346 - INFO - Inserted 102 rows for INFY.NS
2026-06-19 05:26:52,498 - INFO - [TCS_NS] Inserted 102 rows (duplicates ignored)
2026-06-19 05:26:52,498 - INFO - Inserted 102 rows for TCS.NS
2026-06-19 05:26:52,648 - INFO - [ITC_NS] Inserted 102 rows (duplicates ignored)
2026-06-19 05:26:52,649 - INFO - Inserted 102 rows for ITC.NS
2026-06-19 05:26:52,799 - INFO - [HINDUNILVR_NS] Inserted 102 rows (duplicates ignored)
2026-06-19 05:26:52,800 - INFO - Inserted 102 rows for HINDUNILVR.NS
2026-06-19 05:26:52,980 - INFO - [SBIN_NS] Inserted 102 rows (duplicates ignored)
2026-06-19 05:26:52,981 - INFO - Inserted 102 rows for SBIN.NS
2026-06-19 05:26:53,161 - INFO - [BHARTIARTL_NS] Inserted 102 rows (duplicates ignored)
2026-06-19 05:26:53,161 - INFO - Inserted 102 rows for BHARTIARTL.NS
2026-06-19 05:26:53,305 - INFO - [KOTAKBANK_NS] Inserted 102 rows (duplicates ignored)
2026-06-19 05:26:53,305 - INFO - Inserted 102 rows for KOTAKBANK.NS
2026-06-19 05:26:53,442 - INFO - [LT_NS] Inserted 102 rows (duplicates ignored)
2026-06-19 05:26:53,442 - INFO - Inserted 102 rows for LT.NS
2026-06-19 05:26:53,591 - INFO - [AXISBANK_NS] Inserted 102 rows (duplicates ignored)
2026-06-19 05:26:53,591 - INFO - Inserted 102 rows for AXISBANK.NS
2026-06-19 05:26:53,745 - INFO - [BAJFINANCE_NS] Inserted 102 rows (duplicates ignored)
2026-06-19 05:26:53,746 - INFO - Inserted 102 rows for BAJFINANCE.NS
2026-06-19 05:26:53,894 - INFO - [ASIANPAINT_NS] Inserted 102 rows (duplicates ignored)
2026-06-19 05:26:53,894 - INFO - Inserted 102 rows for ASIANPAINT.NS
2026-06-19 05:26:54,042 - INFO - [MARUTI_NS] Inserted 102 rows (duplicates ignored)
2026-06-19 05:26:54,043 - INFO - Inserted 102 rows for MARUTI.NS
2026-06-19 05:26:54,192 - INFO - [SUNPHARMA_NS] Inserted 102 rows (duplicates ignored)
2026-06-19 05:26:54,192 - INFO - Inserted 102 rows for SUNPHARMA.NS
2026-06-19 05:26:54,338 - INFO - [WIPRO_NS] Inserted 102 rows (duplicates ignored)
2026-06-19 05:26:54,338 - INFO - Inserted 102 rows for WIPRO.NS
2026-06-19 05:26:54,479 - INFO - [POWERGRID_NS] Inserted 102 rows (duplicates ignored)
2026-06-19 05:26:54,479 - INFO - Inserted 102 rows for POWERGRID.NS
2026-06-19 05:26:54,621 - INFO - [NTPC_NS] Inserted 102 rows (duplicates ignored)
2026-06-19 05:26:54,621 - INFO - Inserted 102 rows for NTPC.NS
2026-06-19 05:26:54,793 - INFO - [ONGC_NS] Inserted 102 rows (duplicates ignored)
2026-06-19 05:26:54,793 - INFO - Inserted 102 rows for ONGC.NS
2026-06-19 05:26:54,808 - INFO - Cycle complete. README updated.
2026-06-21 23:52:02,803 - INFO - Starting data fetch cycle...
2026-06-21 23:52:03,238 - INFO - [RELIANCE_NS] Inserted 375 rows (duplicates ignored)
2026-06-21 23:52:03,238 - INFO - Inserted 375 rows for RELIANCE.NS
2026-06-21 23:52:03,418 - INFO - [HDFCBANK_NS] Inserted 375 rows (duplicates ignored)
2026-06-21 23:52:03,418 - INFO - Inserted 375 rows for HDFCBANK.NS
2026-06-21 23:52:03,573 - INFO - [ICICIBANK_NS] Inserted 375 rows (duplicates ignored)
2026-06-21 23:52:03,573 - INFO - Inserted 375 rows for ICICIBANK.NS
2026-06-21 23:52:03,742 - INFO - [INFY_NS] Inserted 375 rows (duplicates ignored)
2026-06-21 23:52:03,742 - INFO - Inserted 375 rows for INFY.NS
2026-06-21 23:52:03,932 - INFO - [TCS_NS] Inserted 375 rows (duplicates ignored)
2026-06-21 23:52:03,933 - INFO - Inserted 375 rows for TCS.NS
2026-06-21 23:52:04,119 - INFO - [ITC_NS] Inserted 375 rows (duplicates ignored)
2026-06-21 23:52:04,119 - INFO - Inserted 375 rows for ITC.NS
2026-06-21 23:52:04,288 - INFO - [HINDUNILVR_NS] Inserted 375 rows (duplicates ignored)
2026-06-21 23:52:04,288 - INFO - Inserted 375 rows for HINDUNILVR.NS
2026-06-21 23:52:04,455 - INFO - [SBIN_NS] Inserted 375 rows (duplicates ignored)
2026-06-21 23:52:04,455 - INFO - Inserted 375 rows for SBIN.NS
2026-06-21 23:52:04,611 - INFO - [BHARTIARTL_NS] Inserted 375 rows (duplicates ignored)
2026-06-21 23:52:04,611 - INFO - Inserted 375 rows for BHARTIARTL.NS
2026-06-21 23:52:04,813 - INFO - [KOTAKBANK_NS] Inserted 375 rows (duplicates ignored)
2026-06-21 23:52:04,814 - INFO - Inserted 375 rows for KOTAKBANK.NS
2026-06-21 23:52:04,982 - INFO - [LT_NS] Inserted 375 rows (duplicates ignored)
2026-06-21 23:52:04,982 - INFO - Inserted 375 rows for LT.NS
2026-06-21 23:52:05,169 - INFO - [AXISBANK_NS] Inserted 375 rows (duplicates ignored)
2026-06-21 23:52:05,169 - INFO - Inserted 375 rows for AXISBANK.NS
2026-06-21 23:52:05,366 - INFO - [BAJFINANCE_NS] Inserted 375 rows (duplicates ignored)
2026-06-21 23:52:05,366 - INFO - Inserted 375 rows for BAJFINANCE.NS
2026-06-21 23:52:05,526 - INFO - [ASIANPAINT_NS] Inserted 375 rows (duplicates ignored)
2026-06-21 23:52:05,526 - INFO - Inserted 375 rows for ASIANPAINT.NS
2026-06-21 23:52:05,674 - INFO - [MARUTI_NS] Inserted 375 rows (duplicates ignored)
2026-06-21 23:52:05,674 - INFO - Inserted 375 rows for MARUTI.NS
2026-06-21 23:52:05,874 - INFO - [SUNPHARMA_NS] Inserted 375 rows (duplicates ignored)
2026-06-21 23:52:05,874 - INFO - Inserted 375 rows for SUNPHARMA.NS
2026-06-21 23:52:06,053 - INFO - [WIPRO_NS] Inserted 375 rows (duplicates ignored)
2026-06-21 23:52:06,053 - INFO - Inserted 375 rows for WIPRO.NS
2026-06-21 23:52:06,210 - INFO - [POWERGRID_NS] Inserted 375 rows (duplicates ignored)
2026-06-21 23:52:06,210 - INFO - Inserted 375 rows for POWERGRID.NS
2026-06-21 23:52:06,366 - INFO - [NTPC_NS] Inserted 375 rows (duplicates ignored)
2026-06-21 23:52:06,366 - INFO - Inserted 375 rows for NTPC.NS
2026-06-21 23:52:06,522 - INFO - [ONGC_NS] Inserted 375 rows (duplicates ignored)
2026-06-21 23:52:06,522 - INFO - Inserted 375 rows for ONGC.NS
2026-06-21 23:52:06,535 - INFO - Cycle complete. README updated.
2026-06-22 03:40:42,955 - INFO - Starting data fetch cycle...
2026-06-22 03:40:43,293 - INFO - [RELIANCE_NS] Inserted 375 rows (duplicates ignored)
2026-06-22 03:40:43,293 - INFO - Inserted 375 rows for RELIANCE.NS
2026-06-22 03:40:43,465 - INFO - [HDFCBANK_NS] Inserted 375 rows (duplicates ignored)
2026-06-22 03:40:43,465 - INFO - Inserted 375 rows for HDFCBANK.NS
2026-06-22 03:40:43,622 - INFO - [ICICIBANK_NS] Inserted 375 rows (duplicates ignored)
2026-06-22 03:40:43,622 - INFO - Inserted 375 rows for ICICIBANK.NS
2026-06-22 03:40:43,785 - INFO - [INFY_NS] Inserted 375 rows (duplicates ignored)
2026-06-22 03:40:43,785 - INFO - Inserted 375 rows for INFY.NS
2026-06-22 03:40:43,960 - INFO - [TCS_NS] Inserted 375 rows (duplicates ignored)
2026-06-22 03:40:43,960 - INFO - Inserted 375 rows for TCS.NS
2026-06-22 03:40:44,125 - INFO - [ITC_NS] Inserted 375 rows (duplicates ignored)
2026-06-22 03:40:44,125 - INFO - Inserted 375 rows for ITC.NS
2026-06-22 03:40:44,311 - INFO - [HINDUNILVR_NS] Inserted 375 rows (duplicates ignored)
2026-06-22 03:40:44,311 - INFO - Inserted 375 rows for HINDUNILVR.NS
2026-06-22 03:40:44,487 - INFO - [SBIN_NS] Inserted 375 rows (duplicates ignored)
2026-06-22 03:40:44,487 - INFO - Inserted 375 rows for SBIN.NS
2026-06-22 03:40:44,663 - INFO - [BHARTIARTL_NS] Inserted 375 rows (duplicates ignored)
2026-06-22 03:40:44,663 - INFO - Inserted 375 rows for BHARTIARTL.NS
2026-06-22 03:40:44,822 - INFO - [KOTAKBANK_NS] Inserted 375 rows (duplicates ignored)
2026-06-22 03:40:44,822 - INFO - Inserted 375 rows for KOTAKBANK.NS
2026-06-22 03:40:44,982 - INFO - [LT_NS] Inserted 375 rows (duplicates ignored)
2026-06-22 03:40:44,982 - INFO - Inserted 375 rows for LT.NS
2026-06-22 03:40:45,139 - INFO - [AXISBANK_NS] Inserted 375 rows (duplicates ignored)
2026-06-22 03:40:45,139 - INFO - Inserted 375 rows for AXISBANK.NS
2026-06-22 03:40:45,296 - INFO - [BAJFINANCE_NS] Inserted 375 rows (duplicates ignored)
2026-06-22 03:40:45,296 - INFO - Inserted 375 rows for BAJFINANCE.NS
2026-06-22 03:40:45,501 - INFO - [ASIANPAINT_NS] Inserted 375 rows (duplicates ignored)
2026-06-22 03:40:45,501 - INFO - Inserted 375 rows for ASIANPAINT.NS
2026-06-22 03:40:45,655 - INFO - [MARUTI_NS] Inserted 375 rows (duplicates ignored)
2026-06-22 03:40:45,655 - INFO - Inserted 375 rows for MARUTI.NS
2026-06-22 03:40:45,831 - INFO - [SUNPHARMA_NS] Inserted 375 rows (duplicates ignored)
2026-06-22 03:40:45,831 - INFO - Inserted 375 rows for SUNPHARMA.NS
2026-06-22 03:40:46,017 - INFO - [WIPRO_NS] Inserted 375 rows (duplicates ignored)
2026-06-22 03:40:46,017 - INFO - Inserted 375 rows for WIPRO.NS
2026-06-22 03:40:46,184 - INFO - [POWERGRID_NS] Inserted 375 rows (duplicates ignored)
2026-06-22 03:40:46,185 - INFO - Inserted 375 rows for POWERGRID.NS
2026-06-22 03:40:46,358 - INFO - [NTPC_NS] Inserted 375 rows (duplicates ignored)
2026-06-22 03:40:46,359 - INFO - Inserted 375 rows for NTPC.NS
2026-06-22 03:40:46,534 - INFO - [ONGC_NS] Inserted 375 rows (duplicates ignored)
2026-06-22 03:40:46,535 - INFO - Inserted 375 rows for ONGC.NS
2026-06-22 03:40:46,548 - INFO - Cycle complete. README updated.
2026-06-22 09:33:57,267 - INFO - Starting data fetch cycle...
2026-06-22 09:33:57,561 - INFO - [RELIANCE_NS] Inserted 349 rows (duplicates ignored)
2026-06-22 09:33:57,561 - INFO - Inserted 349 rows for RELIANCE.NS
2026-06-22 09:33:57,729 - INFO - [HDFCBANK_NS] Inserted 349 rows (duplicates ignored)
2026-06-22 09:33:57,729 - INFO - Inserted 349 rows for HDFCBANK.NS
2026-06-22 09:33:57,941 - INFO - [ICICIBANK_NS] Inserted 349 rows (duplicates ignored)
2026-06-22 09:33:57,941 - INFO - Inserted 349 rows for ICICIBANK.NS
2026-06-22 09:33:58,118 - INFO - [INFY_NS] Inserted 349 rows (duplicates ignored)
2026-06-22 09:33:58,118 - INFO - Inserted 349 rows for INFY.NS
2026-06-22 09:33:58,286 - INFO - [TCS_NS] Inserted 349 rows (duplicates ignored)
2026-06-22 09:33:58,286 - INFO - Inserted 349 rows for TCS.NS
2026-06-22 09:33:58,459 - INFO - [ITC_NS] Inserted 349 rows (duplicates ignored)
2026-06-22 09:33:58,459 - INFO - Inserted 349 rows for ITC.NS
2026-06-22 09:33:58,883 - INFO - [HINDUNILVR_NS] Inserted 349 rows (duplicates ignored)
2026-06-22 09:33:58,883 - INFO - Inserted 349 rows for HINDUNILVR.NS
2026-06-22 09:33:59,132 - INFO - [SBIN_NS] Inserted 349 rows (duplicates ignored)
2026-06-22 09:33:59,132 - INFO - Inserted 349 rows for SBIN.NS
2026-06-22 09:33:59,292 - INFO - [BHARTIARTL_NS] Inserted 349 rows (duplicates ignored)
2026-06-22 09:33:59,293 - INFO - Inserted 349 rows for BHARTIARTL.NS
2026-06-22 09:33:59,470 - INFO - [KOTAKBANK_NS] Inserted 349 rows (duplicates ignored)
2026-06-22 09:33:59,470 - INFO - Inserted 349 rows for KOTAKBANK.NS
2026-06-22 09:33:59,640 - INFO - [LT_NS] Inserted 349 rows (duplicates ignored)
2026-06-22 09:33:59,641 - INFO - Inserted 349 rows for LT.NS
2026-06-22 09:34:00,084 - INFO - [AXISBANK_NS] Inserted 349 rows (duplicates ignored)
2026-06-22 09:34:00,084 - INFO - Inserted 349 rows for AXISBANK.NS
2026-06-22 09:34:00,255 - INFO - [BAJFINANCE_NS] Inserted 349 rows (duplicates ignored)
2026-06-22 09:34:00,255 - INFO - Inserted 349 rows for BAJFINANCE.NS
2026-06-22 09:34:00,424 - INFO - [ASIANPAINT_NS] Inserted 349 rows (duplicates ignored)
2026-06-22 09:34:00,424 - INFO - Inserted 349 rows for ASIANPAINT.NS
2026-06-22 09:34:00,585 - INFO - [MARUTI_NS] Inserted 349 rows (duplicates ignored)
2026-06-22 09:34:00,585 - INFO - Inserted 349 rows for MARUTI.NS
2026-06-22 09:34:00,824 - INFO - [SUNPHARMA_NS] Inserted 349 rows (duplicates ignored)
2026-06-22 09:34:00,825 - INFO - Inserted 349 rows for SUNPHARMA.NS
2026-06-22 09:34:01,004 - INFO - [WIPRO_NS] Inserted 349 rows (duplicates ignored)
2026-06-22 09:34:01,004 - INFO - Inserted 349 rows for WIPRO.NS
2026-06-22 09:34:01,164 - INFO - [POWERGRID_NS] Inserted 349 rows (duplicates ignored)
2026-06-22 09:34:01,164 - INFO - Inserted 349 rows for POWERGRID.NS
2026-06-22 09:34:01,338 - INFO - [NTPC_NS] Inserted 349 rows (duplicates ignored)
2026-06-22 09:34:01,338 - INFO - Inserted 349 rows for NTPC.NS
2026-06-22 09:34:01,534 - INFO - [ONGC_NS] Inserted 349 rows (duplicates ignored)
2026-06-22 09:34:01,534 - INFO - Inserted 349 rows for ONGC.NS
2026-06-22 09:34:01,547 - INFO - Cycle complete. README updated.
2026-06-22 23:51:23,417 - INFO - Starting data fetch cycle...
2026-06-22 23:51:23,768 - INFO - [RELIANCE_NS] Inserted 375 rows (duplicates ignored)
2026-06-22 23:51:23,768 - INFO - Inserted 375 rows for RELIANCE.NS
2026-06-22 23:51:23,925 - INFO - [HDFCBANK_NS] Inserted 375 rows (duplicates ignored)
2026-06-22 23:51:23,925 - INFO - Inserted 375 rows for HDFCBANK.NS
2026-06-22 23:51:24,086 - INFO - [ICICIBANK_NS] Inserted 375 rows (duplicates ignored)
2026-06-22 23:51:24,086 - INFO - Inserted 375 rows for ICICIBANK.NS
2026-06-22 23:51:24,259 - INFO - [INFY_NS] Inserted 375 rows (duplicates ignored)
2026-06-22 23:51:24,259 - INFO - Inserted 375 rows for INFY.NS
2026-06-22 23:51:24,438 - INFO - [TCS_NS] Inserted 375 rows (duplicates ignored)
2026-06-22 23:51:24,438 - INFO - Inserted 375 rows for TCS.NS
2026-06-22 23:51:24,599 - INFO - [ITC_NS] Inserted 375 rows (duplicates ignored)
2026-06-22 23:51:24,599 - INFO - Inserted 375 rows for ITC.NS
2026-06-22 23:51:24,759 - INFO - [HINDUNILVR_NS] Inserted 375 rows (duplicates ignored)
2026-06-22 23:51:24,759 - INFO - Inserted 375 rows for HINDUNILVR.NS
2026-06-22 23:51:24,934 - INFO - [SBIN_NS] Inserted 375 rows (duplicates ignored)
2026-06-22 23:51:24,934 - INFO - Inserted 375 rows for SBIN.NS
2026-06-22 23:51:25,085 - INFO - [BHARTIARTL_NS] Inserted 375 rows (duplicates ignored)
2026-06-22 23:51:25,085 - INFO - Inserted 375 rows for BHARTIARTL.NS
2026-06-22 23:51:25,236 - INFO - [KOTAKBANK_NS] Inserted 375 rows (duplicates ignored)
2026-06-22 23:51:25,236 - INFO - Inserted 375 rows for KOTAKBANK.NS
2026-06-22 23:51:25,416 - INFO - [LT_NS] Inserted 375 rows (duplicates ignored)
2026-06-22 23:51:25,416 - INFO - Inserted 375 rows for LT.NS
2026-06-22 23:51:25,586 - INFO - [AXISBANK_NS] Inserted 375 rows (duplicates ignored)
2026-06-22 23:51:25,587 - INFO - Inserted 375 rows for AXISBANK.NS
2026-06-22 23:51:25,739 - INFO - [BAJFINANCE_NS] Inserted 375 rows (duplicates ignored)
2026-06-22 23:51:25,739 - INFO - Inserted 375 rows for BAJFINANCE.NS
2026-06-22 23:51:25,900 - INFO - [ASIANPAINT_NS] Inserted 375 rows (duplicates ignored)
2026-06-22 23:51:25,900 - INFO - Inserted 375 rows for ASIANPAINT.NS
2026-06-22 23:51:26,052 - INFO - [MARUTI_NS] Inserted 375 rows (duplicates ignored)
2026-06-22 23:51:26,052 - INFO - Inserted 375 rows for MARUTI.NS
2026-06-22 23:51:26,213 - INFO - [SUNPHARMA_NS] Inserted 375 rows (duplicates ignored)
2026-06-22 23:51:26,213 - INFO - Inserted 375 rows for SUNPHARMA.NS
2026-06-22 23:51:26,394 - INFO - [WIPRO_NS] Inserted 375 rows (duplicates ignored)
2026-06-22 23:51:26,394 - INFO - Inserted 375 rows for WIPRO.NS
2026-06-22 23:51:26,544 - INFO - [POWERGRID_NS] Inserted 375 rows (duplicates ignored)
2026-06-22 23:51:26,544 - INFO - Inserted 375 rows for POWERGRID.NS
2026-06-22 23:51:26,684 - INFO - [NTPC_NS] Inserted 375 rows (duplicates ignored)
2026-06-22 23:51:26,685 - INFO - Inserted 375 rows for NTPC.NS
2026-06-22 23:51:26,850 - INFO - [ONGC_NS] Inserted 375 rows (duplicates ignored)
2026-06-22 23:51:26,850 - INFO - Inserted 375 rows for ONGC.NS
2026-06-22 23:51:26,865 - INFO - Cycle complete. README updated.
2026-06-23 02:36:42,247 - INFO - Starting data fetch cycle...
2026-06-23 02:36:42,592 - INFO - [RELIANCE_NS] Inserted 375 rows (duplicates ignored)
2026-06-23 02:36:42,593 - INFO - Inserted 375 rows for RELIANCE.NS
2026-06-23 02:36:42,773 - INFO - [HDFCBANK_NS] Inserted 375 rows (duplicates ignored)
2026-06-23 02:36:42,773 - INFO - Inserted 375 rows for HDFCBANK.NS
2026-06-23 02:36:42,956 - INFO - [ICICIBANK_NS] Inserted 375 rows (duplicates ignored)
2026-06-23 02:36:42,956 - INFO - Inserted 375 rows for ICICIBANK.NS
2026-06-23 02:36:43,133 - INFO - [INFY_NS] Inserted 375 rows (duplicates ignored)
2026-06-23 02:36:43,133 - INFO - Inserted 375 rows for INFY.NS
2026-06-23 02:36:43,319 - INFO - [TCS_NS] Inserted 375 rows (duplicates ignored)
2026-06-23 02:36:43,319 - INFO - Inserted 375 rows for TCS.NS
2026-06-23 02:36:43,507 - INFO - [ITC_NS] Inserted 375 rows (duplicates ignored)
2026-06-23 02:36:43,507 - INFO - Inserted 375 rows for ITC.NS
2026-06-23 02:36:43,859 - INFO - [HINDUNILVR_NS] Inserted 375 rows (duplicates ignored)
2026-06-23 02:36:43,859 - INFO - Inserted 375 rows for HINDUNILVR.NS
2026-06-23 02:36:44,049 - INFO - [SBIN_NS] Inserted 375 rows (duplicates ignored)
2026-06-23 02:36:44,049 - INFO - Inserted 375 rows for SBIN.NS
2026-06-23 02:36:44,221 - INFO - [BHARTIARTL_NS] Inserted 375 rows (duplicates ignored)
2026-06-23 02:36:44,221 - INFO - Inserted 375 rows for BHARTIARTL.NS
2026-06-23 02:36:44,440 - INFO - [KOTAKBANK_NS] Inserted 375 rows (duplicates ignored)
2026-06-23 02:36:44,440 - INFO - Inserted 375 rows for KOTAKBANK.NS
2026-06-23 02:36:44,626 - INFO - [LT_NS] Inserted 375 rows (duplicates ignored)
2026-06-23 02:36:44,627 - INFO - Inserted 375 rows for LT.NS
2026-06-23 02:36:44,847 - INFO - [AXISBANK_NS] Inserted 375 rows (duplicates ignored)
2026-06-23 02:36:44,847 - INFO - Inserted 375 rows for AXISBANK.NS
2026-06-23 02:36:45,035 - INFO - [BAJFINANCE_NS] Inserted 375 rows (duplicates ignored)
2026-06-23 02:36:45,035 - INFO - Inserted 375 rows for BAJFINANCE.NS
2026-06-23 02:36:45,206 - INFO - [ASIANPAINT_NS] Inserted 375 rows (duplicates ignored)
2026-06-23 02:36:45,207 - INFO - Inserted 375 rows for ASIANPAINT.NS
2026-06-23 02:36:45,374 - INFO - [MARUTI_NS] Inserted 375 rows (duplicates ignored)
2026-06-23 02:36:45,375 - INFO - Inserted 375 rows for MARUTI.NS
2026-06-23 02:36:45,542 - INFO - [SUNPHARMA_NS] Inserted 375 rows (duplicates ignored)
2026-06-23 02:36:45,542 - INFO - Inserted 375 rows for SUNPHARMA.NS
2026-06-23 02:36:45,712 - INFO - [WIPRO_NS] Inserted 375 rows (duplicates ignored)
2026-06-23 02:36:45,713 - INFO - Inserted 375 rows for WIPRO.NS
2026-06-23 02:36:45,870 - INFO - [POWERGRID_NS] Inserted 375 rows (duplicates ignored)
2026-06-23 02:36:45,870 - INFO - Inserted 375 rows for POWERGRID.NS
2026-06-23 02:36:46,118 - INFO - [NTPC_NS] Inserted 375 rows (duplicates ignored)
2026-06-23 02:36:46,118 - INFO - Inserted 375 rows for NTPC.NS
2026-06-23 02:36:46,303 - INFO - [ONGC_NS] Inserted 375 rows (duplicates ignored)
2026-06-23 02:36:46,303 - INFO - Inserted 375 rows for ONGC.NS
2026-06-23 02:36:46,317 - INFO - Cycle complete. README updated.
2026-06-23 06:34:16,360 - INFO - Starting data fetch cycle...
2026-06-23 06:34:16,660 - INFO - [RELIANCE_NS] Inserted 170 rows (duplicates ignored)
2026-06-23 06:34:16,660 - INFO - Inserted 170 rows for RELIANCE.NS
2026-06-23 06:34:16,838 - INFO - [HDFCBANK_NS] Inserted 170 rows (duplicates ignored)
2026-06-23 06:34:16,838 - INFO - Inserted 170 rows for HDFCBANK.NS
2026-06-23 06:34:16,975 - INFO - [ICICIBANK_NS] Inserted 170 rows (duplicates ignored)
2026-06-23 06:34:16,976 - INFO - Inserted 170 rows for ICICIBANK.NS
2026-06-23 06:34:17,126 - INFO - [INFY_NS] Inserted 170 rows (duplicates ignored)
2026-06-23 06:34:17,126 - INFO - Inserted 170 rows for INFY.NS
2026-06-23 06:34:17,273 - INFO - [TCS_NS] Inserted 170 rows (duplicates ignored)
2026-06-23 06:34:17,273 - INFO - Inserted 170 rows for TCS.NS
2026-06-23 06:34:17,421 - INFO - [ITC_NS] Inserted 170 rows (duplicates ignored)
2026-06-23 06:34:17,421 - INFO - Inserted 170 rows for ITC.NS
2026-06-23 06:34:17,577 - INFO - [HINDUNILVR_NS] Inserted 170 rows (duplicates ignored)
2026-06-23 06:34:17,578 - INFO - Inserted 170 rows for HINDUNILVR.NS
2026-06-23 06:34:17,728 - INFO - [SBIN_NS] Inserted 170 rows (duplicates ignored)
2026-06-23 06:34:17,728 - INFO - Inserted 170 rows for SBIN.NS
2026-06-23 06:34:17,873 - INFO - [BHARTIARTL_NS] Inserted 170 rows (duplicates ignored)
2026-06-23 06:34:17,873 - INFO - Inserted 170 rows for BHARTIARTL.NS
2026-06-23 06:34:18,023 - INFO - [KOTAKBANK_NS] Inserted 170 rows (duplicates ignored)
2026-06-23 06:34:18,023 - INFO - Inserted 170 rows for KOTAKBANK.NS
2026-06-23 06:34:18,162 - INFO - [LT_NS] Inserted 170 rows (duplicates ignored)
2026-06-23 06:34:18,162 - INFO - Inserted 170 rows for LT.NS
2026-06-23 06:34:18,374 - INFO - [AXISBANK_NS] Inserted 170 rows (duplicates ignored)
2026-06-23 06:34:18,374 - INFO - Inserted 170 rows for AXISBANK.NS
2026-06-23 06:34:18,519 - INFO - [BAJFINANCE_NS] Inserted 170 rows (duplicates ignored)
2026-06-23 06:34:18,520 - INFO - Inserted 170 rows for BAJFINANCE.NS
2026-06-23 06:34:18,687 - INFO - [ASIANPAINT_NS] Inserted 170 rows (duplicates ignored)
2026-06-23 06:34:18,687 - INFO - Inserted 170 rows for ASIANPAINT.NS
2026-06-23 06:34:18,833 - INFO - [MARUTI_NS] Inserted 170 rows (duplicates ignored)
2026-06-23 06:34:18,833 - INFO - Inserted 170 rows for MARUTI.NS
2026-06-23 06:34:18,993 - INFO - [SUNPHARMA_NS] Inserted 170 rows (duplicates ignored)
2026-06-23 06:34:18,993 - INFO - Inserted 170 rows for SUNPHARMA.NS
2026-06-23 06:34:19,183 - INFO - [WIPRO_NS] Inserted 170 rows (duplicates ignored)
2026-06-23 06:34:19,184 - INFO - Inserted 170 rows for WIPRO.NS
2026-06-23 06:34:19,315 - INFO - [POWERGRID_NS] Inserted 170 rows (duplicates ignored)
2026-06-23 06:34:19,315 - INFO - Inserted 170 rows for POWERGRID.NS
2026-06-23 06:34:19,451 - INFO - [NTPC_NS] Inserted 170 rows (duplicates ignored)
2026-06-23 06:34:19,451 - INFO - Inserted 170 rows for NTPC.NS
2026-06-23 06:34:19,619 - INFO - [ONGC_NS] Inserted 170 rows (duplicates ignored)
2026-06-23 06:34:19,619 - INFO - Inserted 170 rows for ONGC.NS
2026-06-23 06:34:19,632 - INFO - Cycle complete. README updated.
2026-06-23 23:36:23,060 - INFO - Starting data fetch cycle...
2026-06-23 23:36:23,541 - INFO - [RELIANCE_NS] Inserted 375 rows (duplicates ignored)
2026-06-23 23:36:23,542 - INFO - Inserted 375 rows for RELIANCE.NS
2026-06-23 23:36:23,716 - INFO - [HDFCBANK_NS] Inserted 375 rows (duplicates ignored)
2026-06-23 23:36:23,716 - INFO - Inserted 375 rows for HDFCBANK.NS
2026-06-23 23:36:23,876 - INFO - [ICICIBANK_NS] Inserted 375 rows (duplicates ignored)
2026-06-23 23:36:23,876 - INFO - Inserted 375 rows for ICICIBANK.NS
2026-06-23 23:36:24,095 - INFO - [INFY_NS] Inserted 375 rows (duplicates ignored)
2026-06-23 23:36:24,095 - INFO - Inserted 375 rows for INFY.NS
2026-06-23 23:36:24,364 - INFO - [TCS_NS] Inserted 375 rows (duplicates ignored)
2026-06-23 23:36:24,365 - INFO - Inserted 375 rows for TCS.NS
2026-06-23 23:36:24,543 - INFO - [ITC_NS] Inserted 375 rows (duplicates ignored)
2026-06-23 23:36:24,544 - INFO - Inserted 375 rows for ITC.NS
2026-06-23 23:36:24,722 - INFO - [HINDUNILVR_NS] Inserted 375 rows (duplicates ignored)
2026-06-23 23:36:24,723 - INFO - Inserted 375 rows for HINDUNILVR.NS
2026-06-23 23:36:24,946 - INFO - [SBIN_NS] Inserted 375 rows (duplicates ignored)
2026-06-23 23:36:24,946 - INFO - Inserted 375 rows for SBIN.NS
2026-06-23 23:36:25,150 - INFO - [BHARTIARTL_NS] Inserted 375 rows (duplicates ignored)
2026-06-23 23:36:25,150 - INFO - Inserted 375 rows for BHARTIARTL.NS
2026-06-23 23:36:25,317 - INFO - [KOTAKBANK_NS] Inserted 375 rows (duplicates ignored)
2026-06-23 23:36:25,317 - INFO - Inserted 375 rows for KOTAKBANK.NS
2026-06-23 23:36:25,485 - INFO - [LT_NS] Inserted 375 rows (duplicates ignored)
2026-06-23 23:36:25,485 - INFO - Inserted 375 rows for LT.NS
2026-06-23 23:36:25,662 - INFO - [AXISBANK_NS] Inserted 375 rows (duplicates ignored)
2026-06-23 23:36:25,662 - INFO - Inserted 375 rows for AXISBANK.NS
2026-06-23 23:36:25,960 - INFO - [BAJFINANCE_NS] Inserted 375 rows (duplicates ignored)
2026-06-23 23:36:25,960 - INFO - Inserted 375 rows for BAJFINANCE.NS
2026-06-23 23:36:26,130 - INFO - [ASIANPAINT_NS] Inserted 375 rows (duplicates ignored)
2026-06-23 23:36:26,130 - INFO - Inserted 375 rows for ASIANPAINT.NS
2026-06-23 23:36:26,298 - INFO - [MARUTI_NS] Inserted 375 rows (duplicates ignored)
2026-06-23 23:36:26,298 - INFO - Inserted 375 rows for MARUTI.NS
2026-06-23 23:36:26,478 - INFO - [SUNPHARMA_NS] Inserted 375 rows (duplicates ignored)
2026-06-23 23:36:26,478 - INFO - Inserted 375 rows for SUNPHARMA.NS
2026-06-23 23:36:26,647 - INFO - [WIPRO_NS] Inserted 375 rows (duplicates ignored)
2026-06-23 23:36:26,647 - INFO - Inserted 375 rows for WIPRO.NS
2026-06-23 23:36:26,838 - INFO - [POWERGRID_NS] Inserted 375 rows (duplicates ignored)
2026-06-23 23:36:26,838 - INFO - Inserted 375 rows for POWERGRID.NS
2026-06-23 23:36:27,018 - INFO - [NTPC_NS] Inserted 375 rows (duplicates ignored)
2026-06-23 23:36:27,018 - INFO - Inserted 375 rows for NTPC.NS
2026-06-23 23:36:27,216 - INFO - [ONGC_NS] Inserted 375 rows (duplicates ignored)
2026-06-23 23:36:27,216 - INFO - Inserted 375 rows for ONGC.NS
2026-06-23 23:36:27,228 - INFO - Cycle complete. README updated.
2026-06-24 01:30:30,381 - INFO - Starting data fetch cycle...
2026-06-24 01:30:30,752 - INFO - [RELIANCE_NS] Inserted 375 rows (duplicates ignored)
2026-06-24 01:30:30,752 - INFO - Inserted 375 rows for RELIANCE.NS
2026-06-24 01:30:30,924 - INFO - [HDFCBANK_NS] Inserted 375 rows (duplicates ignored)
2026-06-24 01:30:30,924 - INFO - Inserted 375 rows for HDFCBANK.NS
2026-06-24 01:30:31,091 - INFO - [ICICIBANK_NS] Inserted 375 rows (duplicates ignored)
2026-06-24 01:30:31,091 - INFO - Inserted 375 rows for ICICIBANK.NS
2026-06-24 01:30:31,287 - INFO - [INFY_NS] Inserted 375 rows (duplicates ignored)
2026-06-24 01:30:31,287 - INFO - Inserted 375 rows for INFY.NS
2026-06-24 01:30:31,504 - INFO - [TCS_NS] Inserted 375 rows (duplicates ignored)
2026-06-24 01:30:31,504 - INFO - Inserted 375 rows for TCS.NS
2026-06-24 01:30:31,690 - INFO - [ITC_NS] Inserted 375 rows (duplicates ignored)
2026-06-24 01:30:31,691 - INFO - Inserted 375 rows for ITC.NS
2026-06-24 01:30:31,934 - INFO - [HINDUNILVR_NS] Inserted 375 rows (duplicates ignored)
2026-06-24 01:30:31,934 - INFO - Inserted 375 rows for HINDUNILVR.NS
2026-06-24 01:30:32,164 - INFO - [SBIN_NS] Inserted 375 rows (duplicates ignored)
2026-06-24 01:30:32,164 - INFO - Inserted 375 rows for SBIN.NS
2026-06-24 01:30:32,331 - INFO - [BHARTIARTL_NS] Inserted 375 rows (duplicates ignored)
2026-06-24 01:30:32,331 - INFO - Inserted 375 rows for BHARTIARTL.NS
2026-06-24 01:30:32,506 - INFO - [KOTAKBANK_NS] Inserted 375 rows (duplicates ignored)
2026-06-24 01:30:32,506 - INFO - Inserted 375 rows for KOTAKBANK.NS
2026-06-24 01:30:32,717 - INFO - [LT_NS] Inserted 375 rows (duplicates ignored)
2026-06-24 01:30:32,717 - INFO - Inserted 375 rows for LT.NS
2026-06-24 01:30:32,882 - INFO - [AXISBANK_NS] Inserted 375 rows (duplicates ignored)
2026-06-24 01:30:32,882 - INFO - Inserted 375 rows for AXISBANK.NS
2026-06-24 01:30:33,037 - INFO - [BAJFINANCE_NS] Inserted 375 rows (duplicates ignored)
2026-06-24 01:30:33,038 - INFO - Inserted 375 rows for BAJFINANCE.NS
2026-06-24 01:30:33,215 - INFO - [ASIANPAINT_NS] Inserted 375 rows (duplicates ignored)
2026-06-24 01:30:33,216 - INFO - Inserted 375 rows for ASIANPAINT.NS
2026-06-24 01:30:33,371 - INFO - [MARUTI_NS] Inserted 375 rows (duplicates ignored)
2026-06-24 01:30:33,371 - INFO - Inserted 375 rows for MARUTI.NS
2026-06-24 01:30:34,126 - INFO - [SUNPHARMA_NS] Inserted 375 rows (duplicates ignored)
2026-06-24 01:30:34,126 - INFO - Inserted 375 rows for SUNPHARMA.NS
2026-06-24 01:30:34,293 - INFO - [WIPRO_NS] Inserted 375 rows (duplicates ignored)
2026-06-24 01:30:34,293 - INFO - Inserted 375 rows for WIPRO.NS
2026-06-24 01:30:34,498 - INFO - [POWERGRID_NS] Inserted 375 rows (duplicates ignored)
2026-06-24 01:30:34,498 - INFO - Inserted 375 rows for POWERGRID.NS
2026-06-24 01:30:34,671 - INFO - [NTPC_NS] Inserted 375 rows (duplicates ignored)
2026-06-24 01:30:34,671 - INFO - Inserted 375 rows for NTPC.NS
2026-06-24 01:30:34,869 - INFO - [ONGC_NS] Inserted 375 rows (duplicates ignored)
2026-06-24 01:30:34,869 - INFO - Inserted 375 rows for ONGC.NS
2026-06-24 01:30:34,881 - INFO - Cycle complete. README updated.
2026-06-24 05:46:59,827 - INFO - Starting data fetch cycle...
2026-06-24 05:47:00,509 - INFO - [RELIANCE_NS] Inserted 122 rows (duplicates ignored)
2026-06-24 05:47:00,509 - INFO - Inserted 122 rows for RELIANCE.NS
2026-06-24 05:47:00,866 - INFO - [HDFCBANK_NS] Inserted 122 rows (duplicates ignored)
2026-06-24 05:47:00,867 - INFO - Inserted 122 rows for HDFCBANK.NS
2026-06-24 05:47:01,248 - INFO - [ICICIBANK_NS] Inserted 122 rows (duplicates ignored)
2026-06-24 05:47:01,248 - INFO - Inserted 122 rows for ICICIBANK.NS
2026-06-24 05:47:01,615 - INFO - [INFY_NS] Inserted 122 rows (duplicates ignored)
2026-06-24 05:47:01,615 - INFO - Inserted 122 rows for INFY.NS
2026-06-24 05:47:01,856 - INFO - [TCS_NS] Inserted 122 rows (duplicates ignored)
2026-06-24 05:47:01,856 - INFO - Inserted 122 rows for TCS.NS
2026-06-24 05:47:02,196 - INFO - [ITC_NS] Inserted 123 rows (duplicates ignored)
2026-06-24 05:47:02,197 - INFO - Inserted 123 rows for ITC.NS
2026-06-24 05:47:02,445 - INFO - [HINDUNILVR_NS] Inserted 122 rows (duplicates ignored)
2026-06-24 05:47:02,445 - INFO - Inserted 122 rows for HINDUNILVR.NS
2026-06-24 05:47:02,810 - INFO - [SBIN_NS] Inserted 123 rows (duplicates ignored)
2026-06-24 05:47:02,810 - INFO - Inserted 123 rows for SBIN.NS
2026-06-24 05:47:03,149 - INFO - [BHARTIARTL_NS] Inserted 123 rows (duplicates ignored)
2026-06-24 05:47:03,149 - INFO - Inserted 123 rows for BHARTIARTL.NS
2026-06-24 05:47:03,397 - INFO - [KOTAKBANK_NS] Inserted 123 rows (duplicates ignored)
2026-06-24 05:47:03,397 - INFO - Inserted 123 rows for KOTAKBANK.NS
2026-06-24 05:47:03,713 - INFO - [LT_NS] Inserted 123 rows (duplicates ignored)
2026-06-24 05:47:03,713 - INFO - Inserted 123 rows for LT.NS
2026-06-24 05:47:03,990 - INFO - [AXISBANK_NS] Inserted 123 rows (duplicates ignored)
2026-06-24 05:47:03,990 - INFO - Inserted 123 rows for AXISBANK.NS
2026-06-24 05:47:04,380 - INFO - [BAJFINANCE_NS] Inserted 123 rows (duplicates ignored)
2026-06-24 05:47:04,380 - INFO - Inserted 123 rows for BAJFINANCE.NS
2026-06-24 05:47:04,740 - INFO - [ASIANPAINT_NS] Inserted 123 rows (duplicates ignored)
2026-06-24 05:47:04,741 - INFO - Inserted 123 rows for ASIANPAINT.NS
2026-06-24 05:47:05,078 - INFO - [MARUTI_NS] Inserted 122 rows (duplicates ignored)
2026-06-24 05:47:05,079 - INFO - Inserted 122 rows for MARUTI.NS
2026-06-24 05:47:05,409 - INFO - [SUNPHARMA_NS] Inserted 123 rows (duplicates ignored)
2026-06-24 05:47:05,409 - INFO - Inserted 123 rows for SUNPHARMA.NS
2026-06-24 05:47:05,720 - INFO - [WIPRO_NS] Inserted 123 rows (duplicates ignored)
2026-06-24 05:47:05,720 - INFO - Inserted 123 rows for WIPRO.NS
2026-06-24 05:47:06,011 - INFO - [POWERGRID_NS] Inserted 123 rows (duplicates ignored)
2026-06-24 05:47:06,011 - INFO - Inserted 123 rows for POWERGRID.NS
2026-06-24 05:47:06,393 - INFO - [NTPC_NS] Inserted 123 rows (duplicates ignored)
2026-06-24 05:47:06,393 - INFO - Inserted 123 rows for NTPC.NS
2026-06-24 05:47:06,813 - INFO - [ONGC_NS] Inserted 123 rows (duplicates ignored)
2026-06-24 05:47:06,814 - INFO - Inserted 123 rows for ONGC.NS
2026-06-24 05:47:06,825 - INFO - Cycle complete. README updated.
2026-06-24 23:44:15,150 - INFO - Starting data fetch cycle...
2026-06-24 23:44:15,490 - INFO - [RELIANCE_NS] Inserted 374 rows (duplicates ignored)
2026-06-24 23:44:15,490 - INFO - Inserted 374 rows for RELIANCE.NS
2026-06-24 23:44:15,717 - INFO - [HDFCBANK_NS] Inserted 374 rows (duplicates ignored)
2026-06-24 23:44:15,717 - INFO - Inserted 374 rows for HDFCBANK.NS
2026-06-24 23:44:15,889 - INFO - [ICICIBANK_NS] Inserted 374 rows (duplicates ignored)
2026-06-24 23:44:15,889 - INFO - Inserted 374 rows for ICICIBANK.NS
2026-06-24 23:44:16,061 - INFO - [INFY_NS] Inserted 375 rows (duplicates ignored)
2026-06-24 23:44:16,061 - INFO - Inserted 375 rows for INFY.NS
2026-06-24 23:44:16,231 - INFO - [TCS_NS] Inserted 374 rows (duplicates ignored)
2026-06-24 23:44:16,231 - INFO - Inserted 374 rows for TCS.NS
2026-06-24 23:44:16,448 - INFO - [ITC_NS] Inserted 374 rows (duplicates ignored)
2026-06-24 23:44:16,448 - INFO - Inserted 374 rows for ITC.NS
2026-06-24 23:44:16,624 - INFO - [HINDUNILVR_NS] Inserted 374 rows (duplicates ignored)
2026-06-24 23:44:16,624 - INFO - Inserted 374 rows for HINDUNILVR.NS
2026-06-24 23:44:16,797 - INFO - [SBIN_NS] Inserted 374 rows (duplicates ignored)
2026-06-24 23:44:16,797 - INFO - Inserted 374 rows for SBIN.NS
2026-06-24 23:44:16,938 - INFO - [BHARTIARTL_NS] Inserted 374 rows (duplicates ignored)
2026-06-24 23:44:16,938 - INFO - Inserted 374 rows for BHARTIARTL.NS
2026-06-24 23:44:17,105 - INFO - [KOTAKBANK_NS] Inserted 374 rows (duplicates ignored)
2026-06-24 23:44:17,105 - INFO - Inserted 374 rows for KOTAKBANK.NS
2026-06-24 23:44:17,274 - INFO - [LT_NS] Inserted 375 rows (duplicates ignored)
2026-06-24 23:44:17,274 - INFO - Inserted 375 rows for LT.NS
2026-06-24 23:44:17,504 - INFO - [AXISBANK_NS] Inserted 374 rows (duplicates ignored)
2026-06-24 23:44:17,504 - INFO - Inserted 374 rows for AXISBANK.NS
2026-06-24 23:44:17,665 - INFO - [BAJFINANCE_NS] Inserted 374 rows (duplicates ignored)
2026-06-24 23:44:17,665 - INFO - Inserted 374 rows for BAJFINANCE.NS
2026-06-24 23:44:17,882 - INFO - [ASIANPAINT_NS] Inserted 374 rows (duplicates ignored)
2026-06-24 23:44:17,882 - INFO - Inserted 374 rows for ASIANPAINT.NS
2026-06-24 23:44:18,048 - INFO - [MARUTI_NS] Inserted 374 rows (duplicates ignored)
2026-06-24 23:44:18,048 - INFO - Inserted 374 rows for MARUTI.NS
2026-06-24 23:44:18,226 - INFO - [SUNPHARMA_NS] Inserted 374 rows (duplicates ignored)
2026-06-24 23:44:18,226 - INFO - Inserted 374 rows for SUNPHARMA.NS
2026-06-24 23:44:18,406 - INFO - [WIPRO_NS] Inserted 374 rows (duplicates ignored)
2026-06-24 23:44:18,406 - INFO - Inserted 374 rows for WIPRO.NS
2026-06-24 23:44:18,554 - INFO - [POWERGRID_NS] Inserted 375 rows (duplicates ignored)
2026-06-24 23:44:18,554 - INFO - Inserted 375 rows for POWERGRID.NS
2026-06-24 23:44:18,717 - INFO - [NTPC_NS] Inserted 374 rows (duplicates ignored)
2026-06-24 23:44:18,717 - INFO - Inserted 374 rows for NTPC.NS
2026-06-24 23:44:18,886 - INFO - [ONGC_NS] Inserted 374 rows (duplicates ignored)
2026-06-24 23:44:18,886 - INFO - Inserted 374 rows for ONGC.NS
2026-06-24 23:44:18,901 - INFO - Cycle complete. README updated.
2026-06-25 01:51:21,030 - INFO - Starting data fetch cycle...
2026-06-25 01:51:21,706 - INFO - [RELIANCE_NS] Inserted 374 rows (duplicates ignored)
2026-06-25 01:51:21,706 - INFO - Inserted 374 rows for RELIANCE.NS
2026-06-25 01:51:21,955 - INFO - [HDFCBANK_NS] Inserted 374 rows (duplicates ignored)
2026-06-25 01:51:21,955 - INFO - Inserted 374 rows for HDFCBANK.NS
2026-06-25 01:51:22,182 - INFO - [ICICIBANK_NS] Inserted 374 rows (duplicates ignored)
2026-06-25 01:51:22,182 - INFO - Inserted 374 rows for ICICIBANK.NS
2026-06-25 01:51:22,422 - INFO - [INFY_NS] Inserted 375 rows (duplicates ignored)
2026-06-25 01:51:22,422 - INFO - Inserted 375 rows for INFY.NS
2026-06-25 01:51:22,658 - INFO - [TCS_NS] Inserted 374 rows (duplicates ignored)
2026-06-25 01:51:22,658 - INFO - Inserted 374 rows for TCS.NS
2026-06-25 01:51:22,906 - INFO - [ITC_NS] Inserted 374 rows (duplicates ignored)
2026-06-25 01:51:22,906 - INFO - Inserted 374 rows for ITC.NS
2026-06-25 01:51:23,225 - INFO - [HINDUNILVR_NS] Inserted 374 rows (duplicates ignored)
2026-06-25 01:51:23,225 - INFO - Inserted 374 rows for HINDUNILVR.NS
2026-06-25 01:51:23,464 - INFO - [SBIN_NS] Inserted 374 rows (duplicates ignored)
2026-06-25 01:51:23,464 - INFO - Inserted 374 rows for SBIN.NS
2026-06-25 01:51:23,690 - INFO - [BHARTIARTL_NS] Inserted 374 rows (duplicates ignored)
2026-06-25 01:51:23,690 - INFO - Inserted 374 rows for BHARTIARTL.NS
2026-06-25 01:51:23,943 - INFO - [KOTAKBANK_NS] Inserted 374 rows (duplicates ignored)
2026-06-25 01:51:23,944 - INFO - Inserted 374 rows for KOTAKBANK.NS
2026-06-25 01:51:24,241 - INFO - [LT_NS] Inserted 375 rows (duplicates ignored)
2026-06-25 01:51:24,241 - INFO - Inserted 375 rows for LT.NS
2026-06-25 01:51:24,504 - INFO - [AXISBANK_NS] Inserted 374 rows (duplicates ignored)
2026-06-25 01:51:24,504 - INFO - Inserted 374 rows for AXISBANK.NS
2026-06-25 01:51:24,739 - INFO - [BAJFINANCE_NS] Inserted 374 rows (duplicates ignored)
2026-06-25 01:51:24,739 - INFO - Inserted 374 rows for BAJFINANCE.NS
2026-06-25 01:51:24,986 - INFO - [ASIANPAINT_NS] Inserted 374 rows (duplicates ignored)
2026-06-25 01:51:24,986 - INFO - Inserted 374 rows for ASIANPAINT.NS
2026-06-25 01:51:25,243 - INFO - [MARUTI_NS] Inserted 374 rows (duplicates ignored)
2026-06-25 01:51:25,243 - INFO - Inserted 374 rows for MARUTI.NS
2026-06-25 01:51:25,499 - INFO - [SUNPHARMA_NS] Inserted 374 rows (duplicates ignored)
2026-06-25 01:51:25,499 - INFO - Inserted 374 rows for SUNPHARMA.NS
2026-06-25 01:51:25,744 - INFO - [WIPRO_NS] Inserted 374 rows (duplicates ignored)
2026-06-25 01:51:25,744 - INFO - Inserted 374 rows for WIPRO.NS
2026-06-25 01:51:26,002 - INFO - [POWERGRID_NS] Inserted 375 rows (duplicates ignored)
2026-06-25 01:51:26,002 - INFO - Inserted 375 rows for POWERGRID.NS
2026-06-25 01:51:26,221 - INFO - [NTPC_NS] Inserted 374 rows (duplicates ignored)
2026-06-25 01:51:26,221 - INFO - Inserted 374 rows for NTPC.NS
2026-06-25 01:51:26,537 - INFO - [ONGC_NS] Inserted 374 rows (duplicates ignored)
2026-06-25 01:51:26,537 - INFO - Inserted 374 rows for ONGC.NS
2026-06-25 01:51:26,551 - INFO - Cycle complete. README updated.
2026-06-25 06:00:15,584 - INFO - Starting data fetch cycle...
2026-06-25 06:00:16,450 - INFO - [RELIANCE_NS] Inserted 136 rows (duplicates ignored)
2026-06-25 06:00:16,450 - INFO - Inserted 136 rows for RELIANCE.NS
2026-06-25 06:00:16,870 - INFO - [HDFCBANK_NS] Inserted 136 rows (duplicates ignored)
2026-06-25 06:00:16,870 - INFO - Inserted 136 rows for HDFCBANK.NS
2026-06-25 06:00:17,179 - INFO - [ICICIBANK_NS] Inserted 136 rows (duplicates ignored)
2026-06-25 06:00:17,179 - INFO - Inserted 136 rows for ICICIBANK.NS
2026-06-25 06:00:17,621 - INFO - [INFY_NS] Inserted 136 rows (duplicates ignored)
2026-06-25 06:00:17,621 - INFO - Inserted 136 rows for INFY.NS
2026-06-25 06:00:17,950 - INFO - [TCS_NS] Inserted 136 rows (duplicates ignored)
2026-06-25 06:00:17,950 - INFO - Inserted 136 rows for TCS.NS
2026-06-25 06:00:18,257 - INFO - [ITC_NS] Inserted 136 rows (duplicates ignored)
2026-06-25 06:00:18,257 - INFO - Inserted 136 rows for ITC.NS
2026-06-25 06:00:18,596 - INFO - [HINDUNILVR_NS] Inserted 136 rows (duplicates ignored)
2026-06-25 06:00:18,596 - INFO - Inserted 136 rows for HINDUNILVR.NS
2026-06-25 06:00:18,932 - INFO - [SBIN_NS] Inserted 136 rows (duplicates ignored)
2026-06-25 06:00:18,932 - INFO - Inserted 136 rows for SBIN.NS
2026-06-25 06:00:19,267 - INFO - [BHARTIARTL_NS] Inserted 136 rows (duplicates ignored)
2026-06-25 06:00:19,267 - INFO - Inserted 136 rows for BHARTIARTL.NS
2026-06-25 06:00:19,633 - INFO - [KOTAKBANK_NS] Inserted 136 rows (duplicates ignored)
2026-06-25 06:00:19,633 - INFO - Inserted 136 rows for KOTAKBANK.NS
2026-06-25 06:00:20,031 - INFO - [LT_NS] Inserted 136 rows (duplicates ignored)
2026-06-25 06:00:20,031 - INFO - Inserted 136 rows for LT.NS
2026-06-25 06:00:20,297 - INFO - [AXISBANK_NS] Inserted 136 rows (duplicates ignored)
2026-06-25 06:00:20,297 - INFO - Inserted 136 rows for AXISBANK.NS
2026-06-25 06:00:20,593 - INFO - [BAJFINANCE_NS] Inserted 136 rows (duplicates ignored)
2026-06-25 06:00:20,594 - INFO - Inserted 136 rows for BAJFINANCE.NS
2026-06-25 06:00:20,871 - INFO - [ASIANPAINT_NS] Inserted 136 rows (duplicates ignored)
2026-06-25 06:00:20,871 - INFO - Inserted 136 rows for ASIANPAINT.NS
2026-06-25 06:00:21,119 - INFO - [MARUTI_NS] Inserted 136 rows (duplicates ignored)
2026-06-25 06:00:21,120 - INFO - Inserted 136 rows for MARUTI.NS
2026-06-25 06:00:21,437 - INFO - [SUNPHARMA_NS] Inserted 136 rows (duplicates ignored)
2026-06-25 06:00:21,437 - INFO - Inserted 136 rows for SUNPHARMA.NS
2026-06-25 06:00:22,357 - INFO - [WIPRO_NS] Inserted 136 rows (duplicates ignored)
2026-06-25 06:00:22,357 - INFO - Inserted 136 rows for WIPRO.NS
2026-06-25 06:00:23,864 - INFO - [POWERGRID_NS] Inserted 136 rows (duplicates ignored)
2026-06-25 06:00:23,865 - INFO - Inserted 136 rows for POWERGRID.NS
2026-06-25 06:00:24,130 - INFO - [NTPC_NS] Inserted 136 rows (duplicates ignored)
2026-06-25 06:00:24,131 - INFO - Inserted 136 rows for NTPC.NS
2026-06-25 06:00:24,388 - INFO - [ONGC_NS] Inserted 136 rows (duplicates ignored)
2026-06-25 06:00:24,388 - INFO - Inserted 136 rows for ONGC.NS
2026-06-25 06:00:24,402 - INFO - Cycle complete. README updated.
2026-06-25 23:53:22,689 - INFO - Starting data fetch cycle...
2026-06-25 23:53:23,068 - INFO - [RELIANCE_NS] Inserted 375 rows (duplicates ignored)
2026-06-25 23:53:23,068 - INFO - Inserted 375 rows for RELIANCE.NS
2026-06-25 23:53:23,248 - INFO - [HDFCBANK_NS] Inserted 375 rows (duplicates ignored)
2026-06-25 23:53:23,248 - INFO - Inserted 375 rows for HDFCBANK.NS
2026-06-25 23:53:23,417 - INFO - [ICICIBANK_NS] Inserted 375 rows (duplicates ignored)
2026-06-25 23:53:23,417 - INFO - Inserted 375 rows for ICICIBANK.NS
2026-06-25 23:53:23,587 - INFO - [INFY_NS] Inserted 375 rows (duplicates ignored)
2026-06-25 23:53:23,587 - INFO - Inserted 375 rows for INFY.NS
2026-06-25 23:53:23,746 - INFO - [TCS_NS] Inserted 375 rows (duplicates ignored)
2026-06-25 23:53:23,747 - INFO - Inserted 375 rows for TCS.NS
2026-06-25 23:53:23,918 - INFO - [ITC_NS] Inserted 375 rows (duplicates ignored)
2026-06-25 23:53:23,918 - INFO - Inserted 375 rows for ITC.NS
2026-06-25 23:53:24,089 - INFO - [HINDUNILVR_NS] Inserted 375 rows (duplicates ignored)
2026-06-25 23:53:24,089 - INFO - Inserted 375 rows for HINDUNILVR.NS
2026-06-25 23:53:24,277 - INFO - [SBIN_NS] Inserted 375 rows (duplicates ignored)
2026-06-25 23:53:24,277 - INFO - Inserted 375 rows for SBIN.NS
2026-06-25 23:53:24,423 - INFO - [BHARTIARTL_NS] Inserted 375 rows (duplicates ignored)
2026-06-25 23:53:24,424 - INFO - Inserted 375 rows for BHARTIARTL.NS
2026-06-25 23:53:24,604 - INFO - [KOTAKBANK_NS] Inserted 375 rows (duplicates ignored)
2026-06-25 23:53:24,604 - INFO - Inserted 375 rows for KOTAKBANK.NS
2026-06-25 23:53:24,770 - INFO - [LT_NS] Inserted 375 rows (duplicates ignored)
2026-06-25 23:53:24,770 - INFO - Inserted 375 rows for LT.NS
2026-06-25 23:53:24,932 - INFO - [AXISBANK_NS] Inserted 375 rows (duplicates ignored)
2026-06-25 23:53:24,932 - INFO - Inserted 375 rows for AXISBANK.NS
2026-06-25 23:53:25,105 - INFO - [BAJFINANCE_NS] Inserted 375 rows (duplicates ignored)
2026-06-25 23:53:25,105 - INFO - Inserted 375 rows for BAJFINANCE.NS
2026-06-25 23:53:25,305 - INFO - [ASIANPAINT_NS] Inserted 375 rows (duplicates ignored)
2026-06-25 23:53:25,305 - INFO - Inserted 375 rows for ASIANPAINT.NS
2026-06-25 23:53:25,462 - INFO - [MARUTI_NS] Inserted 375 rows (duplicates ignored)
2026-06-25 23:53:25,463 - INFO - Inserted 375 rows for MARUTI.NS
2026-06-25 23:53:25,653 - INFO - [SUNPHARMA_NS] Inserted 375 rows (duplicates ignored)
2026-06-25 23:53:25,653 - INFO - Inserted 375 rows for SUNPHARMA.NS
2026-06-25 23:53:25,821 - INFO - [WIPRO_NS] Inserted 375 rows (duplicates ignored)
2026-06-25 23:53:25,821 - INFO - Inserted 375 rows for WIPRO.NS
2026-06-25 23:53:25,979 - INFO - [POWERGRID_NS] Inserted 375 rows (duplicates ignored)
2026-06-25 23:53:25,979 - INFO - Inserted 375 rows for POWERGRID.NS
2026-06-25 23:53:26,141 - INFO - [NTPC_NS] Inserted 375 rows (duplicates ignored)
2026-06-25 23:53:26,142 - INFO - Inserted 375 rows for NTPC.NS
2026-06-25 23:53:26,317 - INFO - [ONGC_NS] Inserted 375 rows (duplicates ignored)
2026-06-25 23:53:26,317 - INFO - Inserted 375 rows for ONGC.NS
2026-06-25 23:53:26,330 - INFO - Cycle complete. README updated.
2026-06-26 03:32:55,879 - INFO - Starting data fetch cycle...
2026-06-26 03:32:56,154 - INFO - [RELIANCE_NS] Inserted 375 rows (duplicates ignored)
2026-06-26 03:32:56,155 - INFO - Inserted 375 rows for RELIANCE.NS
2026-06-26 03:32:56,301 - INFO - [HDFCBANK_NS] Inserted 375 rows (duplicates ignored)
2026-06-26 03:32:56,301 - INFO - Inserted 375 rows for HDFCBANK.NS
2026-06-26 03:32:56,449 - INFO - [ICICIBANK_NS] Inserted 375 rows (duplicates ignored)
2026-06-26 03:32:56,449 - INFO - Inserted 375 rows for ICICIBANK.NS
2026-06-26 03:32:56,607 - INFO - [INFY_NS] Inserted 375 rows (duplicates ignored)
2026-06-26 03:32:56,607 - INFO - Inserted 375 rows for INFY.NS
2026-06-26 03:32:56,762 - INFO - [TCS_NS] Inserted 375 rows (duplicates ignored)
2026-06-26 03:32:56,762 - INFO - Inserted 375 rows for TCS.NS
2026-06-26 03:32:56,920 - INFO - [ITC_NS] Inserted 375 rows (duplicates ignored)
2026-06-26 03:32:56,921 - INFO - Inserted 375 rows for ITC.NS
2026-06-26 03:32:57,097 - INFO - [HINDUNILVR_NS] Inserted 375 rows (duplicates ignored)
2026-06-26 03:32:57,097 - INFO - Inserted 375 rows for HINDUNILVR.NS
2026-06-26 03:32:57,244 - INFO - [SBIN_NS] Inserted 375 rows (duplicates ignored)
2026-06-26 03:32:57,244 - INFO - Inserted 375 rows for SBIN.NS
2026-06-26 03:32:57,412 - INFO - [BHARTIARTL_NS] Inserted 375 rows (duplicates ignored)
2026-06-26 03:32:57,412 - INFO - Inserted 375 rows for BHARTIARTL.NS
2026-06-26 03:32:57,595 - INFO - [KOTAKBANK_NS] Inserted 375 rows (duplicates ignored)
2026-06-26 03:32:57,595 - INFO - Inserted 375 rows for KOTAKBANK.NS
2026-06-26 03:32:57,746 - INFO - [LT_NS] Inserted 375 rows (duplicates ignored)
2026-06-26 03:32:57,746 - INFO - Inserted 375 rows for LT.NS
2026-06-26 03:32:57,908 - INFO - [AXISBANK_NS] Inserted 375 rows (duplicates ignored)
2026-06-26 03:32:57,908 - INFO - Inserted 375 rows for AXISBANK.NS
2026-06-26 03:32:58,050 - INFO - [BAJFINANCE_NS] Inserted 375 rows (duplicates ignored)
2026-06-26 03:32:58,050 - INFO - Inserted 375 rows for BAJFINANCE.NS
2026-06-26 03:32:58,231 - INFO - [ASIANPAINT_NS] Inserted 375 rows (duplicates ignored)
2026-06-26 03:32:58,231 - INFO - Inserted 375 rows for ASIANPAINT.NS
2026-06-26 03:32:58,406 - INFO - [MARUTI_NS] Inserted 375 rows (duplicates ignored)
2026-06-26 03:32:58,406 - INFO - Inserted 375 rows for MARUTI.NS
2026-06-26 03:32:58,574 - INFO - [SUNPHARMA_NS] Inserted 375 rows (duplicates ignored)
2026-06-26 03:32:58,574 - INFO - Inserted 375 rows for SUNPHARMA.NS
2026-06-26 03:32:58,736 - INFO - [WIPRO_NS] Inserted 375 rows (duplicates ignored)
2026-06-26 03:32:58,736 - INFO - Inserted 375 rows for WIPRO.NS
2026-06-26 03:32:58,873 - INFO - [POWERGRID_NS] Inserted 375 rows (duplicates ignored)
2026-06-26 03:32:58,874 - INFO - Inserted 375 rows for POWERGRID.NS
2026-06-26 03:32:59,029 - INFO - [NTPC_NS] Inserted 375 rows (duplicates ignored)
2026-06-26 03:32:59,029 - INFO - Inserted 375 rows for NTPC.NS
2026-06-26 03:32:59,198 - INFO - [ONGC_NS] Inserted 375 rows (duplicates ignored)
2026-06-26 03:32:59,198 - INFO - Inserted 375 rows for ONGC.NS
2026-06-26 03:32:59,211 - INFO - Cycle complete. README updated.
2026-06-26 07:08:52,895 - INFO - Starting data fetch cycle...
2026-06-26 07:08:53,184 - WARNING - No data returned for RELIANCE.NS
2026-06-26 07:08:53,184 - WARNING - No data to insert for RELIANCE.NS
2026-06-26 07:08:53,309 - WARNING - No data returned for HDFCBANK.NS
2026-06-26 07:08:53,309 - WARNING - No data to insert for HDFCBANK.NS
2026-06-26 07:08:53,423 - WARNING - No data returned for ICICIBANK.NS
2026-06-26 07:08:53,423 - WARNING - No data to insert for ICICIBANK.NS
2026-06-26 07:08:53,548 - WARNING - No data returned for INFY.NS
2026-06-26 07:08:53,548 - WARNING - No data to insert for INFY.NS
2026-06-26 07:08:53,662 - WARNING - No data returned for TCS.NS
2026-06-26 07:08:53,662 - WARNING - No data to insert for TCS.NS
2026-06-26 07:08:53,787 - WARNING - No data returned for ITC.NS
2026-06-26 07:08:53,787 - WARNING - No data to insert for ITC.NS
2026-06-26 07:08:53,901 - WARNING - No data returned for HINDUNILVR.NS
2026-06-26 07:08:53,901 - WARNING - No data to insert for HINDUNILVR.NS
2026-06-26 07:08:54,036 - WARNING - No data returned for SBIN.NS
2026-06-26 07:08:54,036 - WARNING - No data to insert for SBIN.NS
2026-06-26 07:08:54,141 - WARNING - No data returned for BHARTIARTL.NS
2026-06-26 07:08:54,141 - WARNING - No data to insert for BHARTIARTL.NS
2026-06-26 07:08:54,256 - WARNING - No data returned for KOTAKBANK.NS
2026-06-26 07:08:54,256 - WARNING - No data to insert for KOTAKBANK.NS
2026-06-26 07:08:54,361 - WARNING - No data returned for LT.NS
2026-06-26 07:08:54,361 - WARNING - No data to insert for LT.NS
2026-06-26 07:08:54,486 - WARNING - No data returned for AXISBANK.NS
2026-06-26 07:08:54,486 - WARNING - No data to insert for AXISBANK.NS
2026-06-26 07:08:54,591 - WARNING - No data returned for BAJFINANCE.NS
2026-06-26 07:08:54,591 - WARNING - No data to insert for BAJFINANCE.NS
2026-06-26 07:08:54,715 - WARNING - No data returned for ASIANPAINT.NS
2026-06-26 07:08:54,715 - WARNING - No data to insert for ASIANPAINT.NS
2026-06-26 07:08:54,859 - WARNING - No data returned for MARUTI.NS
2026-06-26 07:08:54,859 - WARNING - No data to insert for MARUTI.NS
2026-06-26 07:08:54,974 - WARNING - No data returned for SUNPHARMA.NS
2026-06-26 07:08:54,974 - WARNING - No data to insert for SUNPHARMA.NS
2026-06-26 07:08:55,119 - WARNING - No data returned for WIPRO.NS
2026-06-26 07:08:55,119 - WARNING - No data to insert for WIPRO.NS
2026-06-26 07:08:55,223 - WARNING - No data returned for POWERGRID.NS
2026-06-26 07:08:55,223 - WARNING - No data to insert for POWERGRID.NS
2026-06-26 07:08:55,347 - WARNING - No data returned for NTPC.NS
2026-06-26 07:08:55,347 - WARNING - No data to insert for NTPC.NS
2026-06-26 07:08:55,472 - WARNING - No data returned for ONGC.NS
2026-06-26 07:08:55,472 - WARNING - No data to insert for ONGC.NS
2026-06-26 07:08:55,485 - INFO - Cycle complete. README updated.
2026-06-28 23:39:28,460 - INFO - Starting data fetch cycle...
2026-06-28 23:39:28,848 - WARNING - No data returned for RELIANCE.NS
2026-06-28 23:39:28,848 - WARNING - No data to insert for RELIANCE.NS
2026-06-28 23:39:28,963 - WARNING - No data returned for HDFCBANK.NS
2026-06-28 23:39:28,963 - WARNING - No data to insert for HDFCBANK.NS
2026-06-28 23:39:29,098 - WARNING - No data returned for ICICIBANK.NS
2026-06-28 23:39:29,098 - WARNING - No data to insert for ICICIBANK.NS
2026-06-28 23:39:29,334 - WARNING - No data returned for INFY.NS
2026-06-28 23:39:29,334 - WARNING - No data to insert for INFY.NS
2026-06-28 23:39:29,631 - WARNING - No data returned for TCS.NS
2026-06-28 23:39:29,631 - WARNING - No data to insert for TCS.NS
2026-06-28 23:39:29,746 - WARNING - No data returned for ITC.NS
2026-06-28 23:39:29,746 - WARNING - No data to insert for ITC.NS
2026-06-28 23:39:29,901 - WARNING - No data returned for HINDUNILVR.NS
2026-06-28 23:39:29,901 - WARNING - No data to insert for HINDUNILVR.NS
2026-06-28 23:39:30,026 - WARNING - No data returned for SBIN.NS
2026-06-28 23:39:30,027 - WARNING - No data to insert for SBIN.NS
2026-06-28 23:39:30,172 - WARNING - No data returned for BHARTIARTL.NS
2026-06-28 23:39:30,172 - WARNING - No data to insert for BHARTIARTL.NS
2026-06-28 23:39:30,286 - WARNING - No data returned for KOTAKBANK.NS
2026-06-28 23:39:30,286 - WARNING - No data to insert for KOTAKBANK.NS
2026-06-28 23:39:30,471 - WARNING - No data returned for LT.NS
2026-06-28 23:39:30,472 - WARNING - No data to insert for LT.NS
2026-06-28 23:39:30,668 - WARNING - No data returned for AXISBANK.NS
2026-06-28 23:39:30,668 - WARNING - No data to insert for AXISBANK.NS
2026-06-28 23:39:30,774 - WARNING - No data returned for BAJFINANCE.NS
2026-06-28 23:39:30,774 - WARNING - No data to insert for BAJFINANCE.NS
2026-06-28 23:39:31,021 - WARNING - No data returned for ASIANPAINT.NS
2026-06-28 23:39:31,021 - WARNING - No data to insert for ASIANPAINT.NS
2026-06-28 23:39:31,135 - WARNING - No data returned for MARUTI.NS
2026-06-28 23:39:31,136 - WARNING - No data to insert for MARUTI.NS
2026-06-28 23:39:31,311 - WARNING - No data returned for SUNPHARMA.NS
2026-06-28 23:39:31,311 - WARNING - No data to insert for SUNPHARMA.NS
2026-06-28 23:39:31,557 - WARNING - No data returned for WIPRO.NS
2026-06-28 23:39:31,557 - WARNING - No data to insert for WIPRO.NS
2026-06-28 23:39:31,693 - WARNING - No data returned for POWERGRID.NS
2026-06-28 23:39:31,694 - WARNING - No data to insert for POWERGRID.NS
2026-06-28 23:39:31,910 - WARNING - No data returned for NTPC.NS
2026-06-28 23:39:31,910 - WARNING - No data to insert for NTPC.NS
2026-06-28 23:39:32,034 - WARNING - No data returned for ONGC.NS
2026-06-28 23:39:32,035 - WARNING - No data to insert for ONGC.NS
2026-06-28 23:39:32,049 - INFO - Cycle complete. README updated.
2026-06-29 01:54:35,625 - INFO - Starting data fetch cycle...
2026-06-29 01:54:35,854 - WARNING - No data returned for RELIANCE.NS
2026-06-29 01:54:35,854 - WARNING - No data to insert for RELIANCE.NS
2026-06-29 01:54:36,009 - WARNING - No data returned for HDFCBANK.NS
2026-06-29 01:54:36,009 - WARNING - No data to insert for HDFCBANK.NS
2026-06-29 01:54:36,134 - WARNING - No data returned for ICICIBANK.NS
2026-06-29 01:54:36,134 - WARNING - No data to insert for ICICIBANK.NS
2026-06-29 01:54:36,259 - WARNING - No data returned for INFY.NS
2026-06-29 01:54:36,259 - WARNING - No data to insert for INFY.NS
2026-06-29 01:54:36,404 - WARNING - No data returned for TCS.NS
2026-06-29 01:54:36,404 - WARNING - No data to insert for TCS.NS
2026-06-29 01:54:36,539 - WARNING - No data returned for ITC.NS
2026-06-29 01:54:36,539 - WARNING - No data to insert for ITC.NS
2026-06-29 01:54:36,704 - WARNING - No data returned for HINDUNILVR.NS
2026-06-29 01:54:36,704 - WARNING - No data to insert for HINDUNILVR.NS
2026-06-29 01:54:36,859 - WARNING - No data returned for SBIN.NS
2026-06-29 01:54:36,859 - WARNING - No data to insert for SBIN.NS
2026-06-29 01:54:36,974 - WARNING - No data returned for BHARTIARTL.NS
2026-06-29 01:54:36,974 - WARNING - No data to insert for BHARTIARTL.NS
2026-06-29 01:54:37,129 - WARNING - No data returned for KOTAKBANK.NS
2026-06-29 01:54:37,129 - WARNING - No data to insert for KOTAKBANK.NS
2026-06-29 01:54:37,244 - WARNING - No data returned for LT.NS
2026-06-29 01:54:37,244 - WARNING - No data to insert for LT.NS
2026-06-29 01:54:37,368 - WARNING - No data returned for AXISBANK.NS
2026-06-29 01:54:37,368 - WARNING - No data to insert for AXISBANK.NS
2026-06-29 01:54:37,513 - WARNING - No data returned for BAJFINANCE.NS
2026-06-29 01:54:37,513 - WARNING - No data to insert for BAJFINANCE.NS
2026-06-29 01:54:37,679 - WARNING - No data returned for ASIANPAINT.NS
2026-06-29 01:54:37,679 - WARNING - No data to insert for ASIANPAINT.NS
2026-06-29 01:54:37,793 - WARNING - No data returned for MARUTI.NS
2026-06-29 01:54:37,793 - WARNING - No data to insert for MARUTI.NS
2026-06-29 01:54:37,917 - WARNING - No data returned for SUNPHARMA.NS
2026-06-29 01:54:37,918 - WARNING - No data to insert for SUNPHARMA.NS
2026-06-29 01:54:38,032 - WARNING - No data returned for WIPRO.NS
2026-06-29 01:54:38,032 - WARNING - No data to insert for WIPRO.NS
2026-06-29 01:54:38,167 - WARNING - No data returned for POWERGRID.NS
2026-06-29 01:54:38,168 - WARNING - No data to insert for POWERGRID.NS
2026-06-29 01:54:38,282 - WARNING - No data returned for NTPC.NS
2026-06-29 01:54:38,283 - WARNING - No data to insert for NTPC.NS
2026-06-29 01:54:38,418 - WARNING - No data returned for ONGC.NS
2026-06-29 01:54:38,419 - WARNING - No data to insert for ONGC.NS
2026-06-29 01:54:38,433 - INFO - Cycle complete. README updated.
2026-06-29 06:50:40,597 - INFO - Starting data fetch cycle...
2026-06-29 06:50:41,322 - INFO - [RELIANCE_NS] Inserted 186 rows (duplicates ignored)
2026-06-29 06:50:41,323 - INFO - Inserted 186 rows for RELIANCE.NS
2026-06-29 06:50:41,674 - INFO - [HDFCBANK_NS] Inserted 186 rows (duplicates ignored)
2026-06-29 06:50:41,674 - INFO - Inserted 186 rows for HDFCBANK.NS
2026-06-29 06:50:42,077 - INFO - [ICICIBANK_NS] Inserted 186 rows (duplicates ignored)
2026-06-29 06:50:42,077 - INFO - Inserted 186 rows for ICICIBANK.NS
2026-06-29 06:50:42,440 - INFO - [INFY_NS] Inserted 186 rows (duplicates ignored)
2026-06-29 06:50:42,441 - INFO - Inserted 186 rows for INFY.NS
2026-06-29 06:50:42,821 - INFO - [TCS_NS] Inserted 186 rows (duplicates ignored)
2026-06-29 06:50:42,821 - INFO - Inserted 186 rows for TCS.NS
2026-06-29 06:50:43,198 - INFO - [ITC_NS] Inserted 186 rows (duplicates ignored)
2026-06-29 06:50:43,198 - INFO - Inserted 186 rows for ITC.NS
2026-06-29 06:50:43,633 - INFO - [HINDUNILVR_NS] Inserted 186 rows (duplicates ignored)
2026-06-29 06:50:43,633 - INFO - Inserted 186 rows for HINDUNILVR.NS
2026-06-29 06:50:44,026 - INFO - [SBIN_NS] Inserted 186 rows (duplicates ignored)
2026-06-29 06:50:44,026 - INFO - Inserted 186 rows for SBIN.NS
2026-06-29 06:50:44,338 - INFO - [BHARTIARTL_NS] Inserted 186 rows (duplicates ignored)
2026-06-29 06:50:44,338 - INFO - Inserted 186 rows for BHARTIARTL.NS
2026-06-29 06:50:44,697 - INFO - [KOTAKBANK_NS] Inserted 186 rows (duplicates ignored)
2026-06-29 06:50:44,697 - INFO - Inserted 186 rows for KOTAKBANK.NS
2026-06-29 06:50:44,969 - INFO - [LT_NS] Inserted 186 rows (duplicates ignored)
2026-06-29 06:50:44,970 - INFO - Inserted 186 rows for LT.NS
2026-06-29 06:50:45,262 - INFO - [AXISBANK_NS] Inserted 186 rows (duplicates ignored)
2026-06-29 06:50:45,263 - INFO - Inserted 186 rows for AXISBANK.NS
2026-06-29 06:50:45,595 - INFO - [BAJFINANCE_NS] Inserted 186 rows (duplicates ignored)
2026-06-29 06:50:45,596 - INFO - Inserted 186 rows for BAJFINANCE.NS
2026-06-29 06:50:45,919 - INFO - [ASIANPAINT_NS] Inserted 186 rows (duplicates ignored)
2026-06-29 06:50:45,919 - INFO - Inserted 186 rows for ASIANPAINT.NS
2026-06-29 06:50:46,249 - INFO - [MARUTI_NS] Inserted 186 rows (duplicates ignored)
2026-06-29 06:50:46,249 - INFO - Inserted 186 rows for MARUTI.NS
2026-06-29 06:50:46,560 - INFO - [SUNPHARMA_NS] Inserted 186 rows (duplicates ignored)
2026-06-29 06:50:46,560 - INFO - Inserted 186 rows for SUNPHARMA.NS
2026-06-29 06:50:46,871 - INFO - [WIPRO_NS] Inserted 186 rows (duplicates ignored)
2026-06-29 06:50:46,871 - INFO - Inserted 186 rows for WIPRO.NS
2026-06-29 06:50:47,244 - INFO - [POWERGRID_NS] Inserted 186 rows (duplicates ignored)
2026-06-29 06:50:47,244 - INFO - Inserted 186 rows for POWERGRID.NS
2026-06-29 06:50:47,587 - INFO - [NTPC_NS] Inserted 186 rows (duplicates ignored)
2026-06-29 06:50:47,587 - INFO - Inserted 186 rows for NTPC.NS
2026-06-29 06:50:47,898 - INFO - [ONGC_NS] Inserted 186 rows (duplicates ignored)
2026-06-29 06:50:47,898 - INFO - Inserted 186 rows for ONGC.NS
2026-06-29 06:50:47,912 - INFO - Cycle complete. README updated.
2026-06-29 23:35:03,580 - INFO - Starting data fetch cycle...
2026-06-29 23:35:04,319 - INFO - [RELIANCE_NS] Inserted 375 rows (duplicates ignored)
2026-06-29 23:35:04,319 - INFO - Inserted 375 rows for RELIANCE.NS
2026-06-29 23:35:04,827 - INFO - [HDFCBANK_NS] Inserted 375 rows (duplicates ignored)
2026-06-29 23:35:04,827 - INFO - Inserted 375 rows for HDFCBANK.NS
2026-06-29 23:35:05,185 - INFO - [ICICIBANK_NS] Inserted 375 rows (duplicates ignored)
2026-06-29 23:35:05,185 - INFO - Inserted 375 rows for ICICIBANK.NS
2026-06-29 23:35:05,526 - INFO - [INFY_NS] Inserted 375 rows (duplicates ignored)
2026-06-29 23:35:05,526 - INFO - Inserted 375 rows for INFY.NS
2026-06-29 23:35:05,877 - INFO - [TCS_NS] Inserted 375 rows (duplicates ignored)
2026-06-29 23:35:05,877 - INFO - Inserted 375 rows for TCS.NS
2026-06-29 23:35:06,226 - INFO - [ITC_NS] Inserted 375 rows (duplicates ignored)
2026-06-29 23:35:06,226 - INFO - Inserted 375 rows for ITC.NS
2026-06-29 23:35:06,607 - INFO - [HINDUNILVR_NS] Inserted 375 rows (duplicates ignored)
2026-06-29 23:35:06,607 - INFO - Inserted 375 rows for HINDUNILVR.NS
2026-06-29 23:35:06,918 - INFO - [SBIN_NS] Inserted 375 rows (duplicates ignored)
2026-06-29 23:35:06,918 - INFO - Inserted 375 rows for SBIN.NS
2026-06-29 23:35:07,302 - INFO - [BHARTIARTL_NS] Inserted 375 rows (duplicates ignored)
2026-06-29 23:35:07,302 - INFO - Inserted 375 rows for BHARTIARTL.NS
2026-06-29 23:35:07,848 - INFO - [KOTAKBANK_NS] Inserted 375 rows (duplicates ignored)
2026-06-29 23:35:07,848 - INFO - Inserted 375 rows for KOTAKBANK.NS
2026-06-29 23:35:08,169 - INFO - [LT_NS] Inserted 375 rows (duplicates ignored)
2026-06-29 23:35:08,169 - INFO - Inserted 375 rows for LT.NS
2026-06-29 23:35:08,530 - INFO - [AXISBANK_NS] Inserted 375 rows (duplicates ignored)
2026-06-29 23:35:08,530 - INFO - Inserted 375 rows for AXISBANK.NS
2026-06-29 23:35:08,868 - INFO - [BAJFINANCE_NS] Inserted 375 rows (duplicates ignored)
2026-06-29 23:35:08,868 - INFO - Inserted 375 rows for BAJFINANCE.NS
2026-06-29 23:35:09,213 - INFO - [ASIANPAINT_NS] Inserted 375 rows (duplicates ignored)
2026-06-29 23:35:09,213 - INFO - Inserted 375 rows for ASIANPAINT.NS
2026-06-29 23:35:09,527 - INFO - [MARUTI_NS] Inserted 375 rows (duplicates ignored)
2026-06-29 23:35:09,527 - INFO - Inserted 375 rows for MARUTI.NS
2026-06-29 23:35:09,949 - INFO - [SUNPHARMA_NS] Inserted 375 rows (duplicates ignored)
2026-06-29 23:35:09,950 - INFO - Inserted 375 rows for SUNPHARMA.NS
2026-06-29 23:35:10,288 - INFO - [WIPRO_NS] Inserted 375 rows (duplicates ignored)
2026-06-29 23:35:10,289 - INFO - Inserted 375 rows for WIPRO.NS
2026-06-29 23:35:10,748 - INFO - [POWERGRID_NS] Inserted 375 rows (duplicates ignored)
2026-06-29 23:35:10,748 - INFO - Inserted 375 rows for POWERGRID.NS
2026-06-29 23:35:11,082 - INFO - [NTPC_NS] Inserted 375 rows (duplicates ignored)
2026-06-29 23:35:11,082 - INFO - Inserted 375 rows for NTPC.NS
2026-06-29 23:35:11,445 - INFO - [ONGC_NS] Inserted 375 rows (duplicates ignored)
2026-06-29 23:35:11,445 - INFO - Inserted 375 rows for ONGC.NS
2026-06-29 23:35:11,459 - INFO - Cycle complete. README updated.
2026-06-30 01:35:31,023 - INFO - Starting data fetch cycle...
2026-06-30 01:35:31,343 - INFO - [RELIANCE_NS] Inserted 375 rows (duplicates ignored)
2026-06-30 01:35:31,344 - INFO - Inserted 375 rows for RELIANCE.NS
2026-06-30 01:35:31,601 - INFO - [HDFCBANK_NS] Inserted 375 rows (duplicates ignored)
2026-06-30 01:35:31,601 - INFO - Inserted 375 rows for HDFCBANK.NS
2026-06-30 01:35:31,767 - INFO - [ICICIBANK_NS] Inserted 375 rows (duplicates ignored)
2026-06-30 01:35:31,768 - INFO - Inserted 375 rows for ICICIBANK.NS
2026-06-30 01:35:31,942 - INFO - [INFY_NS] Inserted 375 rows (duplicates ignored)
2026-06-30 01:35:31,942 - INFO - Inserted 375 rows for INFY.NS
2026-06-30 01:35:32,110 - INFO - [TCS_NS] Inserted 375 rows (duplicates ignored)
2026-06-30 01:35:32,110 - INFO - Inserted 375 rows for TCS.NS
2026-06-30 01:35:32,275 - INFO - [ITC_NS] Inserted 375 rows (duplicates ignored)
2026-06-30 01:35:32,275 - INFO - Inserted 375 rows for ITC.NS
2026-06-30 01:35:32,455 - INFO - [HINDUNILVR_NS] Inserted 375 rows (duplicates ignored)
2026-06-30 01:35:32,456 - INFO - Inserted 375 rows for HINDUNILVR.NS
2026-06-30 01:35:32,652 - INFO - [SBIN_NS] Inserted 375 rows (duplicates ignored)
2026-06-30 01:35:32,653 - INFO - Inserted 375 rows for SBIN.NS
2026-06-30 01:35:32,816 - INFO - [BHARTIARTL_NS] Inserted 375 rows (duplicates ignored)
2026-06-30 01:35:32,816 - INFO - Inserted 375 rows for BHARTIARTL.NS
2026-06-30 01:35:32,973 - INFO - [KOTAKBANK_NS] Inserted 375 rows (duplicates ignored)
2026-06-30 01:35:32,973 - INFO - Inserted 375 rows for KOTAKBANK.NS
2026-06-30 01:35:33,138 - INFO - [LT_NS] Inserted 375 rows (duplicates ignored)
2026-06-30 01:35:33,138 - INFO - Inserted 375 rows for LT.NS
2026-06-30 01:35:33,303 - INFO - [AXISBANK_NS] Inserted 375 rows (duplicates ignored)
2026-06-30 01:35:33,303 - INFO - Inserted 375 rows for AXISBANK.NS
2026-06-30 01:35:33,457 - INFO - [BAJFINANCE_NS] Inserted 375 rows (duplicates ignored)
2026-06-30 01:35:33,457 - INFO - Inserted 375 rows for BAJFINANCE.NS
2026-06-30 01:35:33,622 - INFO - [ASIANPAINT_NS] Inserted 375 rows (duplicates ignored)
2026-06-30 01:35:33,622 - INFO - Inserted 375 rows for ASIANPAINT.NS
2026-06-30 01:35:33,818 - INFO - [MARUTI_NS] Inserted 375 rows (duplicates ignored)
2026-06-30 01:35:33,818 - INFO - Inserted 375 rows for MARUTI.NS
2026-06-30 01:35:33,996 - INFO - [SUNPHARMA_NS] Inserted 375 rows (duplicates ignored)
2026-06-30 01:35:33,996 - INFO - Inserted 375 rows for SUNPHARMA.NS
2026-06-30 01:35:34,242 - INFO - [WIPRO_NS] Inserted 375 rows (duplicates ignored)
2026-06-30 01:35:34,242 - INFO - Inserted 375 rows for WIPRO.NS
2026-06-30 01:35:34,390 - INFO - [POWERGRID_NS] Inserted 375 rows (duplicates ignored)
2026-06-30 01:35:34,390 - INFO - Inserted 375 rows for POWERGRID.NS
2026-06-30 01:35:34,564 - INFO - [NTPC_NS] Inserted 375 rows (duplicates ignored)
2026-06-30 01:35:34,564 - INFO - Inserted 375 rows for NTPC.NS
2026-06-30 01:35:34,730 - INFO - [ONGC_NS] Inserted 375 rows (duplicates ignored)
2026-06-30 01:35:34,730 - INFO - Inserted 375 rows for ONGC.NS
2026-06-30 01:35:34,741 - INFO - Cycle complete. README updated.
2026-06-30 05:54:28,141 - INFO - Starting data fetch cycle...
2026-06-30 05:54:29,013 - INFO - [RELIANCE_NS] Inserted 130 rows (duplicates ignored)
2026-06-30 05:54:29,013 - INFO - Inserted 130 rows for RELIANCE.NS
2026-06-30 05:54:29,342 - INFO - [HDFCBANK_NS] Inserted 130 rows (duplicates ignored)
2026-06-30 05:54:29,343 - INFO - Inserted 130 rows for HDFCBANK.NS
2026-06-30 05:54:29,665 - INFO - [ICICIBANK_NS] Inserted 130 rows (duplicates ignored)
2026-06-30 05:54:29,665 - INFO - Inserted 130 rows for ICICIBANK.NS
2026-06-30 05:54:30,006 - INFO - [INFY_NS] Inserted 130 rows (duplicates ignored)
2026-06-30 05:54:30,006 - INFO - Inserted 130 rows for INFY.NS
2026-06-30 05:54:30,376 - INFO - [TCS_NS] Inserted 130 rows (duplicates ignored)
2026-06-30 05:54:30,376 - INFO - Inserted 130 rows for TCS.NS
2026-06-30 05:54:30,729 - INFO - [ITC_NS] Inserted 130 rows (duplicates ignored)
2026-06-30 05:54:30,729 - INFO - Inserted 130 rows for ITC.NS
2026-06-30 05:54:31,032 - INFO - [HINDUNILVR_NS] Inserted 130 rows (duplicates ignored)
2026-06-30 05:54:31,032 - INFO - Inserted 130 rows for HINDUNILVR.NS
2026-06-30 05:54:31,345 - INFO - [SBIN_NS] Inserted 130 rows (duplicates ignored)
2026-06-30 05:54:31,345 - INFO - Inserted 130 rows for SBIN.NS
2026-06-30 05:54:31,668 - INFO - [BHARTIARTL_NS] Inserted 130 rows (duplicates ignored)
2026-06-30 05:54:31,668 - INFO - Inserted 130 rows for BHARTIARTL.NS
2026-06-30 05:54:31,970 - INFO - [KOTAKBANK_NS] Inserted 130 rows (duplicates ignored)
2026-06-30 05:54:31,971 - INFO - Inserted 130 rows for KOTAKBANK.NS
2026-06-30 05:54:32,263 - INFO - [LT_NS] Inserted 130 rows (duplicates ignored)
2026-06-30 05:54:32,264 - INFO - Inserted 130 rows for LT.NS
2026-06-30 05:54:32,654 - INFO - [AXISBANK_NS] Inserted 130 rows (duplicates ignored)
2026-06-30 05:54:32,654 - INFO - Inserted 130 rows for AXISBANK.NS
2026-06-30 05:54:33,022 - INFO - [BAJFINANCE_NS] Inserted 130 rows (duplicates ignored)
2026-06-30 05:54:33,022 - INFO - Inserted 130 rows for BAJFINANCE.NS
2026-06-30 05:54:33,356 - INFO - [ASIANPAINT_NS] Inserted 130 rows (duplicates ignored)
2026-06-30 05:54:33,356 - INFO - Inserted 130 rows for ASIANPAINT.NS
2026-06-30 05:54:33,717 - INFO - [MARUTI_NS] Inserted 130 rows (duplicates ignored)
2026-06-30 05:54:33,717 - INFO - Inserted 130 rows for MARUTI.NS
2026-06-30 05:54:34,123 - INFO - [SUNPHARMA_NS] Inserted 130 rows (duplicates ignored)
2026-06-30 05:54:34,123 - INFO - Inserted 130 rows for SUNPHARMA.NS
2026-06-30 05:54:34,456 - INFO - [WIPRO_NS] Inserted 130 rows (duplicates ignored)
2026-06-30 05:54:34,456 - INFO - Inserted 130 rows for WIPRO.NS
2026-06-30 05:54:34,724 - INFO - [POWERGRID_NS] Inserted 130 rows (duplicates ignored)
2026-06-30 05:54:34,724 - INFO - Inserted 130 rows for POWERGRID.NS
2026-06-30 05:54:35,117 - INFO - [NTPC_NS] Inserted 130 rows (duplicates ignored)
2026-06-30 05:54:35,118 - INFO - Inserted 130 rows for NTPC.NS
2026-06-30 05:54:35,414 - INFO - [ONGC_NS] Inserted 130 rows (duplicates ignored)
2026-06-30 05:54:35,414 - INFO - Inserted 130 rows for ONGC.NS
2026-06-30 05:54:35,428 - INFO - Cycle complete. README updated.
2026-06-30 23:45:41,825 - INFO - Starting data fetch cycle...
2026-06-30 23:45:42,090 - INFO - [RELIANCE_NS] Inserted 375 rows (duplicates ignored)
2026-06-30 23:45:42,090 - INFO - Inserted 375 rows for RELIANCE.NS
2026-06-30 23:45:42,297 - INFO - [HDFCBANK_NS] Inserted 375 rows (duplicates ignored)
2026-06-30 23:45:42,297 - INFO - Inserted 375 rows for HDFCBANK.NS
2026-06-30 23:45:42,476 - INFO - [ICICIBANK_NS] Inserted 375 rows (duplicates ignored)
2026-06-30 23:45:42,476 - INFO - Inserted 375 rows for ICICIBANK.NS
2026-06-30 23:45:42,634 - INFO - [INFY_NS] Inserted 375 rows (duplicates ignored)
2026-06-30 23:45:42,634 - INFO - Inserted 375 rows for INFY.NS
2026-06-30 23:45:42,793 - INFO - [TCS_NS] Inserted 375 rows (duplicates ignored)
2026-06-30 23:45:42,793 - INFO - Inserted 375 rows for TCS.NS
2026-06-30 23:45:42,993 - INFO - [ITC_NS] Inserted 375 rows (duplicates ignored)
2026-06-30 23:45:42,993 - INFO - Inserted 375 rows for ITC.NS
2026-06-30 23:45:43,143 - INFO - [HINDUNILVR_NS] Inserted 375 rows (duplicates ignored)
2026-06-30 23:45:43,144 - INFO - Inserted 375 rows for HINDUNILVR.NS
2026-06-30 23:45:43,295 - INFO - [SBIN_NS] Inserted 375 rows (duplicates ignored)
2026-06-30 23:45:43,295 - INFO - Inserted 375 rows for SBIN.NS
2026-06-30 23:45:43,439 - INFO - [BHARTIARTL_NS] Inserted 375 rows (duplicates ignored)
2026-06-30 23:45:43,439 - INFO - Inserted 375 rows for BHARTIARTL.NS
2026-06-30 23:45:43,596 - INFO - [KOTAKBANK_NS] Inserted 375 rows (duplicates ignored)
2026-06-30 23:45:43,596 - INFO - Inserted 375 rows for KOTAKBANK.NS
2026-06-30 23:45:43,734 - INFO - [LT_NS] Inserted 375 rows (duplicates ignored)
2026-06-30 23:45:43,734 - INFO - Inserted 375 rows for LT.NS
2026-06-30 23:45:43,904 - INFO - [AXISBANK_NS] Inserted 375 rows (duplicates ignored)
2026-06-30 23:45:43,904 - INFO - Inserted 375 rows for AXISBANK.NS
2026-06-30 23:45:44,103 - INFO - [BAJFINANCE_NS] Inserted 375 rows (duplicates ignored)
2026-06-30 23:45:44,103 - INFO - Inserted 375 rows for BAJFINANCE.NS
2026-06-30 23:45:44,334 - INFO - [ASIANPAINT_NS] Inserted 375 rows (duplicates ignored)
2026-06-30 23:45:44,334 - INFO - Inserted 375 rows for ASIANPAINT.NS
2026-06-30 23:45:44,490 - INFO - [MARUTI_NS] Inserted 375 rows (duplicates ignored)
2026-06-30 23:45:44,490 - INFO - Inserted 375 rows for MARUTI.NS
2026-06-30 23:45:44,640 - INFO - [SUNPHARMA_NS] Inserted 375 rows (duplicates ignored)
2026-06-30 23:45:44,640 - INFO - Inserted 375 rows for SUNPHARMA.NS
2026-06-30 23:45:44,781 - INFO - [WIPRO_NS] Inserted 375 rows (duplicates ignored)
2026-06-30 23:45:44,781 - INFO - Inserted 375 rows for WIPRO.NS
2026-06-30 23:45:44,916 - INFO - [POWERGRID_NS] Inserted 375 rows (duplicates ignored)
2026-06-30 23:45:44,917 - INFO - Inserted 375 rows for POWERGRID.NS
2026-06-30 23:45:45,082 - INFO - [NTPC_NS] Inserted 375 rows (duplicates ignored)
2026-06-30 23:45:45,082 - INFO - Inserted 375 rows for NTPC.NS
2026-06-30 23:45:45,303 - INFO - [ONGC_NS] Inserted 375 rows (duplicates ignored)
2026-06-30 23:45:45,303 - INFO - Inserted 375 rows for ONGC.NS
2026-06-30 23:45:45,316 - INFO - Cycle complete. README updated.
2026-07-01 01:58:25,451 - INFO - Starting data fetch cycle...
2026-07-01 01:58:25,731 - INFO - [RELIANCE_NS] Inserted 375 rows (duplicates ignored)
2026-07-01 01:58:25,731 - INFO - Inserted 375 rows for RELIANCE.NS
2026-07-01 01:58:25,891 - INFO - [HDFCBANK_NS] Inserted 375 rows (duplicates ignored)
2026-07-01 01:58:25,892 - INFO - Inserted 375 rows for HDFCBANK.NS
2026-07-01 01:58:26,032 - INFO - [ICICIBANK_NS] Inserted 375 rows (duplicates ignored)
2026-07-01 01:58:26,032 - INFO - Inserted 375 rows for ICICIBANK.NS
2026-07-01 01:58:26,186 - INFO - [INFY_NS] Inserted 375 rows (duplicates ignored)
2026-07-01 01:58:26,186 - INFO - Inserted 375 rows for INFY.NS
2026-07-01 01:58:26,350 - INFO - [TCS_NS] Inserted 375 rows (duplicates ignored)
2026-07-01 01:58:26,350 - INFO - Inserted 375 rows for TCS.NS
2026-07-01 01:58:26,497 - INFO - [ITC_NS] Inserted 375 rows (duplicates ignored)
2026-07-01 01:58:26,498 - INFO - Inserted 375 rows for ITC.NS
2026-07-01 01:58:26,652 - INFO - [HINDUNILVR_NS] Inserted 375 rows (duplicates ignored)
2026-07-01 01:58:26,653 - INFO - Inserted 375 rows for HINDUNILVR.NS
2026-07-01 01:58:26,807 - INFO - [SBIN_NS] Inserted 375 rows (duplicates ignored)
2026-07-01 01:58:26,808 - INFO - Inserted 375 rows for SBIN.NS
2026-07-01 01:58:26,955 - INFO - [BHARTIARTL_NS] Inserted 375 rows (duplicates ignored)
2026-07-01 01:58:26,956 - INFO - Inserted 375 rows for BHARTIARTL.NS
2026-07-01 01:58:27,135 - INFO - [KOTAKBANK_NS] Inserted 375 rows (duplicates ignored)
2026-07-01 01:58:27,135 - INFO - Inserted 375 rows for KOTAKBANK.NS
2026-07-01 01:58:27,273 - INFO - [LT_NS] Inserted 375 rows (duplicates ignored)
2026-07-01 01:58:27,273 - INFO - Inserted 375 rows for LT.NS
2026-07-01 01:58:27,433 - INFO - [AXISBANK_NS] Inserted 375 rows (duplicates ignored)
2026-07-01 01:58:27,433 - INFO - Inserted 375 rows for AXISBANK.NS
2026-07-01 01:58:27,574 - INFO - [BAJFINANCE_NS] Inserted 375 rows (duplicates ignored)
2026-07-01 01:58:27,574 - INFO - Inserted 375 rows for BAJFINANCE.NS
2026-07-01 01:58:27,718 - INFO - [ASIANPAINT_NS] Inserted 375 rows (duplicates ignored)
2026-07-01 01:58:27,718 - INFO - Inserted 375 rows for ASIANPAINT.NS
2026-07-01 01:58:27,877 - INFO - [MARUTI_NS] Inserted 375 rows (duplicates ignored)
2026-07-01 01:58:27,878 - INFO - Inserted 375 rows for MARUTI.NS
2026-07-01 01:58:28,033 - INFO - [SUNPHARMA_NS] Inserted 375 rows (duplicates ignored)
2026-07-01 01:58:28,033 - INFO - Inserted 375 rows for SUNPHARMA.NS
2026-07-01 01:58:28,189 - INFO - [WIPRO_NS] Inserted 375 rows (duplicates ignored)
2026-07-01 01:58:28,189 - INFO - Inserted 375 rows for WIPRO.NS
2026-07-01 01:58:28,332 - INFO - [POWERGRID_NS] Inserted 375 rows (duplicates ignored)
2026-07-01 01:58:28,332 - INFO - Inserted 375 rows for POWERGRID.NS
2026-07-01 01:58:28,487 - INFO - [NTPC_NS] Inserted 375 rows (duplicates ignored)
2026-07-01 01:58:28,488 - INFO - Inserted 375 rows for NTPC.NS
2026-07-01 01:58:28,662 - INFO - [ONGC_NS] Inserted 375 rows (duplicates ignored)
2026-07-01 01:58:28,662 - INFO - Inserted 375 rows for ONGC.NS
2026-07-01 01:58:28,676 - INFO - Cycle complete. README updated.
2026-07-01 06:42:07,947 - INFO - Starting data fetch cycle...
2026-07-01 06:42:08,279 - INFO - [RELIANCE_NS] Inserted 178 rows (duplicates ignored)
2026-07-01 06:42:08,279 - INFO - Inserted 178 rows for RELIANCE.NS
2026-07-01 06:42:08,445 - INFO - [HDFCBANK_NS] Inserted 178 rows (duplicates ignored)
2026-07-01 06:42:08,445 - INFO - Inserted 178 rows for HDFCBANK.NS
2026-07-01 06:42:08,602 - INFO - [ICICIBANK_NS] Inserted 178 rows (duplicates ignored)
2026-07-01 06:42:08,603 - INFO - Inserted 178 rows for ICICIBANK.NS
2026-07-01 06:42:08,772 - INFO - [INFY_NS] Inserted 178 rows (duplicates ignored)
2026-07-01 06:42:08,773 - INFO - Inserted 178 rows for INFY.NS
2026-07-01 06:42:08,923 - INFO - [TCS_NS] Inserted 178 rows (duplicates ignored)
2026-07-01 06:42:08,923 - INFO - Inserted 178 rows for TCS.NS
2026-07-01 06:42:09,081 - INFO - [ITC_NS] Inserted 178 rows (duplicates ignored)
2026-07-01 06:42:09,082 - INFO - Inserted 178 rows for ITC.NS
2026-07-01 06:42:09,234 - INFO - [HINDUNILVR_NS] Inserted 178 rows (duplicates ignored)
2026-07-01 06:42:09,235 - INFO - Inserted 178 rows for HINDUNILVR.NS
2026-07-01 06:42:09,391 - INFO - [SBIN_NS] Inserted 178 rows (duplicates ignored)
2026-07-01 06:42:09,391 - INFO - Inserted 178 rows for SBIN.NS
2026-07-01 06:42:09,540 - INFO - [BHARTIARTL_NS] Inserted 178 rows (duplicates ignored)
2026-07-01 06:42:09,540 - INFO - Inserted 178 rows for BHARTIARTL.NS
2026-07-01 06:42:09,721 - INFO - [KOTAKBANK_NS] Inserted 178 rows (duplicates ignored)
2026-07-01 06:42:09,721 - INFO - Inserted 178 rows for KOTAKBANK.NS
2026-07-01 06:42:09,868 - INFO - [LT_NS] Inserted 178 rows (duplicates ignored)
2026-07-01 06:42:09,868 - INFO - Inserted 178 rows for LT.NS
2026-07-01 06:42:10,003 - INFO - [AXISBANK_NS] Inserted 178 rows (duplicates ignored)
2026-07-01 06:42:10,003 - INFO - Inserted 178 rows for AXISBANK.NS
2026-07-01 06:42:10,172 - INFO - [BAJFINANCE_NS] Inserted 178 rows (duplicates ignored)
2026-07-01 06:42:10,172 - INFO - Inserted 178 rows for BAJFINANCE.NS
2026-07-01 06:42:10,328 - INFO - [ASIANPAINT_NS] Inserted 178 rows (duplicates ignored)
2026-07-01 06:42:10,328 - INFO - Inserted 178 rows for ASIANPAINT.NS
2026-07-01 06:42:10,474 - INFO - [MARUTI_NS] Inserted 178 rows (duplicates ignored)
2026-07-01 06:42:10,475 - INFO - Inserted 178 rows for MARUTI.NS
2026-07-01 06:42:10,634 - INFO - [SUNPHARMA_NS] Inserted 178 rows (duplicates ignored)
2026-07-01 06:42:10,634 - INFO - Inserted 178 rows for SUNPHARMA.NS
2026-07-01 06:42:10,864 - INFO - [WIPRO_NS] Inserted 178 rows (duplicates ignored)
2026-07-01 06:42:10,864 - INFO - Inserted 178 rows for WIPRO.NS
2026-07-01 06:42:11,010 - INFO - [POWERGRID_NS] Inserted 178 rows (duplicates ignored)
2026-07-01 06:42:11,010 - INFO - Inserted 178 rows for POWERGRID.NS
2026-07-01 06:42:11,177 - INFO - [NTPC_NS] Inserted 178 rows (duplicates ignored)
2026-07-01 06:42:11,177 - INFO - Inserted 178 rows for NTPC.NS
2026-07-01 06:42:11,354 - INFO - [ONGC_NS] Inserted 178 rows (duplicates ignored)
2026-07-01 06:42:11,354 - INFO - Inserted 178 rows for ONGC.NS
2026-07-01 06:42:11,367 - INFO - Cycle complete. README updated.
2026-07-01 23:52:05,436 - INFO - Starting data fetch cycle...
2026-07-01 23:52:05,875 - INFO - [RELIANCE_NS] Inserted 375 rows (duplicates ignored)
2026-07-01 23:52:05,875 - INFO - Inserted 375 rows for RELIANCE.NS
2026-07-01 23:52:06,021 - INFO - [HDFCBANK_NS] Inserted 375 rows (duplicates ignored)
2026-07-01 23:52:06,021 - INFO - Inserted 375 rows for HDFCBANK.NS
2026-07-01 23:52:06,404 - INFO - [ICICIBANK_NS] Inserted 375 rows (duplicates ignored)
2026-07-01 23:52:06,404 - INFO - Inserted 375 rows for ICICIBANK.NS
2026-07-01 23:52:06,561 - INFO - [INFY_NS] Inserted 375 rows (duplicates ignored)
2026-07-01 23:52:06,561 - INFO - Inserted 375 rows for INFY.NS
2026-07-01 23:52:06,828 - INFO - [TCS_NS] Inserted 375 rows (duplicates ignored)
2026-07-01 23:52:06,828 - INFO - Inserted 375 rows for TCS.NS
2026-07-01 23:52:07,135 - INFO - [ITC_NS] Inserted 375 rows (duplicates ignored)
2026-07-01 23:52:07,135 - INFO - Inserted 375 rows for ITC.NS
2026-07-01 23:52:07,371 - INFO - [HINDUNILVR_NS] Inserted 375 rows (duplicates ignored)
2026-07-01 23:52:07,371 - INFO - Inserted 375 rows for HINDUNILVR.NS
2026-07-01 23:52:07,650 - INFO - [SBIN_NS] Inserted 375 rows (duplicates ignored)
2026-07-01 23:52:07,650 - INFO - Inserted 375 rows for SBIN.NS
2026-07-01 23:52:07,826 - INFO - [BHARTIARTL_NS] Inserted 375 rows (duplicates ignored)
2026-07-01 23:52:07,826 - INFO - Inserted 375 rows for BHARTIARTL.NS
2026-07-01 23:52:07,988 - INFO - [KOTAKBANK_NS] Inserted 375 rows (duplicates ignored)
2026-07-01 23:52:07,988 - INFO - Inserted 375 rows for KOTAKBANK.NS
2026-07-01 23:52:08,391 - INFO - [LT_NS] Inserted 375 rows (duplicates ignored)
2026-07-01 23:52:08,391 - INFO - Inserted 375 rows for LT.NS
2026-07-01 23:52:08,526 - INFO - [AXISBANK_NS] Inserted 375 rows (duplicates ignored)
2026-07-01 23:52:08,526 - INFO - Inserted 375 rows for AXISBANK.NS
2026-07-01 23:52:08,665 - INFO - [BAJFINANCE_NS] Inserted 375 rows (duplicates ignored)
2026-07-01 23:52:08,665 - INFO - Inserted 375 rows for BAJFINANCE.NS
2026-07-01 23:52:08,973 - INFO - [ASIANPAINT_NS] Inserted 375 rows (duplicates ignored)
2026-07-01 23:52:08,973 - INFO - Inserted 375 rows for ASIANPAINT.NS
2026-07-01 23:52:09,773 - INFO - [MARUTI_NS] Inserted 375 rows (duplicates ignored)
2026-07-01 23:52:09,773 - INFO - Inserted 375 rows for MARUTI.NS
2026-07-01 23:52:09,992 - INFO - [SUNPHARMA_NS] Inserted 375 rows (duplicates ignored)
2026-07-01 23:52:09,992 - INFO - Inserted 375 rows for SUNPHARMA.NS
2026-07-01 23:52:10,223 - INFO - [WIPRO_NS] Inserted 375 rows (duplicates ignored)
2026-07-01 23:52:10,223 - INFO - Inserted 375 rows for WIPRO.NS
2026-07-01 23:52:10,555 - INFO - [POWERGRID_NS] Inserted 375 rows (duplicates ignored)
2026-07-01 23:52:10,555 - INFO - Inserted 375 rows for POWERGRID.NS
2026-07-01 23:52:10,725 - INFO - [NTPC_NS] Inserted 375 rows (duplicates ignored)
2026-07-01 23:52:10,725 - INFO - Inserted 375 rows for NTPC.NS
2026-07-01 23:52:10,938 - INFO - [ONGC_NS] Inserted 375 rows (duplicates ignored)
2026-07-01 23:52:10,938 - INFO - Inserted 375 rows for ONGC.NS
2026-07-01 23:52:10,947 - INFO - Cycle complete. README updated.
2026-07-02 02:46:22,513 - INFO - Starting data fetch cycle...
2026-07-02 02:46:22,808 - INFO - [RELIANCE_NS] Inserted 375 rows (duplicates ignored)
2026-07-02 02:46:22,808 - INFO - Inserted 375 rows for RELIANCE.NS
2026-07-02 02:46:22,945 - INFO - [HDFCBANK_NS] Inserted 375 rows (duplicates ignored)
2026-07-02 02:46:22,945 - INFO - Inserted 375 rows for HDFCBANK.NS
2026-07-02 02:46:23,118 - INFO - [ICICIBANK_NS] Inserted 375 rows (duplicates ignored)
2026-07-02 02:46:23,118 - INFO - Inserted 375 rows for ICICIBANK.NS
2026-07-02 02:46:23,315 - INFO - [INFY_NS] Inserted 375 rows (duplicates ignored)
2026-07-02 02:46:23,315 - INFO - Inserted 375 rows for INFY.NS
2026-07-02 02:46:23,471 - INFO - [TCS_NS] Inserted 375 rows (duplicates ignored)
2026-07-02 02:46:23,471 - INFO - Inserted 375 rows for TCS.NS
2026-07-02 02:46:23,624 - INFO - [ITC_NS] Inserted 375 rows (duplicates ignored)
2026-07-02 02:46:23,625 - INFO - Inserted 375 rows for ITC.NS
2026-07-02 02:46:23,790 - INFO - [HINDUNILVR_NS] Inserted 375 rows (duplicates ignored)
2026-07-02 02:46:23,790 - INFO - Inserted 375 rows for HINDUNILVR.NS
2026-07-02 02:46:23,951 - INFO - [SBIN_NS] Inserted 375 rows (duplicates ignored)
2026-07-02 02:46:23,951 - INFO - Inserted 375 rows for SBIN.NS
2026-07-02 02:46:24,121 - INFO - [BHARTIARTL_NS] Inserted 375 rows (duplicates ignored)
2026-07-02 02:46:24,121 - INFO - Inserted 375 rows for BHARTIARTL.NS
2026-07-02 02:46:24,280 - INFO - [KOTAKBANK_NS] Inserted 375 rows (duplicates ignored)
2026-07-02 02:46:24,281 - INFO - Inserted 375 rows for KOTAKBANK.NS
2026-07-02 02:46:24,421 - INFO - [LT_NS] Inserted 375 rows (duplicates ignored)
2026-07-02 02:46:24,421 - INFO - Inserted 375 rows for LT.NS
2026-07-02 02:46:24,581 - INFO - [AXISBANK_NS] Inserted 375 rows (duplicates ignored)
2026-07-02 02:46:24,581 - INFO - Inserted 375 rows for AXISBANK.NS
2026-07-02 02:46:24,753 - INFO - [BAJFINANCE_NS] Inserted 375 rows (duplicates ignored)
2026-07-02 02:46:24,753 - INFO - Inserted 375 rows for BAJFINANCE.NS
2026-07-02 02:46:24,893 - INFO - [ASIANPAINT_NS] Inserted 375 rows (duplicates ignored)
2026-07-02 02:46:24,893 - INFO - Inserted 375 rows for ASIANPAINT.NS
2026-07-02 02:46:25,064 - INFO - [MARUTI_NS] Inserted 375 rows (duplicates ignored)
2026-07-02 02:46:25,064 - INFO - Inserted 375 rows for MARUTI.NS
2026-07-02 02:46:25,245 - INFO - [SUNPHARMA_NS] Inserted 375 rows (duplicates ignored)
2026-07-02 02:46:25,245 - INFO - Inserted 375 rows for SUNPHARMA.NS
2026-07-02 02:46:25,429 - INFO - [WIPRO_NS] Inserted 375 rows (duplicates ignored)
2026-07-02 02:46:25,429 - INFO - Inserted 375 rows for WIPRO.NS
2026-07-02 02:46:25,561 - INFO - [POWERGRID_NS] Inserted 375 rows (duplicates ignored)
2026-07-02 02:46:25,561 - INFO - Inserted 375 rows for POWERGRID.NS
2026-07-02 02:46:25,717 - INFO - [NTPC_NS] Inserted 375 rows (duplicates ignored)
2026-07-02 02:46:25,717 - INFO - Inserted 375 rows for NTPC.NS
2026-07-02 02:46:25,866 - INFO - [ONGC_NS] Inserted 375 rows (duplicates ignored)
2026-07-02 02:46:25,866 - INFO - Inserted 375 rows for ONGC.NS
2026-07-02 02:46:25,880 - INFO - Cycle complete. README updated.
2026-07-02 06:26:34,689 - INFO - Starting data fetch cycle...
2026-07-02 06:26:35,369 - INFO - [RELIANCE_NS] Inserted 162 rows (duplicates ignored)
2026-07-02 06:26:35,369 - INFO - Inserted 162 rows for RELIANCE.NS
2026-07-02 06:26:35,645 - INFO - [HDFCBANK_NS] Inserted 162 rows (duplicates ignored)
2026-07-02 06:26:35,646 - INFO - Inserted 162 rows for HDFCBANK.NS
2026-07-02 06:26:36,021 - INFO - [ICICIBANK_NS] Inserted 162 rows (duplicates ignored)
2026-07-02 06:26:36,021 - INFO - Inserted 162 rows for ICICIBANK.NS
2026-07-02 06:26:36,400 - INFO - [INFY_NS] Inserted 162 rows (duplicates ignored)
2026-07-02 06:26:36,400 - INFO - Inserted 162 rows for INFY.NS
2026-07-02 06:26:36,728 - INFO - [TCS_NS] Inserted 162 rows (duplicates ignored)
2026-07-02 06:26:36,729 - INFO - Inserted 162 rows for TCS.NS
2026-07-02 06:26:37,017 - INFO - [ITC_NS] Inserted 162 rows (duplicates ignored)
2026-07-02 06:26:37,017 - INFO - Inserted 162 rows for ITC.NS
2026-07-02 06:26:37,321 - INFO - [HINDUNILVR_NS] Inserted 162 rows (duplicates ignored)
2026-07-02 06:26:37,321 - INFO - Inserted 162 rows for HINDUNILVR.NS
2026-07-02 06:26:37,820 - INFO - [SBIN_NS] Inserted 162 rows (duplicates ignored)
2026-07-02 06:26:37,821 - INFO - Inserted 162 rows for SBIN.NS
2026-07-02 06:26:38,129 - INFO - [BHARTIARTL_NS] Inserted 162 rows (duplicates ignored)
2026-07-02 06:26:38,130 - INFO - Inserted 162 rows for BHARTIARTL.NS
2026-07-02 06:26:38,387 - INFO - [KOTAKBANK_NS] Inserted 162 rows (duplicates ignored)
2026-07-02 06:26:38,387 - INFO - Inserted 162 rows for KOTAKBANK.NS
2026-07-02 06:26:38,678 - INFO - [LT_NS] Inserted 162 rows (duplicates ignored)
2026-07-02 06:26:38,678 - INFO - Inserted 162 rows for LT.NS
2026-07-02 06:26:38,946 - INFO - [AXISBANK_NS] Inserted 162 rows (duplicates ignored)
2026-07-02 06:26:38,946 - INFO - Inserted 162 rows for AXISBANK.NS
2026-07-02 06:26:39,289 - INFO - [BAJFINANCE_NS] Inserted 162 rows (duplicates ignored)
2026-07-02 06:26:39,289 - INFO - Inserted 162 rows for BAJFINANCE.NS
2026-07-02 06:26:39,568 - INFO - [ASIANPAINT_NS] Inserted 162 rows (duplicates ignored)
2026-07-02 06:26:39,568 - INFO - Inserted 162 rows for ASIANPAINT.NS
2026-07-02 06:26:39,997 - INFO - [MARUTI_NS] Inserted 162 rows (duplicates ignored)
2026-07-02 06:26:39,997 - INFO - Inserted 162 rows for MARUTI.NS
2026-07-02 06:26:40,307 - INFO - [SUNPHARMA_NS] Inserted 162 rows (duplicates ignored)
2026-07-02 06:26:40,307 - INFO - Inserted 162 rows for SUNPHARMA.NS
2026-07-02 06:26:40,669 - INFO - [WIPRO_NS] Inserted 162 rows (duplicates ignored)
2026-07-02 06:26:40,670 - INFO - Inserted 162 rows for WIPRO.NS
2026-07-02 06:26:40,958 - INFO - [POWERGRID_NS] Inserted 162 rows (duplicates ignored)
2026-07-02 06:26:40,958 - INFO - Inserted 162 rows for POWERGRID.NS
2026-07-02 06:26:41,216 - INFO - [NTPC_NS] Inserted 162 rows (duplicates ignored)
2026-07-02 06:26:41,216 - INFO - Inserted 162 rows for NTPC.NS
2026-07-02 06:26:41,534 - INFO - [ONGC_NS] Inserted 162 rows (duplicates ignored)
2026-07-02 06:26:41,534 - INFO - Inserted 162 rows for ONGC.NS
2026-07-02 06:26:41,546 - INFO - Cycle complete. README updated.
2026-07-02 23:39:21,408 - INFO - Starting data fetch cycle...
2026-07-02 23:39:21,671 - INFO - [RELIANCE_NS] Inserted 375 rows (duplicates ignored)
2026-07-02 23:39:21,671 - INFO - Inserted 375 rows for RELIANCE.NS
2026-07-02 23:39:21,839 - INFO - [HDFCBANK_NS] Inserted 375 rows (duplicates ignored)
2026-07-02 23:39:21,839 - INFO - Inserted 375 rows for HDFCBANK.NS
2026-07-02 23:39:22,022 - INFO - [ICICIBANK_NS] Inserted 375 rows (duplicates ignored)
2026-07-02 23:39:22,022 - INFO - Inserted 375 rows for ICICIBANK.NS
2026-07-02 23:39:22,213 - INFO - [INFY_NS] Inserted 375 rows (duplicates ignored)
2026-07-02 23:39:22,213 - INFO - Inserted 375 rows for INFY.NS
2026-07-02 23:39:22,344 - INFO - [TCS_NS] Inserted 375 rows (duplicates ignored)
2026-07-02 23:39:22,344 - INFO - Inserted 375 rows for TCS.NS
2026-07-02 23:39:22,511 - INFO - [ITC_NS] Inserted 375 rows (duplicates ignored)
2026-07-02 23:39:22,511 - INFO - Inserted 375 rows for ITC.NS
2026-07-02 23:39:22,677 - INFO - [HINDUNILVR_NS] Inserted 375 rows (duplicates ignored)
2026-07-02 23:39:22,677 - INFO - Inserted 375 rows for HINDUNILVR.NS
2026-07-02 23:39:22,847 - INFO - [SBIN_NS] Inserted 375 rows (duplicates ignored)
2026-07-02 23:39:22,847 - INFO - Inserted 375 rows for SBIN.NS
2026-07-02 23:39:23,003 - INFO - [BHARTIARTL_NS] Inserted 375 rows (duplicates ignored)
2026-07-02 23:39:23,003 - INFO - Inserted 375 rows for BHARTIARTL.NS
2026-07-02 23:39:23,164 - INFO - [KOTAKBANK_NS] Inserted 375 rows (duplicates ignored)
2026-07-02 23:39:23,164 - INFO - Inserted 375 rows for KOTAKBANK.NS
2026-07-02 23:39:23,313 - INFO - [LT_NS] Inserted 375 rows (duplicates ignored)
2026-07-02 23:39:23,313 - INFO - Inserted 375 rows for LT.NS
2026-07-02 23:39:23,461 - INFO - [AXISBANK_NS] Inserted 375 rows (duplicates ignored)
2026-07-02 23:39:23,461 - INFO - Inserted 375 rows for AXISBANK.NS
2026-07-02 23:39:23,609 - INFO - [BAJFINANCE_NS] Inserted 375 rows (duplicates ignored)
2026-07-02 23:39:23,610 - INFO - Inserted 375 rows for BAJFINANCE.NS
2026-07-02 23:39:23,759 - INFO - [ASIANPAINT_NS] Inserted 375 rows (duplicates ignored)
2026-07-02 23:39:23,759 - INFO - Inserted 375 rows for ASIANPAINT.NS
2026-07-02 23:39:23,938 - INFO - [MARUTI_NS] Inserted 375 rows (duplicates ignored)
2026-07-02 23:39:23,939 - INFO - Inserted 375 rows for MARUTI.NS
2026-07-02 23:39:24,092 - INFO - [SUNPHARMA_NS] Inserted 375 rows (duplicates ignored)
2026-07-02 23:39:24,093 - INFO - Inserted 375 rows for SUNPHARMA.NS
2026-07-02 23:39:24,256 - INFO - [WIPRO_NS] Inserted 375 rows (duplicates ignored)
2026-07-02 23:39:24,256 - INFO - Inserted 375 rows for WIPRO.NS
2026-07-02 23:39:24,403 - INFO - [POWERGRID_NS] Inserted 375 rows (duplicates ignored)
2026-07-02 23:39:24,404 - INFO - Inserted 375 rows for POWERGRID.NS
2026-07-02 23:39:24,593 - INFO - [NTPC_NS] Inserted 375 rows (duplicates ignored)
2026-07-02 23:39:24,593 - INFO - Inserted 375 rows for NTPC.NS
2026-07-02 23:39:24,759 - INFO - [ONGC_NS] Inserted 375 rows (duplicates ignored)
2026-07-02 23:39:24,759 - INFO - Inserted 375 rows for ONGC.NS
2026-07-02 23:39:24,772 - INFO - Cycle complete. README updated.
2026-07-03 01:17:29,731 - INFO - Starting data fetch cycle...
2026-07-03 01:17:30,164 - INFO - [RELIANCE_NS] Inserted 375 rows (duplicates ignored)
2026-07-03 01:17:30,164 - INFO - Inserted 375 rows for RELIANCE.NS
2026-07-03 01:17:30,409 - INFO - [HDFCBANK_NS] Inserted 375 rows (duplicates ignored)
2026-07-03 01:17:30,410 - INFO - Inserted 375 rows for HDFCBANK.NS
2026-07-03 01:17:30,584 - INFO - [ICICIBANK_NS] Inserted 375 rows (duplicates ignored)
2026-07-03 01:17:30,584 - INFO - Inserted 375 rows for ICICIBANK.NS
2026-07-03 01:17:30,809 - INFO - [INFY_NS] Inserted 375 rows (duplicates ignored)
2026-07-03 01:17:30,809 - INFO - Inserted 375 rows for INFY.NS
2026-07-03 01:17:30,952 - INFO - [TCS_NS] Inserted 375 rows (duplicates ignored)
2026-07-03 01:17:30,952 - INFO - Inserted 375 rows for TCS.NS
2026-07-03 01:17:31,269 - INFO - [ITC_NS] Inserted 375 rows (duplicates ignored)
2026-07-03 01:17:31,269 - INFO - Inserted 375 rows for ITC.NS
2026-07-03 01:17:31,551 - INFO - [HINDUNILVR_NS] Inserted 375 rows (duplicates ignored)
2026-07-03 01:17:31,551 - INFO - Inserted 375 rows for HINDUNILVR.NS
2026-07-03 01:17:31,708 - INFO - [SBIN_NS] Inserted 375 rows (duplicates ignored)
2026-07-03 01:17:31,708 - INFO - Inserted 375 rows for SBIN.NS
2026-07-03 01:17:31,864 - INFO - [BHARTIARTL_NS] Inserted 375 rows (duplicates ignored)
2026-07-03 01:17:31,864 - INFO - Inserted 375 rows for BHARTIARTL.NS
2026-07-03 01:17:32,139 - INFO - [KOTAKBANK_NS] Inserted 375 rows (duplicates ignored)
2026-07-03 01:17:32,139 - INFO - Inserted 375 rows for KOTAKBANK.NS
2026-07-03 01:17:32,890 - INFO - [LT_NS] Inserted 375 rows (duplicates ignored)
2026-07-03 01:17:32,890 - INFO - Inserted 375 rows for LT.NS
2026-07-03 01:17:33,033 - INFO - [AXISBANK_NS] Inserted 375 rows (duplicates ignored)
2026-07-03 01:17:33,033 - INFO - Inserted 375 rows for AXISBANK.NS
2026-07-03 01:17:33,181 - INFO - [BAJFINANCE_NS] Inserted 375 rows (duplicates ignored)
2026-07-03 01:17:33,181 - INFO - Inserted 375 rows for BAJFINANCE.NS
2026-07-03 01:17:33,324 - INFO - [ASIANPAINT_NS] Inserted 375 rows (duplicates ignored)
2026-07-03 01:17:33,324 - INFO - Inserted 375 rows for ASIANPAINT.NS
2026-07-03 01:17:33,541 - INFO - [MARUTI_NS] Inserted 375 rows (duplicates ignored)
2026-07-03 01:17:33,541 - INFO - Inserted 375 rows for MARUTI.NS
2026-07-03 01:17:33,776 - INFO - [SUNPHARMA_NS] Inserted 375 rows (duplicates ignored)
2026-07-03 01:17:33,776 - INFO - Inserted 375 rows for SUNPHARMA.NS
2026-07-03 01:17:34,003 - INFO - [WIPRO_NS] Inserted 375 rows (duplicates ignored)
2026-07-03 01:17:34,003 - INFO - Inserted 375 rows for WIPRO.NS
2026-07-03 01:17:34,258 - INFO - [POWERGRID_NS] Inserted 375 rows (duplicates ignored)
2026-07-03 01:17:34,258 - INFO - Inserted 375 rows for POWERGRID.NS
2026-07-03 01:17:34,391 - INFO - [NTPC_NS] Inserted 375 rows (duplicates ignored)
2026-07-03 01:17:34,391 - INFO - Inserted 375 rows for NTPC.NS
2026-07-03 01:17:34,628 - INFO - [ONGC_NS] Inserted 375 rows (duplicates ignored)
2026-07-03 01:17:34,628 - INFO - Inserted 375 rows for ONGC.NS
2026-07-03 01:17:34,640 - INFO - Cycle complete. README updated.
2026-07-03 05:03:12,345 - INFO - Starting data fetch cycle...
2026-07-03 05:03:12,711 - INFO - [RELIANCE_NS] Inserted 79 rows (duplicates ignored)
2026-07-03 05:03:12,711 - INFO - Inserted 79 rows for RELIANCE.NS
2026-07-03 05:03:12,857 - INFO - [HDFCBANK_NS] Inserted 79 rows (duplicates ignored)
2026-07-03 05:03:12,857 - INFO - Inserted 79 rows for HDFCBANK.NS
2026-07-03 05:03:13,003 - INFO - [ICICIBANK_NS] Inserted 79 rows (duplicates ignored)
2026-07-03 05:03:13,003 - INFO - Inserted 79 rows for ICICIBANK.NS
2026-07-03 05:03:13,148 - INFO - [INFY_NS] Inserted 79 rows (duplicates ignored)
2026-07-03 05:03:13,148 - INFO - Inserted 79 rows for INFY.NS
2026-07-03 05:03:13,284 - INFO - [TCS_NS] Inserted 79 rows (duplicates ignored)
2026-07-03 05:03:13,285 - INFO - Inserted 79 rows for TCS.NS
2026-07-03 05:03:13,516 - INFO - [ITC_NS] Inserted 79 rows (duplicates ignored)
2026-07-03 05:03:13,516 - INFO - Inserted 79 rows for ITC.NS
2026-07-03 05:03:13,695 - INFO - [HINDUNILVR_NS] Inserted 79 rows (duplicates ignored)
2026-07-03 05:03:13,695 - INFO - Inserted 79 rows for HINDUNILVR.NS
2026-07-03 05:03:13,876 - INFO - [SBIN_NS] Inserted 79 rows (duplicates ignored)
2026-07-03 05:03:13,876 - INFO - Inserted 79 rows for SBIN.NS
2026-07-03 05:03:14,052 - INFO - [BHARTIARTL_NS] Inserted 79 rows (duplicates ignored)
2026-07-03 05:03:14,052 - INFO - Inserted 79 rows for BHARTIARTL.NS
2026-07-03 05:03:14,176 - INFO - [KOTAKBANK_NS] Inserted 79 rows (duplicates ignored)
2026-07-03 05:03:14,176 - INFO - Inserted 79 rows for KOTAKBANK.NS
2026-07-03 05:03:14,315 - INFO - [LT_NS] Inserted 79 rows (duplicates ignored)
2026-07-03 05:03:14,315 - INFO - Inserted 79 rows for LT.NS
2026-07-03 05:03:14,717 - INFO - [AXISBANK_NS] Inserted 79 rows (duplicates ignored)
2026-07-03 05:03:14,717 - INFO - Inserted 79 rows for AXISBANK.NS
2026-07-03 05:03:14,949 - INFO - [BAJFINANCE_NS] Inserted 79 rows (duplicates ignored)
2026-07-03 05:03:14,949 - INFO - Inserted 79 rows for BAJFINANCE.NS
2026-07-03 05:03:15,076 - INFO - [ASIANPAINT_NS] Inserted 79 rows (duplicates ignored)
2026-07-03 05:03:15,077 - INFO - Inserted 79 rows for ASIANPAINT.NS
2026-07-03 05:03:15,314 - INFO - [MARUTI_NS] Inserted 79 rows (duplicates ignored)
2026-07-03 05:03:15,314 - INFO - Inserted 79 rows for MARUTI.NS
2026-07-03 05:03:15,461 - INFO - [SUNPHARMA_NS] Inserted 79 rows (duplicates ignored)
2026-07-03 05:03:15,461 - INFO - Inserted 79 rows for SUNPHARMA.NS
2026-07-03 05:03:15,605 - INFO - [WIPRO_NS] Inserted 79 rows (duplicates ignored)
2026-07-03 05:03:15,605 - INFO - Inserted 79 rows for WIPRO.NS
2026-07-03 05:03:15,721 - INFO - [POWERGRID_NS] Inserted 79 rows (duplicates ignored)
2026-07-03 05:03:15,721 - INFO - Inserted 79 rows for POWERGRID.NS
2026-07-03 05:03:15,857 - INFO - [NTPC_NS] Inserted 79 rows (duplicates ignored)
2026-07-03 05:03:15,857 - INFO - Inserted 79 rows for NTPC.NS
2026-07-03 05:03:15,991 - INFO - [ONGC_NS] Inserted 79 rows (duplicates ignored)
2026-07-03 05:03:15,991 - INFO - Inserted 79 rows for ONGC.NS
2026-07-03 05:03:16,003 - INFO - Cycle complete. README updated.
2026-07-03 08:23:57,561 - INFO - Starting data fetch cycle...
2026-07-03 08:23:57,840 - INFO - [RELIANCE_NS] Inserted 279 rows (duplicates ignored)
2026-07-03 08:23:57,841 - INFO - Inserted 279 rows for RELIANCE.NS
2026-07-03 08:23:57,980 - INFO - [HDFCBANK_NS] Inserted 279 rows (duplicates ignored)
2026-07-03 08:23:57,980 - INFO - Inserted 279 rows for HDFCBANK.NS
2026-07-03 08:23:58,152 - INFO - [ICICIBANK_NS] Inserted 279 rows (duplicates ignored)
2026-07-03 08:23:58,152 - INFO - Inserted 279 rows for ICICIBANK.NS
2026-07-03 08:23:58,313 - INFO - [INFY_NS] Inserted 279 rows (duplicates ignored)
2026-07-03 08:23:58,313 - INFO - Inserted 279 rows for INFY.NS
2026-07-03 08:23:58,450 - INFO - [TCS_NS] Inserted 279 rows (duplicates ignored)
2026-07-03 08:23:58,450 - INFO - Inserted 279 rows for TCS.NS
2026-07-03 08:23:58,599 - INFO - [ITC_NS] Inserted 279 rows (duplicates ignored)
2026-07-03 08:23:58,599 - INFO - Inserted 279 rows for ITC.NS
2026-07-03 08:23:58,750 - INFO - [HINDUNILVR_NS] Inserted 279 rows (duplicates ignored)
2026-07-03 08:23:58,750 - INFO - Inserted 279 rows for HINDUNILVR.NS
2026-07-03 08:23:58,890 - INFO - [SBIN_NS] Inserted 279 rows (duplicates ignored)
2026-07-03 08:23:58,890 - INFO - Inserted 279 rows for SBIN.NS
2026-07-03 08:23:59,028 - INFO - [BHARTIARTL_NS] Inserted 279 rows (duplicates ignored)
2026-07-03 08:23:59,028 - INFO - Inserted 279 rows for BHARTIARTL.NS
2026-07-03 08:23:59,170 - INFO - [KOTAKBANK_NS] Inserted 279 rows (duplicates ignored)
2026-07-03 08:23:59,170 - INFO - Inserted 279 rows for KOTAKBANK.NS
2026-07-03 08:23:59,334 - INFO - [LT_NS] Inserted 279 rows (duplicates ignored)
2026-07-03 08:23:59,334 - INFO - Inserted 279 rows for LT.NS
2026-07-03 08:23:59,511 - INFO - [AXISBANK_NS] Inserted 279 rows (duplicates ignored)
2026-07-03 08:23:59,511 - INFO - Inserted 279 rows for AXISBANK.NS
2026-07-03 08:23:59,647 - INFO - [BAJFINANCE_NS] Inserted 279 rows (duplicates ignored)
2026-07-03 08:23:59,647 - INFO - Inserted 279 rows for BAJFINANCE.NS
2026-07-03 08:23:59,795 - INFO - [ASIANPAINT_NS] Inserted 279 rows (duplicates ignored)
2026-07-03 08:23:59,796 - INFO - Inserted 279 rows for ASIANPAINT.NS
2026-07-03 08:23:59,934 - INFO - [MARUTI_NS] Inserted 279 rows (duplicates ignored)
2026-07-03 08:23:59,935 - INFO - Inserted 279 rows for MARUTI.NS
2026-07-03 08:24:00,075 - INFO - [SUNPHARMA_NS] Inserted 279 rows (duplicates ignored)
2026-07-03 08:24:00,075 - INFO - Inserted 279 rows for SUNPHARMA.NS
2026-07-03 08:24:00,223 - INFO - [WIPRO_NS] Inserted 279 rows (duplicates ignored)
2026-07-03 08:24:00,223 - INFO - Inserted 279 rows for WIPRO.NS
2026-07-03 08:24:00,361 - INFO - [POWERGRID_NS] Inserted 279 rows (duplicates ignored)
2026-07-03 08:24:00,361 - INFO - Inserted 279 rows for POWERGRID.NS
2026-07-03 08:24:00,502 - INFO - [NTPC_NS] Inserted 279 rows (duplicates ignored)
2026-07-03 08:24:00,503 - INFO - Inserted 279 rows for NTPC.NS
2026-07-03 08:24:00,643 - INFO - [ONGC_NS] Inserted 279 rows (duplicates ignored)
2026-07-03 08:24:00,643 - INFO - Inserted 279 rows for ONGC.NS
2026-07-03 08:24:00,657 - INFO - Cycle complete. README updated.
2026-07-05 23:36:02,505 - INFO - Starting data fetch cycle...
2026-07-05 23:36:02,890 - INFO - [RELIANCE_NS] Inserted 375 rows (duplicates ignored)
2026-07-05 23:36:02,890 - INFO - Inserted 375 rows for RELIANCE.NS
2026-07-05 23:36:03,070 - INFO - [HDFCBANK_NS] Inserted 375 rows (duplicates ignored)
2026-07-05 23:36:03,070 - INFO - Inserted 375 rows for HDFCBANK.NS
2026-07-05 23:36:03,288 - INFO - [ICICIBANK_NS] Inserted 375 rows (duplicates ignored)
2026-07-05 23:36:03,288 - INFO - Inserted 375 rows for ICICIBANK.NS
2026-07-05 23:36:03,461 - INFO - [INFY_NS] Inserted 375 rows (duplicates ignored)
2026-07-05 23:36:03,461 - INFO - Inserted 375 rows for INFY.NS
2026-07-05 23:36:03,619 - INFO - [TCS_NS] Inserted 375 rows (duplicates ignored)
2026-07-05 23:36:03,620 - INFO - Inserted 375 rows for TCS.NS
2026-07-05 23:36:03,787 - INFO - [ITC_NS] Inserted 375 rows (duplicates ignored)
2026-07-05 23:36:03,787 - INFO - Inserted 375 rows for ITC.NS
2026-07-05 23:36:04,052 - INFO - [HINDUNILVR_NS] Inserted 375 rows (duplicates ignored)
2026-07-05 23:36:04,052 - INFO - Inserted 375 rows for HINDUNILVR.NS
2026-07-05 23:36:04,233 - INFO - [SBIN_NS] Inserted 375 rows (duplicates ignored)
2026-07-05 23:36:04,233 - INFO - Inserted 375 rows for SBIN.NS
2026-07-05 23:36:04,401 - INFO - [BHARTIARTL_NS] Inserted 375 rows (duplicates ignored)
2026-07-05 23:36:04,401 - INFO - Inserted 375 rows for BHARTIARTL.NS
2026-07-05 23:36:04,611 - INFO - [KOTAKBANK_NS] Inserted 375 rows (duplicates ignored)
2026-07-05 23:36:04,611 - INFO - Inserted 375 rows for KOTAKBANK.NS
2026-07-05 23:36:04,765 - INFO - [LT_NS] Inserted 375 rows (duplicates ignored)
2026-07-05 23:36:04,765 - INFO - Inserted 375 rows for LT.NS
2026-07-05 23:36:04,938 - INFO - [AXISBANK_NS] Inserted 375 rows (duplicates ignored)
2026-07-05 23:36:04,938 - INFO - Inserted 375 rows for AXISBANK.NS
2026-07-05 23:36:05,118 - INFO - [BAJFINANCE_NS] Inserted 375 rows (duplicates ignored)
2026-07-05 23:36:05,118 - INFO - Inserted 375 rows for BAJFINANCE.NS
2026-07-05 23:36:05,287 - INFO - [ASIANPAINT_NS] Inserted 375 rows (duplicates ignored)
2026-07-05 23:36:05,287 - INFO - Inserted 375 rows for ASIANPAINT.NS
2026-07-05 23:36:05,475 - INFO - [MARUTI_NS] Inserted 375 rows (duplicates ignored)
2026-07-05 23:36:05,475 - INFO - Inserted 375 rows for MARUTI.NS
2026-07-05 23:36:05,646 - INFO - [SUNPHARMA_NS] Inserted 375 rows (duplicates ignored)
2026-07-05 23:36:05,646 - INFO - Inserted 375 rows for SUNPHARMA.NS
2026-07-05 23:36:05,863 - INFO - [WIPRO_NS] Inserted 375 rows (duplicates ignored)
2026-07-05 23:36:05,863 - INFO - Inserted 375 rows for WIPRO.NS
2026-07-05 23:36:06,085 - INFO - [POWERGRID_NS] Inserted 375 rows (duplicates ignored)
2026-07-05 23:36:06,086 - INFO - Inserted 375 rows for POWERGRID.NS
2026-07-05 23:36:06,262 - INFO - [NTPC_NS] Inserted 375 rows (duplicates ignored)
2026-07-05 23:36:06,262 - INFO - Inserted 375 rows for NTPC.NS
2026-07-05 23:36:06,436 - INFO - [ONGC_NS] Inserted 375 rows (duplicates ignored)
2026-07-05 23:36:06,436 - INFO - Inserted 375 rows for ONGC.NS
2026-07-05 23:36:06,449 - INFO - Cycle complete. README updated.
2026-07-06 01:22:05,617 - INFO - Starting data fetch cycle...
2026-07-06 01:22:05,992 - INFO - [RELIANCE_NS] Inserted 375 rows (duplicates ignored)
2026-07-06 01:22:05,992 - INFO - Inserted 375 rows for RELIANCE.NS
2026-07-06 01:22:06,254 - INFO - [HDFCBANK_NS] Inserted 375 rows (duplicates ignored)
2026-07-06 01:22:06,254 - INFO - Inserted 375 rows for HDFCBANK.NS
2026-07-06 01:22:07,160 - INFO - [ICICIBANK_NS] Inserted 375 rows (duplicates ignored)
2026-07-06 01:22:07,161 - INFO - Inserted 375 rows for ICICIBANK.NS
2026-07-06 01:22:07,328 - INFO - [INFY_NS] Inserted 375 rows (duplicates ignored)
2026-07-06 01:22:07,328 - INFO - Inserted 375 rows for INFY.NS
2026-07-06 01:22:07,871 - INFO - [TCS_NS] Inserted 375 rows (duplicates ignored)
2026-07-06 01:22:07,871 - INFO - Inserted 375 rows for TCS.NS
2026-07-06 01:22:08,024 - INFO - [ITC_NS] Inserted 375 rows (duplicates ignored)
2026-07-06 01:22:08,024 - INFO - Inserted 375 rows for ITC.NS
2026-07-06 01:22:08,206 - INFO - [HINDUNILVR_NS] Inserted 375 rows (duplicates ignored)
2026-07-06 01:22:08,206 - INFO - Inserted 375 rows for HINDUNILVR.NS
2026-07-06 01:22:08,362 - INFO - [SBIN_NS] Inserted 375 rows (duplicates ignored)
2026-07-06 01:22:08,362 - INFO - Inserted 375 rows for SBIN.NS
2026-07-06 01:22:08,513 - INFO - [BHARTIARTL_NS] Inserted 375 rows (duplicates ignored)
2026-07-06 01:22:08,513 - INFO - Inserted 375 rows for BHARTIARTL.NS
2026-07-06 01:22:08,781 - INFO - [KOTAKBANK_NS] Inserted 375 rows (duplicates ignored)
2026-07-06 01:22:08,782 - INFO - Inserted 375 rows for KOTAKBANK.NS
2026-07-06 01:22:08,929 - INFO - [LT_NS] Inserted 375 rows (duplicates ignored)
2026-07-06 01:22:08,929 - INFO - Inserted 375 rows for LT.NS
2026-07-06 01:22:09,089 - INFO - [AXISBANK_NS] Inserted 375 rows (duplicates ignored)
2026-07-06 01:22:09,089 - INFO - Inserted 375 rows for AXISBANK.NS
2026-07-06 01:22:09,279 - INFO - [BAJFINANCE_NS] Inserted 375 rows (duplicates ignored)
2026-07-06 01:22:09,279 - INFO - Inserted 375 rows for BAJFINANCE.NS
2026-07-06 01:22:09,528 - INFO - [ASIANPAINT_NS] Inserted 375 rows (duplicates ignored)
2026-07-06 01:22:09,528 - INFO - Inserted 375 rows for ASIANPAINT.NS
2026-07-06 01:22:09,683 - INFO - [MARUTI_NS] Inserted 375 rows (duplicates ignored)
2026-07-06 01:22:09,684 - INFO - Inserted 375 rows for MARUTI.NS
2026-07-06 01:22:09,833 - INFO - [SUNPHARMA_NS] Inserted 375 rows (duplicates ignored)
2026-07-06 01:22:09,833 - INFO - Inserted 375 rows for SUNPHARMA.NS
2026-07-06 01:22:09,979 - INFO - [WIPRO_NS] Inserted 375 rows (duplicates ignored)
2026-07-06 01:22:09,979 - INFO - Inserted 375 rows for WIPRO.NS
2026-07-06 01:22:10,111 - INFO - [POWERGRID_NS] Inserted 375 rows (duplicates ignored)
2026-07-06 01:22:10,111 - INFO - Inserted 375 rows for POWERGRID.NS
2026-07-06 01:22:10,273 - INFO - [NTPC_NS] Inserted 375 rows (duplicates ignored)
2026-07-06 01:22:10,274 - INFO - Inserted 375 rows for NTPC.NS
2026-07-06 01:22:10,422 - INFO - [ONGC_NS] Inserted 375 rows (duplicates ignored)
2026-07-06 01:22:10,422 - INFO - Inserted 375 rows for ONGC.NS
2026-07-06 01:22:10,438 - INFO - Cycle complete. README updated.
2026-07-06 05:51:14,157 - INFO - Starting data fetch cycle...
2026-07-06 05:51:14,414 - INFO - [RELIANCE_NS] Inserted 127 rows (duplicates ignored)
2026-07-06 05:51:14,414 - INFO - Inserted 127 rows for RELIANCE.NS
2026-07-06 05:51:14,626 - INFO - [HDFCBANK_NS] Inserted 127 rows (duplicates ignored)
2026-07-06 05:51:14,626 - INFO - Inserted 127 rows for HDFCBANK.NS
2026-07-06 05:51:14,795 - INFO - [ICICIBANK_NS] Inserted 127 rows (duplicates ignored)
2026-07-06 05:51:14,795 - INFO - Inserted 127 rows for ICICIBANK.NS
2026-07-06 05:51:14,954 - INFO - [INFY_NS] Inserted 127 rows (duplicates ignored)
2026-07-06 05:51:14,954 - INFO - Inserted 127 rows for INFY.NS
2026-07-06 05:51:15,221 - INFO - [TCS_NS] Inserted 127 rows (duplicates ignored)
2026-07-06 05:51:15,221 - INFO - Inserted 127 rows for TCS.NS
2026-07-06 05:51:15,360 - INFO - [ITC_NS] Inserted 127 rows (duplicates ignored)
2026-07-06 05:51:15,360 - INFO - Inserted 127 rows for ITC.NS
2026-07-06 05:51:15,652 - INFO - [HINDUNILVR_NS] Inserted 127 rows (duplicates ignored)
2026-07-06 05:51:15,652 - INFO - Inserted 127 rows for HINDUNILVR.NS
2026-07-06 05:51:15,899 - INFO - [SBIN_NS] Inserted 127 rows (duplicates ignored)
2026-07-06 05:51:15,899 - INFO - Inserted 127 rows for SBIN.NS
2026-07-06 05:51:16,160 - INFO - [BHARTIARTL_NS] Inserted 127 rows (duplicates ignored)
2026-07-06 05:51:16,160 - INFO - Inserted 127 rows for BHARTIARTL.NS
2026-07-06 05:51:16,301 - INFO - [KOTAKBANK_NS] Inserted 127 rows (duplicates ignored)
2026-07-06 05:51:16,301 - INFO - Inserted 127 rows for KOTAKBANK.NS
2026-07-06 05:51:16,501 - INFO - [LT_NS] Inserted 127 rows (duplicates ignored)
2026-07-06 05:51:16,501 - INFO - Inserted 127 rows for LT.NS
2026-07-06 05:51:16,637 - INFO - [AXISBANK_NS] Inserted 127 rows (duplicates ignored)
2026-07-06 05:51:16,638 - INFO - Inserted 127 rows for AXISBANK.NS
2026-07-06 05:51:16,775 - INFO - [BAJFINANCE_NS] Inserted 127 rows (duplicates ignored)
2026-07-06 05:51:16,776 - INFO - Inserted 127 rows for BAJFINANCE.NS
2026-07-06 05:51:16,927 - INFO - [ASIANPAINT_NS] Inserted 127 rows (duplicates ignored)
2026-07-06 05:51:16,927 - INFO - Inserted 127 rows for ASIANPAINT.NS
2026-07-06 05:51:17,077 - INFO - [MARUTI_NS] Inserted 127 rows (duplicates ignored)
2026-07-06 05:51:17,078 - INFO - Inserted 127 rows for MARUTI.NS
2026-07-06 05:51:17,223 - INFO - [SUNPHARMA_NS] Inserted 127 rows (duplicates ignored)
2026-07-06 05:51:17,223 - INFO - Inserted 127 rows for SUNPHARMA.NS
2026-07-06 05:51:17,507 - INFO - [WIPRO_NS] Inserted 127 rows (duplicates ignored)
2026-07-06 05:51:17,507 - INFO - Inserted 127 rows for WIPRO.NS
2026-07-06 05:51:17,766 - INFO - [POWERGRID_NS] Inserted 127 rows (duplicates ignored)
2026-07-06 05:51:17,766 - INFO - Inserted 127 rows for POWERGRID.NS
2026-07-06 05:51:17,994 - INFO - [NTPC_NS] Inserted 127 rows (duplicates ignored)
2026-07-06 05:51:17,995 - INFO - Inserted 127 rows for NTPC.NS
2026-07-06 05:51:18,192 - INFO - [ONGC_NS] Inserted 127 rows (duplicates ignored)
2026-07-06 05:51:18,192 - INFO - Inserted 127 rows for ONGC.NS
2026-07-06 05:51:18,206 - INFO - Cycle complete. README updated.
2026-07-06 23:39:06,527 - INFO - Starting data fetch cycle...
2026-07-06 23:39:07,389 - INFO - [RELIANCE_NS] Inserted 375 rows (duplicates ignored)
2026-07-06 23:39:07,389 - INFO - Inserted 375 rows for RELIANCE.NS
2026-07-06 23:39:07,657 - INFO - [HDFCBANK_NS] Inserted 375 rows (duplicates ignored)
2026-07-06 23:39:07,657 - INFO - Inserted 375 rows for HDFCBANK.NS
2026-07-06 23:39:08,106 - INFO - [ICICIBANK_NS] Inserted 375 rows (duplicates ignored)
2026-07-06 23:39:08,106 - INFO - Inserted 375 rows for ICICIBANK.NS
2026-07-06 23:39:08,486 - INFO - [INFY_NS] Inserted 375 rows (duplicates ignored)
2026-07-06 23:39:08,486 - INFO - Inserted 375 rows for INFY.NS
2026-07-06 23:39:08,774 - INFO - [TCS_NS] Inserted 375 rows (duplicates ignored)
2026-07-06 23:39:08,774 - INFO - Inserted 375 rows for TCS.NS
2026-07-06 23:39:09,173 - INFO - [ITC_NS] Inserted 375 rows (duplicates ignored)
2026-07-06 23:39:09,174 - INFO - Inserted 375 rows for ITC.NS
2026-07-06 23:39:09,645 - INFO - [HINDUNILVR_NS] Inserted 375 rows (duplicates ignored)
2026-07-06 23:39:09,645 - INFO - Inserted 375 rows for HINDUNILVR.NS
2026-07-06 23:39:10,007 - INFO - [SBIN_NS] Inserted 375 rows (duplicates ignored)
2026-07-06 23:39:10,007 - INFO - Inserted 375 rows for SBIN.NS
2026-07-06 23:39:10,366 - INFO - [BHARTIARTL_NS] Inserted 375 rows (duplicates ignored)
2026-07-06 23:39:10,366 - INFO - Inserted 375 rows for BHARTIARTL.NS
2026-07-06 23:39:10,817 - INFO - [KOTAKBANK_NS] Inserted 375 rows (duplicates ignored)
2026-07-06 23:39:10,817 - INFO - Inserted 375 rows for KOTAKBANK.NS
2026-07-06 23:39:11,113 - INFO - [LT_NS] Inserted 375 rows (duplicates ignored)
2026-07-06 23:39:11,114 - INFO - Inserted 375 rows for LT.NS
2026-07-06 23:39:11,370 - INFO - [AXISBANK_NS] Inserted 375 rows (duplicates ignored)
2026-07-06 23:39:11,370 - INFO - Inserted 375 rows for AXISBANK.NS
2026-07-06 23:39:11,656 - INFO - [BAJFINANCE_NS] Inserted 375 rows (duplicates ignored)
2026-07-06 23:39:11,656 - INFO - Inserted 375 rows for BAJFINANCE.NS
2026-07-06 23:39:12,024 - INFO - [ASIANPAINT_NS] Inserted 375 rows (duplicates ignored)
2026-07-06 23:39:12,024 - INFO - Inserted 375 rows for ASIANPAINT.NS
2026-07-06 23:39:12,373 - INFO - [MARUTI_NS] Inserted 375 rows (duplicates ignored)
2026-07-06 23:39:12,373 - INFO - Inserted 375 rows for MARUTI.NS
2026-07-06 23:39:12,720 - INFO - [SUNPHARMA_NS] Inserted 375 rows (duplicates ignored)
2026-07-06 23:39:12,720 - INFO - Inserted 375 rows for SUNPHARMA.NS
2026-07-06 23:39:12,998 - INFO - [WIPRO_NS] Inserted 375 rows (duplicates ignored)
2026-07-06 23:39:12,998 - INFO - Inserted 375 rows for WIPRO.NS
2026-07-06 23:39:13,345 - INFO - [POWERGRID_NS] Inserted 375 rows (duplicates ignored)
2026-07-06 23:39:13,346 - INFO - Inserted 375 rows for POWERGRID.NS
2026-07-06 23:39:13,735 - INFO - [NTPC_NS] Inserted 375 rows (duplicates ignored)
2026-07-06 23:39:13,735 - INFO - Inserted 375 rows for NTPC.NS
2026-07-06 23:39:14,117 - INFO - [ONGC_NS] Inserted 375 rows (duplicates ignored)
2026-07-06 23:39:14,117 - INFO - Inserted 375 rows for ONGC.NS
2026-07-06 23:39:14,129 - INFO - Cycle complete. README updated.
2026-07-07 01:24:19,536 - INFO - Starting data fetch cycle...
2026-07-07 01:24:20,702 - INFO - [RELIANCE_NS] Inserted 375 rows (duplicates ignored)
2026-07-07 01:24:20,702 - INFO - Inserted 375 rows for RELIANCE.NS
2026-07-07 01:24:21,051 - INFO - [HDFCBANK_NS] Inserted 375 rows (duplicates ignored)
2026-07-07 01:24:21,051 - INFO - Inserted 375 rows for HDFCBANK.NS
2026-07-07 01:24:21,370 - INFO - [ICICIBANK_NS] Inserted 375 rows (duplicates ignored)
2026-07-07 01:24:21,370 - INFO - Inserted 375 rows for ICICIBANK.NS
2026-07-07 01:24:21,709 - INFO - [INFY_NS] Inserted 375 rows (duplicates ignored)
2026-07-07 01:24:21,709 - INFO - Inserted 375 rows for INFY.NS
2026-07-07 01:24:22,049 - INFO - [TCS_NS] Inserted 375 rows (duplicates ignored)
2026-07-07 01:24:22,049 - INFO - Inserted 375 rows for TCS.NS
2026-07-07 01:24:22,411 - INFO - [ITC_NS] Inserted 375 rows (duplicates ignored)
2026-07-07 01:24:22,411 - INFO - Inserted 375 rows for ITC.NS
2026-07-07 01:24:22,728 - INFO - [HINDUNILVR_NS] Inserted 375 rows (duplicates ignored)
2026-07-07 01:24:22,728 - INFO - Inserted 375 rows for HINDUNILVR.NS
2026-07-07 01:24:23,060 - INFO - [SBIN_NS] Inserted 375 rows (duplicates ignored)
2026-07-07 01:24:23,061 - INFO - Inserted 375 rows for SBIN.NS
2026-07-07 01:24:23,356 - INFO - [BHARTIARTL_NS] Inserted 375 rows (duplicates ignored)
2026-07-07 01:24:23,357 - INFO - Inserted 375 rows for BHARTIARTL.NS
2026-07-07 01:24:23,724 - INFO - [KOTAKBANK_NS] Inserted 375 rows (duplicates ignored)
2026-07-07 01:24:23,724 - INFO - Inserted 375 rows for KOTAKBANK.NS
2026-07-07 01:24:24,021 - INFO - [LT_NS] Inserted 375 rows (duplicates ignored)
2026-07-07 01:24:24,021 - INFO - Inserted 375 rows for LT.NS
2026-07-07 01:24:24,301 - INFO - [AXISBANK_NS] Inserted 375 rows (duplicates ignored)
2026-07-07 01:24:24,301 - INFO - Inserted 375 rows for AXISBANK.NS
2026-07-07 01:24:24,634 - INFO - [BAJFINANCE_NS] Inserted 375 rows (duplicates ignored)
2026-07-07 01:24:24,634 - INFO - Inserted 375 rows for BAJFINANCE.NS
2026-07-07 01:24:24,913 - INFO - [ASIANPAINT_NS] Inserted 375 rows (duplicates ignored)
2026-07-07 01:24:24,913 - INFO - Inserted 375 rows for ASIANPAINT.NS
2026-07-07 01:24:25,262 - INFO - [MARUTI_NS] Inserted 375 rows (duplicates ignored)
2026-07-07 01:24:25,262 - INFO - Inserted 375 rows for MARUTI.NS
2026-07-07 01:24:25,591 - INFO - [SUNPHARMA_NS] Inserted 375 rows (duplicates ignored)
2026-07-07 01:24:25,591 - INFO - Inserted 375 rows for SUNPHARMA.NS
2026-07-07 01:24:25,949 - INFO - [WIPRO_NS] Inserted 375 rows (duplicates ignored)
2026-07-07 01:24:25,949 - INFO - Inserted 375 rows for WIPRO.NS
2026-07-07 01:24:26,269 - INFO - [POWERGRID_NS] Inserted 375 rows (duplicates ignored)
2026-07-07 01:24:26,269 - INFO - Inserted 375 rows for POWERGRID.NS
2026-07-07 01:24:26,622 - INFO - [NTPC_NS] Inserted 375 rows (duplicates ignored)
2026-07-07 01:24:26,622 - INFO - Inserted 375 rows for NTPC.NS
2026-07-07 01:24:26,965 - INFO - [ONGC_NS] Inserted 375 rows (duplicates ignored)
2026-07-07 01:24:26,965 - INFO - Inserted 375 rows for ONGC.NS
2026-07-07 01:24:26,980 - INFO - Cycle complete. README updated.
2026-07-07 05:38:55,301 - INFO - Starting data fetch cycle...
2026-07-07 05:38:55,564 - INFO - [RELIANCE_NS] Inserted 114 rows (duplicates ignored)
2026-07-07 05:38:55,564 - INFO - Inserted 114 rows for RELIANCE.NS
2026-07-07 05:38:55,729 - INFO - [HDFCBANK_NS] Inserted 114 rows (duplicates ignored)
2026-07-07 05:38:55,729 - INFO - Inserted 114 rows for HDFCBANK.NS
2026-07-07 05:38:55,885 - INFO - [ICICIBANK_NS] Inserted 114 rows (duplicates ignored)
2026-07-07 05:38:55,885 - INFO - Inserted 114 rows for ICICIBANK.NS
2026-07-07 05:38:56,102 - INFO - [INFY_NS] Inserted 114 rows (duplicates ignored)
2026-07-07 05:38:56,102 - INFO - Inserted 114 rows for INFY.NS
2026-07-07 05:38:56,287 - INFO - [TCS_NS] Inserted 114 rows (duplicates ignored)
2026-07-07 05:38:56,287 - INFO - Inserted 114 rows for TCS.NS
2026-07-07 05:38:56,493 - INFO - [ITC_NS] Inserted 114 rows (duplicates ignored)
2026-07-07 05:38:56,493 - INFO - Inserted 114 rows for ITC.NS
2026-07-07 05:38:56,730 - INFO - [HINDUNILVR_NS] Inserted 114 rows (duplicates ignored)
2026-07-07 05:38:56,730 - INFO - Inserted 114 rows for HINDUNILVR.NS
2026-07-07 05:38:56,928 - INFO - [SBIN_NS] Inserted 114 rows (duplicates ignored)
2026-07-07 05:38:56,928 - INFO - Inserted 114 rows for SBIN.NS
2026-07-07 05:38:57,235 - INFO - [BHARTIARTL_NS] Inserted 114 rows (duplicates ignored)
2026-07-07 05:38:57,235 - INFO - Inserted 114 rows for BHARTIARTL.NS
2026-07-07 05:38:57,432 - INFO - [KOTAKBANK_NS] Inserted 114 rows (duplicates ignored)
2026-07-07 05:38:57,432 - INFO - Inserted 114 rows for KOTAKBANK.NS
2026-07-07 05:38:57,561 - INFO - [LT_NS] Inserted 114 rows (duplicates ignored)
2026-07-07 05:38:57,561 - INFO - Inserted 114 rows for LT.NS
2026-07-07 05:38:57,742 - INFO - [AXISBANK_NS] Inserted 114 rows (duplicates ignored)
2026-07-07 05:38:57,742 - INFO - Inserted 114 rows for AXISBANK.NS
2026-07-07 05:38:57,948 - INFO - [BAJFINANCE_NS] Inserted 114 rows (duplicates ignored)
2026-07-07 05:38:57,948 - INFO - Inserted 114 rows for BAJFINANCE.NS
2026-07-07 05:38:58,087 - INFO - [ASIANPAINT_NS] Inserted 114 rows (duplicates ignored)
2026-07-07 05:38:58,087 - INFO - Inserted 114 rows for ASIANPAINT.NS
2026-07-07 05:38:58,312 - INFO - [MARUTI_NS] Inserted 114 rows (duplicates ignored)
2026-07-07 05:38:58,312 - INFO - Inserted 114 rows for MARUTI.NS
2026-07-07 05:38:58,460 - INFO - [SUNPHARMA_NS] Inserted 114 rows (duplicates ignored)
2026-07-07 05:38:58,460 - INFO - Inserted 114 rows for SUNPHARMA.NS
2026-07-07 05:38:58,627 - INFO - [WIPRO_NS] Inserted 114 rows (duplicates ignored)
2026-07-07 05:38:58,627 - INFO - Inserted 114 rows for WIPRO.NS
2026-07-07 05:38:58,755 - INFO - [POWERGRID_NS] Inserted 114 rows (duplicates ignored)
2026-07-07 05:38:58,755 - INFO - Inserted 114 rows for POWERGRID.NS
2026-07-07 05:38:58,882 - INFO - [NTPC_NS] Inserted 114 rows (duplicates ignored)
2026-07-07 05:38:58,882 - INFO - Inserted 114 rows for NTPC.NS
2026-07-07 05:38:59,064 - INFO - [ONGC_NS] Inserted 114 rows (duplicates ignored)
2026-07-07 05:38:59,064 - INFO - Inserted 114 rows for ONGC.NS
2026-07-07 05:38:59,076 - INFO - Cycle complete. README updated.
2026-07-07 23:30:41,547 - INFO - Starting data fetch cycle...
2026-07-07 23:30:41,892 - INFO - [RELIANCE_NS] Inserted 375 rows (duplicates ignored)
2026-07-07 23:30:41,892 - INFO - Inserted 375 rows for RELIANCE.NS
2026-07-07 23:30:42,107 - INFO - [HDFCBANK_NS] Inserted 375 rows (duplicates ignored)
2026-07-07 23:30:42,107 - INFO - Inserted 375 rows for HDFCBANK.NS
2026-07-07 23:30:42,273 - INFO - [ICICIBANK_NS] Inserted 375 rows (duplicates ignored)
2026-07-07 23:30:42,273 - INFO - Inserted 375 rows for ICICIBANK.NS
2026-07-07 23:30:42,484 - INFO - [INFY_NS] Inserted 375 rows (duplicates ignored)
2026-07-07 23:30:42,484 - INFO - Inserted 375 rows for INFY.NS
2026-07-07 23:30:42,640 - INFO - [TCS_NS] Inserted 375 rows (duplicates ignored)
2026-07-07 23:30:42,640 - INFO - Inserted 375 rows for TCS.NS
2026-07-07 23:30:42,828 - INFO - [ITC_NS] Inserted 375 rows (duplicates ignored)
2026-07-07 23:30:42,828 - INFO - Inserted 375 rows for ITC.NS
2026-07-07 23:30:42,988 - INFO - [HINDUNILVR_NS] Inserted 375 rows (duplicates ignored)
2026-07-07 23:30:42,988 - INFO - Inserted 375 rows for HINDUNILVR.NS
2026-07-07 23:30:43,165 - INFO - [SBIN_NS] Inserted 375 rows (duplicates ignored)
2026-07-07 23:30:43,165 - INFO - Inserted 375 rows for SBIN.NS
2026-07-07 23:30:43,330 - INFO - [BHARTIARTL_NS] Inserted 375 rows (duplicates ignored)
2026-07-07 23:30:43,330 - INFO - Inserted 375 rows for BHARTIARTL.NS
2026-07-07 23:30:43,521 - INFO - [KOTAKBANK_NS] Inserted 375 rows (duplicates ignored)
2026-07-07 23:30:43,521 - INFO - Inserted 375 rows for KOTAKBANK.NS
2026-07-07 23:30:43,725 - INFO - [LT_NS] Inserted 375 rows (duplicates ignored)
2026-07-07 23:30:43,726 - INFO - Inserted 375 rows for LT.NS
2026-07-07 23:30:43,905 - INFO - [AXISBANK_NS] Inserted 375 rows (duplicates ignored)
2026-07-07 23:30:43,906 - INFO - Inserted 375 rows for AXISBANK.NS
2026-07-07 23:30:44,095 - INFO - [BAJFINANCE_NS] Inserted 375 rows (duplicates ignored)
2026-07-07 23:30:44,095 - INFO - Inserted 375 rows for BAJFINANCE.NS
2026-07-07 23:30:44,265 - INFO - [ASIANPAINT_NS] Inserted 375 rows (duplicates ignored)
2026-07-07 23:30:44,265 - INFO - Inserted 375 rows for ASIANPAINT.NS
2026-07-07 23:30:44,453 - INFO - [MARUTI_NS] Inserted 375 rows (duplicates ignored)
2026-07-07 23:30:44,453 - INFO - Inserted 375 rows for MARUTI.NS
2026-07-07 23:30:44,637 - INFO - [SUNPHARMA_NS] Inserted 375 rows (duplicates ignored)
2026-07-07 23:30:44,637 - INFO - Inserted 375 rows for SUNPHARMA.NS
2026-07-07 23:30:44,804 - INFO - [WIPRO_NS] Inserted 375 rows (duplicates ignored)
2026-07-07 23:30:44,804 - INFO - Inserted 375 rows for WIPRO.NS
2026-07-07 23:30:44,981 - INFO - [POWERGRID_NS] Inserted 375 rows (duplicates ignored)
2026-07-07 23:30:44,981 - INFO - Inserted 375 rows for POWERGRID.NS
2026-07-07 23:30:45,139 - INFO - [NTPC_NS] Inserted 375 rows (duplicates ignored)
2026-07-07 23:30:45,139 - INFO - Inserted 375 rows for NTPC.NS
2026-07-07 23:30:45,363 - INFO - [ONGC_NS] Inserted 375 rows (duplicates ignored)
2026-07-07 23:30:45,363 - INFO - Inserted 375 rows for ONGC.NS
2026-07-07 23:30:45,375 - INFO - Cycle complete. README updated.
2026-07-08 01:06:14,439 - INFO - Starting data fetch cycle...
2026-07-08 01:06:15,384 - INFO - [RELIANCE_NS] Inserted 375 rows (duplicates ignored)
2026-07-08 01:06:15,385 - INFO - Inserted 375 rows for RELIANCE.NS
2026-07-08 01:06:15,647 - INFO - [HDFCBANK_NS] Inserted 375 rows (duplicates ignored)
2026-07-08 01:06:15,647 - INFO - Inserted 375 rows for HDFCBANK.NS
2026-07-08 01:06:15,945 - INFO - [ICICIBANK_NS] Inserted 375 rows (duplicates ignored)
2026-07-08 01:06:15,945 - INFO - Inserted 375 rows for ICICIBANK.NS
2026-07-08 01:06:16,259 - INFO - [INFY_NS] Inserted 375 rows (duplicates ignored)
2026-07-08 01:06:16,259 - INFO - Inserted 375 rows for INFY.NS
2026-07-08 01:06:16,504 - INFO - [TCS_NS] Inserted 375 rows (duplicates ignored)
2026-07-08 01:06:16,504 - INFO - Inserted 375 rows for TCS.NS
2026-07-08 01:06:16,747 - INFO - [ITC_NS] Inserted 375 rows (duplicates ignored)
2026-07-08 01:06:16,747 - INFO - Inserted 375 rows for ITC.NS
2026-07-08 01:06:17,031 - INFO - [HINDUNILVR_NS] Inserted 375 rows (duplicates ignored)
2026-07-08 01:06:17,031 - INFO - Inserted 375 rows for HINDUNILVR.NS
2026-07-08 01:06:17,282 - INFO - [SBIN_NS] Inserted 375 rows (duplicates ignored)
2026-07-08 01:06:17,283 - INFO - Inserted 375 rows for SBIN.NS
2026-07-08 01:06:17,511 - INFO - [BHARTIARTL_NS] Inserted 375 rows (duplicates ignored)
2026-07-08 01:06:17,512 - INFO - Inserted 375 rows for BHARTIARTL.NS
2026-07-08 01:06:17,830 - INFO - [KOTAKBANK_NS] Inserted 375 rows (duplicates ignored)
2026-07-08 01:06:17,830 - INFO - Inserted 375 rows for KOTAKBANK.NS
2026-07-08 01:06:18,232 - INFO - [LT_NS] Inserted 375 rows (duplicates ignored)
2026-07-08 01:06:18,232 - INFO - Inserted 375 rows for LT.NS
2026-07-08 01:06:18,484 - INFO - [AXISBANK_NS] Inserted 375 rows (duplicates ignored)
2026-07-08 01:06:18,485 - INFO - Inserted 375 rows for AXISBANK.NS
2026-07-08 01:06:18,723 - INFO - [BAJFINANCE_NS] Inserted 375 rows (duplicates ignored)
2026-07-08 01:06:18,723 - INFO - Inserted 375 rows for BAJFINANCE.NS
2026-07-08 01:06:18,953 - INFO - [ASIANPAINT_NS] Inserted 375 rows (duplicates ignored)
2026-07-08 01:06:18,953 - INFO - Inserted 375 rows for ASIANPAINT.NS
2026-07-08 01:06:19,191 - INFO - [MARUTI_NS] Inserted 375 rows (duplicates ignored)
2026-07-08 01:06:19,191 - INFO - Inserted 375 rows for MARUTI.NS
2026-07-08 01:06:19,500 - INFO - [SUNPHARMA_NS] Inserted 375 rows (duplicates ignored)
2026-07-08 01:06:19,501 - INFO - Inserted 375 rows for SUNPHARMA.NS
2026-07-08 01:06:19,754 - INFO - [WIPRO_NS] Inserted 375 rows (duplicates ignored)
2026-07-08 01:06:19,755 - INFO - Inserted 375 rows for WIPRO.NS
2026-07-08 01:06:20,056 - INFO - [POWERGRID_NS] Inserted 375 rows (duplicates ignored)
2026-07-08 01:06:20,056 - INFO - Inserted 375 rows for POWERGRID.NS
2026-07-08 01:06:20,294 - INFO - [NTPC_NS] Inserted 375 rows (duplicates ignored)
2026-07-08 01:06:20,294 - INFO - Inserted 375 rows for NTPC.NS
2026-07-08 01:06:20,560 - INFO - [ONGC_NS] Inserted 375 rows (duplicates ignored)
2026-07-08 01:06:20,560 - INFO - Inserted 375 rows for ONGC.NS
2026-07-08 01:06:20,572 - INFO - Cycle complete. README updated.
2026-07-08 04:30:14,809 - INFO - Starting data fetch cycle...
2026-07-08 04:30:15,112 - INFO - [RELIANCE_NS] Inserted 46 rows (duplicates ignored)
2026-07-08 04:30:15,112 - INFO - Inserted 46 rows for RELIANCE.NS
2026-07-08 04:30:15,289 - INFO - [HDFCBANK_NS] Inserted 46 rows (duplicates ignored)
2026-07-08 04:30:15,289 - INFO - Inserted 46 rows for HDFCBANK.NS
2026-07-08 04:30:15,431 - INFO - [ICICIBANK_NS] Inserted 46 rows (duplicates ignored)
2026-07-08 04:30:15,431 - INFO - Inserted 46 rows for ICICIBANK.NS
2026-07-08 04:30:15,580 - INFO - [INFY_NS] Inserted 46 rows (duplicates ignored)
2026-07-08 04:30:15,580 - INFO - Inserted 46 rows for INFY.NS
2026-07-08 04:30:15,753 - INFO - [TCS_NS] Inserted 46 rows (duplicates ignored)
2026-07-08 04:30:15,753 - INFO - Inserted 46 rows for TCS.NS
2026-07-08 04:30:15,911 - INFO - [ITC_NS] Inserted 46 rows (duplicates ignored)
2026-07-08 04:30:15,911 - INFO - Inserted 46 rows for ITC.NS
2026-07-08 04:30:16,089 - INFO - [HINDUNILVR_NS] Inserted 46 rows (duplicates ignored)
2026-07-08 04:30:16,089 - INFO - Inserted 46 rows for HINDUNILVR.NS
2026-07-08 04:30:16,240 - INFO - [SBIN_NS] Inserted 46 rows (duplicates ignored)
2026-07-08 04:30:16,240 - INFO - Inserted 46 rows for SBIN.NS
2026-07-08 04:30:16,367 - INFO - [BHARTIARTL_NS] Inserted 46 rows (duplicates ignored)
2026-07-08 04:30:16,367 - INFO - Inserted 46 rows for BHARTIARTL.NS
2026-07-08 04:30:16,501 - INFO - [KOTAKBANK_NS] Inserted 46 rows (duplicates ignored)
2026-07-08 04:30:16,501 - INFO - Inserted 46 rows for KOTAKBANK.NS
2026-07-08 04:30:16,656 - INFO - [LT_NS] Inserted 46 rows (duplicates ignored)
2026-07-08 04:30:16,656 - INFO - Inserted 46 rows for LT.NS
2026-07-08 04:30:16,795 - INFO - [AXISBANK_NS] Inserted 46 rows (duplicates ignored)
2026-07-08 04:30:16,795 - INFO - Inserted 46 rows for AXISBANK.NS
2026-07-08 04:30:16,963 - INFO - [BAJFINANCE_NS] Inserted 46 rows (duplicates ignored)
2026-07-08 04:30:16,963 - INFO - Inserted 46 rows for BAJFINANCE.NS
2026-07-08 04:30:17,101 - INFO - [ASIANPAINT_NS] Inserted 46 rows (duplicates ignored)
2026-07-08 04:30:17,101 - INFO - Inserted 46 rows for ASIANPAINT.NS
2026-07-08 04:30:17,240 - INFO - [MARUTI_NS] Inserted 46 rows (duplicates ignored)
2026-07-08 04:30:17,241 - INFO - Inserted 46 rows for MARUTI.NS
2026-07-08 04:30:17,389 - INFO - [SUNPHARMA_NS] Inserted 46 rows (duplicates ignored)
2026-07-08 04:30:17,390 - INFO - Inserted 46 rows for SUNPHARMA.NS
2026-07-08 04:30:17,535 - INFO - [WIPRO_NS] Inserted 46 rows (duplicates ignored)
2026-07-08 04:30:17,535 - INFO - Inserted 46 rows for WIPRO.NS
2026-07-08 04:30:17,675 - INFO - [POWERGRID_NS] Inserted 46 rows (duplicates ignored)
2026-07-08 04:30:17,675 - INFO - Inserted 46 rows for POWERGRID.NS
2026-07-08 04:30:17,810 - INFO - [NTPC_NS] Inserted 46 rows (duplicates ignored)
2026-07-08 04:30:17,810 - INFO - Inserted 46 rows for NTPC.NS
2026-07-08 04:30:17,949 - INFO - [ONGC_NS] Inserted 46 rows (duplicates ignored)
2026-07-08 04:30:17,949 - INFO - Inserted 46 rows for ONGC.NS
2026-07-08 04:30:17,963 - INFO - Cycle complete. README updated.
2026-07-08 07:09:20,357 - INFO - Starting data fetch cycle...
2026-07-08 07:09:21,312 - INFO - [RELIANCE_NS] Inserted 204 rows (duplicates ignored)
2026-07-08 07:09:21,312 - INFO - Inserted 204 rows for RELIANCE.NS
2026-07-08 07:09:22,054 - INFO - [HDFCBANK_NS] Inserted 204 rows (duplicates ignored)
2026-07-08 07:09:22,055 - INFO - Inserted 204 rows for HDFCBANK.NS
2026-07-08 07:09:22,337 - INFO - [ICICIBANK_NS] Inserted 204 rows (duplicates ignored)
2026-07-08 07:09:22,337 - INFO - Inserted 204 rows for ICICIBANK.NS
2026-07-08 07:09:22,781 - INFO - [INFY_NS] Inserted 204 rows (duplicates ignored)
2026-07-08 07:09:22,781 - INFO - Inserted 204 rows for INFY.NS
2026-07-08 07:09:23,111 - INFO - [TCS_NS] Inserted 204 rows (duplicates ignored)
2026-07-08 07:09:23,112 - INFO - Inserted 204 rows for TCS.NS
2026-07-08 07:09:23,506 - INFO - [ITC_NS] Inserted 204 rows (duplicates ignored)
2026-07-08 07:09:23,507 - INFO - Inserted 204 rows for ITC.NS
2026-07-08 07:09:23,979 - INFO - [HINDUNILVR_NS] Inserted 204 rows (duplicates ignored)
2026-07-08 07:09:23,979 - INFO - Inserted 204 rows for HINDUNILVR.NS
2026-07-08 07:09:24,344 - INFO - [SBIN_NS] Inserted 204 rows (duplicates ignored)
2026-07-08 07:09:24,344 - INFO - Inserted 204 rows for SBIN.NS
2026-07-08 07:09:24,796 - INFO - [BHARTIARTL_NS] Inserted 204 rows (duplicates ignored)
2026-07-08 07:09:24,796 - INFO - Inserted 204 rows for BHARTIARTL.NS
2026-07-08 07:09:25,113 - INFO - [KOTAKBANK_NS] Inserted 204 rows (duplicates ignored)
2026-07-08 07:09:25,113 - INFO - Inserted 204 rows for KOTAKBANK.NS
2026-07-08 07:09:25,365 - INFO - [LT_NS] Inserted 204 rows (duplicates ignored)
2026-07-08 07:09:25,365 - INFO - Inserted 204 rows for LT.NS
2026-07-08 07:09:25,641 - INFO - [AXISBANK_NS] Inserted 204 rows (duplicates ignored)
2026-07-08 07:09:25,642 - INFO - Inserted 204 rows for AXISBANK.NS
2026-07-08 07:09:25,858 - INFO - [BAJFINANCE_NS] Inserted 204 rows (duplicates ignored)
2026-07-08 07:09:25,858 - INFO - Inserted 204 rows for BAJFINANCE.NS
2026-07-08 07:09:26,144 - INFO - [ASIANPAINT_NS] Inserted 204 rows (duplicates ignored)
2026-07-08 07:09:26,144 - INFO - Inserted 204 rows for ASIANPAINT.NS
2026-07-08 07:09:26,569 - INFO - [MARUTI_NS] Inserted 204 rows (duplicates ignored)
2026-07-08 07:09:26,569 - INFO - Inserted 204 rows for MARUTI.NS
2026-07-08 07:09:26,943 - INFO - [SUNPHARMA_NS] Inserted 204 rows (duplicates ignored)
2026-07-08 07:09:26,943 - INFO - Inserted 204 rows for SUNPHARMA.NS
2026-07-08 07:09:27,164 - INFO - [WIPRO_NS] Inserted 204 rows (duplicates ignored)
2026-07-08 07:09:27,164 - INFO - Inserted 204 rows for WIPRO.NS
2026-07-08 07:09:27,730 - INFO - [POWERGRID_NS] Inserted 204 rows (duplicates ignored)
2026-07-08 07:09:27,730 - INFO - Inserted 204 rows for POWERGRID.NS
2026-07-08 07:09:27,953 - INFO - [NTPC_NS] Inserted 204 rows (duplicates ignored)
2026-07-08 07:09:27,954 - INFO - Inserted 204 rows for NTPC.NS
2026-07-08 07:09:28,181 - INFO - [ONGC_NS] Inserted 204 rows (duplicates ignored)
2026-07-08 07:09:28,181 - INFO - Inserted 204 rows for ONGC.NS
2026-07-08 07:09:28,188 - INFO - Cycle complete. README updated.
2026-07-08 23:37:43,574 - INFO - Starting data fetch cycle...
2026-07-08 23:37:43,947 - INFO - [RELIANCE_NS] Inserted 375 rows (duplicates ignored)
2026-07-08 23:37:43,947 - INFO - Inserted 375 rows for RELIANCE.NS
2026-07-08 23:37:44,124 - INFO - [HDFCBANK_NS] Inserted 375 rows (duplicates ignored)
2026-07-08 23:37:44,124 - INFO - Inserted 375 rows for HDFCBANK.NS
2026-07-08 23:37:44,297 - INFO - [ICICIBANK_NS] Inserted 375 rows (duplicates ignored)
2026-07-08 23:37:44,297 - INFO - Inserted 375 rows for ICICIBANK.NS
2026-07-08 23:37:44,462 - INFO - [INFY_NS] Inserted 375 rows (duplicates ignored)
2026-07-08 23:37:44,462 - INFO - Inserted 375 rows for INFY.NS
2026-07-08 23:37:44,628 - INFO - [TCS_NS] Inserted 375 rows (duplicates ignored)
2026-07-08 23:37:44,628 - INFO - Inserted 375 rows for TCS.NS
2026-07-08 23:37:44,886 - INFO - [ITC_NS] Inserted 375 rows (duplicates ignored)
2026-07-08 23:37:44,886 - INFO - Inserted 375 rows for ITC.NS
2026-07-08 23:37:45,057 - INFO - [HINDUNILVR_NS] Inserted 375 rows (duplicates ignored)
2026-07-08 23:37:45,057 - INFO - Inserted 375 rows for HINDUNILVR.NS
2026-07-08 23:37:45,232 - INFO - [SBIN_NS] Inserted 375 rows (duplicates ignored)
2026-07-08 23:37:45,232 - INFO - Inserted 375 rows for SBIN.NS
2026-07-08 23:37:45,395 - INFO - [BHARTIARTL_NS] Inserted 375 rows (duplicates ignored)
2026-07-08 23:37:45,396 - INFO - Inserted 375 rows for BHARTIARTL.NS
2026-07-08 23:37:45,564 - INFO - [KOTAKBANK_NS] Inserted 375 rows (duplicates ignored)
2026-07-08 23:37:45,565 - INFO - Inserted 375 rows for KOTAKBANK.NS
2026-07-08 23:37:45,712 - INFO - [LT_NS] Inserted 375 rows (duplicates ignored)
2026-07-08 23:37:45,712 - INFO - Inserted 375 rows for LT.NS
2026-07-08 23:37:45,879 - INFO - [AXISBANK_NS] Inserted 375 rows (duplicates ignored)
2026-07-08 23:37:45,879 - INFO - Inserted 375 rows for AXISBANK.NS
2026-07-08 23:37:46,081 - INFO - [BAJFINANCE_NS] Inserted 375 rows (duplicates ignored)
2026-07-08 23:37:46,081 - INFO - Inserted 375 rows for BAJFINANCE.NS
2026-07-08 23:37:46,257 - INFO - [ASIANPAINT_NS] Inserted 375 rows (duplicates ignored)
2026-07-08 23:37:46,258 - INFO - Inserted 375 rows for ASIANPAINT.NS
2026-07-08 23:37:46,412 - INFO - [MARUTI_NS] Inserted 375 rows (duplicates ignored)
2026-07-08 23:37:46,412 - INFO - Inserted 375 rows for MARUTI.NS
2026-07-08 23:37:46,617 - INFO - [SUNPHARMA_NS] Inserted 375 rows (duplicates ignored)
2026-07-08 23:37:46,617 - INFO - Inserted 375 rows for SUNPHARMA.NS
2026-07-08 23:37:46,782 - INFO - [WIPRO_NS] Inserted 375 rows (duplicates ignored)
2026-07-08 23:37:46,782 - INFO - Inserted 375 rows for WIPRO.NS
2026-07-08 23:37:46,932 - INFO - [POWERGRID_NS] Inserted 375 rows (duplicates ignored)
2026-07-08 23:37:46,932 - INFO - Inserted 375 rows for POWERGRID.NS
2026-07-08 23:37:47,120 - INFO - [NTPC_NS] Inserted 375 rows (duplicates ignored)
2026-07-08 23:37:47,120 - INFO - Inserted 375 rows for NTPC.NS
2026-07-08 23:37:47,302 - INFO - [ONGC_NS] Inserted 375 rows (duplicates ignored)
2026-07-08 23:37:47,302 - INFO - Inserted 375 rows for ONGC.NS
2026-07-08 23:37:47,314 - INFO - Cycle complete. README updated.
2026-07-09 01:15:15,009 - INFO - Starting data fetch cycle...
2026-07-09 01:15:15,840 - INFO - [RELIANCE_NS] Inserted 374 rows (duplicates ignored)
2026-07-09 01:15:15,840 - INFO - Inserted 374 rows for RELIANCE.NS
2026-07-09 01:15:16,172 - INFO - [HDFCBANK_NS] Inserted 374 rows (duplicates ignored)
2026-07-09 01:15:16,172 - INFO - Inserted 374 rows for HDFCBANK.NS
2026-07-09 01:15:16,396 - INFO - [ICICIBANK_NS] Inserted 374 rows (duplicates ignored)
2026-07-09 01:15:16,396 - INFO - Inserted 374 rows for ICICIBANK.NS
2026-07-09 01:15:16,640 - INFO - [INFY_NS] Inserted 374 rows (duplicates ignored)
2026-07-09 01:15:16,640 - INFO - Inserted 374 rows for INFY.NS
2026-07-09 01:15:16,872 - INFO - [TCS_NS] Inserted 374 rows (duplicates ignored)
2026-07-09 01:15:16,872 - INFO - Inserted 374 rows for TCS.NS
2026-07-09 01:15:17,116 - INFO - [ITC_NS] Inserted 374 rows (duplicates ignored)
2026-07-09 01:15:17,116 - INFO - Inserted 374 rows for ITC.NS
2026-07-09 01:15:17,349 - INFO - [HINDUNILVR_NS] Inserted 374 rows (duplicates ignored)
2026-07-09 01:15:17,349 - INFO - Inserted 374 rows for HINDUNILVR.NS
2026-07-09 01:15:17,662 - INFO - [SBIN_NS] Inserted 374 rows (duplicates ignored)
2026-07-09 01:15:17,662 - INFO - Inserted 374 rows for SBIN.NS
2026-07-09 01:15:18,025 - INFO - [BHARTIARTL_NS] Inserted 374 rows (duplicates ignored)
2026-07-09 01:15:18,025 - INFO - Inserted 374 rows for BHARTIARTL.NS
2026-07-09 01:15:18,379 - INFO - [KOTAKBANK_NS] Inserted 374 rows (duplicates ignored)
2026-07-09 01:15:18,379 - INFO - Inserted 374 rows for KOTAKBANK.NS
2026-07-09 01:15:18,781 - INFO - [LT_NS] Inserted 374 rows (duplicates ignored)
2026-07-09 01:15:18,781 - INFO - Inserted 374 rows for LT.NS
2026-07-09 01:15:19,012 - INFO - [AXISBANK_NS] Inserted 374 rows (duplicates ignored)
2026-07-09 01:15:19,012 - INFO - Inserted 374 rows for AXISBANK.NS
2026-07-09 01:15:19,265 - INFO - [BAJFINANCE_NS] Inserted 374 rows (duplicates ignored)
2026-07-09 01:15:19,265 - INFO - Inserted 374 rows for BAJFINANCE.NS
2026-07-09 01:15:19,489 - INFO - [ASIANPAINT_NS] Inserted 374 rows (duplicates ignored)
2026-07-09 01:15:19,489 - INFO - Inserted 374 rows for ASIANPAINT.NS
2026-07-09 01:15:19,721 - INFO - [MARUTI_NS] Inserted 374 rows (duplicates ignored)
2026-07-09 01:15:19,721 - INFO - Inserted 374 rows for MARUTI.NS
2026-07-09 01:15:19,957 - INFO - [SUNPHARMA_NS] Inserted 374 rows (duplicates ignored)
2026-07-09 01:15:19,957 - INFO - Inserted 374 rows for SUNPHARMA.NS
2026-07-09 01:15:20,253 - INFO - [WIPRO_NS] Inserted 374 rows (duplicates ignored)
2026-07-09 01:15:20,253 - INFO - Inserted 374 rows for WIPRO.NS
2026-07-09 01:15:20,931 - INFO - [POWERGRID_NS] Inserted 374 rows (duplicates ignored)
2026-07-09 01:15:20,931 - INFO - Inserted 374 rows for POWERGRID.NS
2026-07-09 01:15:21,185 - INFO - [NTPC_NS] Inserted 374 rows (duplicates ignored)
2026-07-09 01:15:21,186 - INFO - Inserted 374 rows for NTPC.NS
2026-07-09 01:15:21,428 - INFO - [ONGC_NS] Inserted 374 rows (duplicates ignored)
2026-07-09 01:15:21,428 - INFO - Inserted 374 rows for ONGC.NS
2026-07-09 01:15:21,438 - INFO - Cycle complete. README updated.
2026-07-09 05:13:48,449 - INFO - Starting data fetch cycle...
2026-07-09 05:13:48,769 - INFO - [RELIANCE_NS] Inserted 89 rows (duplicates ignored)
2026-07-09 05:13:48,770 - INFO - Inserted 89 rows for RELIANCE.NS
2026-07-09 05:13:48,964 - INFO - [HDFCBANK_NS] Inserted 89 rows (duplicates ignored)
2026-07-09 05:13:48,964 - INFO - Inserted 89 rows for HDFCBANK.NS
2026-07-09 05:13:49,103 - INFO - [ICICIBANK_NS] Inserted 89 rows (duplicates ignored)
2026-07-09 05:13:49,103 - INFO - Inserted 89 rows for ICICIBANK.NS
2026-07-09 05:13:49,249 - INFO - [INFY_NS] Inserted 89 rows (duplicates ignored)
2026-07-09 05:13:49,250 - INFO - Inserted 89 rows for INFY.NS
2026-07-09 05:13:49,409 - INFO - [TCS_NS] Inserted 89 rows (duplicates ignored)
2026-07-09 05:13:49,409 - INFO - Inserted 89 rows for TCS.NS
2026-07-09 05:13:49,555 - INFO - [ITC_NS] Inserted 89 rows (duplicates ignored)
2026-07-09 05:13:49,556 - INFO - Inserted 89 rows for ITC.NS
2026-07-09 05:13:49,705 - INFO - [HINDUNILVR_NS] Inserted 89 rows (duplicates ignored)
2026-07-09 05:13:49,705 - INFO - Inserted 89 rows for HINDUNILVR.NS
2026-07-09 05:13:49,845 - INFO - [SBIN_NS] Inserted 89 rows (duplicates ignored)
2026-07-09 05:13:49,845 - INFO - Inserted 89 rows for SBIN.NS
2026-07-09 05:13:49,974 - INFO - [BHARTIARTL_NS] Inserted 89 rows (duplicates ignored)
2026-07-09 05:13:49,974 - INFO - Inserted 89 rows for BHARTIARTL.NS
2026-07-09 05:13:50,114 - INFO - [KOTAKBANK_NS] Inserted 89 rows (duplicates ignored)
2026-07-09 05:13:50,114 - INFO - Inserted 89 rows for KOTAKBANK.NS
2026-07-09 05:13:50,259 - INFO - [LT_NS] Inserted 89 rows (duplicates ignored)
2026-07-09 05:13:50,259 - INFO - Inserted 89 rows for LT.NS
2026-07-09 05:13:50,413 - INFO - [AXISBANK_NS] Inserted 89 rows (duplicates ignored)
2026-07-09 05:13:50,413 - INFO - Inserted 89 rows for AXISBANK.NS
2026-07-09 05:13:50,582 - INFO - [BAJFINANCE_NS] Inserted 89 rows (duplicates ignored)
2026-07-09 05:13:50,582 - INFO - Inserted 89 rows for BAJFINANCE.NS
2026-07-09 05:13:50,745 - INFO - [ASIANPAINT_NS] Inserted 89 rows (duplicates ignored)
2026-07-09 05:13:50,746 - INFO - Inserted 89 rows for ASIANPAINT.NS
2026-07-09 05:13:50,883 - INFO - [MARUTI_NS] Inserted 89 rows (duplicates ignored)
2026-07-09 05:13:50,883 - INFO - Inserted 89 rows for MARUTI.NS
2026-07-09 05:13:51,334 - INFO - [SUNPHARMA_NS] Inserted 89 rows (duplicates ignored)
2026-07-09 05:13:51,334 - INFO - Inserted 89 rows for SUNPHARMA.NS
2026-07-09 05:13:51,485 - INFO - [WIPRO_NS] Inserted 89 rows (duplicates ignored)
2026-07-09 05:13:51,486 - INFO - Inserted 89 rows for WIPRO.NS
2026-07-09 05:13:51,619 - INFO - [POWERGRID_NS] Inserted 89 rows (duplicates ignored)
2026-07-09 05:13:51,619 - INFO - Inserted 89 rows for POWERGRID.NS
2026-07-09 05:13:51,853 - INFO - [NTPC_NS] Inserted 89 rows (duplicates ignored)
2026-07-09 05:13:51,853 - INFO - Inserted 89 rows for NTPC.NS
2026-07-09 05:13:52,009 - INFO - [ONGC_NS] Inserted 89 rows (duplicates ignored)
2026-07-09 05:13:52,009 - INFO - Inserted 89 rows for ONGC.NS
2026-07-09 05:13:52,024 - INFO - Cycle complete. README updated.
2026-07-09 08:47:25,296 - INFO - Starting data fetch cycle...
2026-07-09 08:47:26,011 - INFO - [RELIANCE_NS] Inserted 303 rows (duplicates ignored)
2026-07-09 08:47:26,011 - INFO - Inserted 303 rows for RELIANCE.NS
2026-07-09 08:47:26,313 - INFO - [HDFCBANK_NS] Inserted 303 rows (duplicates ignored)
2026-07-09 08:47:26,313 - INFO - Inserted 303 rows for HDFCBANK.NS
2026-07-09 08:47:26,691 - INFO - [ICICIBANK_NS] Inserted 303 rows (duplicates ignored)
2026-07-09 08:47:26,691 - INFO - Inserted 303 rows for ICICIBANK.NS
2026-07-09 08:47:27,117 - INFO - [INFY_NS] Inserted 303 rows (duplicates ignored)
2026-07-09 08:47:27,117 - INFO - Inserted 303 rows for INFY.NS
2026-07-09 08:47:27,458 - INFO - [TCS_NS] Inserted 303 rows (duplicates ignored)
2026-07-09 08:47:27,458 - INFO - Inserted 303 rows for TCS.NS
2026-07-09 08:47:27,977 - INFO - [ITC_NS] Inserted 303 rows (duplicates ignored)
2026-07-09 08:47:27,977 - INFO - Inserted 303 rows for ITC.NS
2026-07-09 08:47:28,348 - INFO - [HINDUNILVR_NS] Inserted 303 rows (duplicates ignored)
2026-07-09 08:47:28,348 - INFO - Inserted 303 rows for HINDUNILVR.NS
2026-07-09 08:47:28,719 - INFO - [SBIN_NS] Inserted 303 rows (duplicates ignored)
2026-07-09 08:47:28,720 - INFO - Inserted 303 rows for SBIN.NS
2026-07-09 08:47:29,059 - INFO - [BHARTIARTL_NS] Inserted 303 rows (duplicates ignored)
2026-07-09 08:47:29,059 - INFO - Inserted 303 rows for BHARTIARTL.NS
2026-07-09 08:47:29,353 - INFO - [KOTAKBANK_NS] Inserted 303 rows (duplicates ignored)
2026-07-09 08:47:29,353 - INFO - Inserted 303 rows for KOTAKBANK.NS
2026-07-09 08:47:29,766 - INFO - [LT_NS] Inserted 303 rows (duplicates ignored)
2026-07-09 08:47:29,767 - INFO - Inserted 303 rows for LT.NS
2026-07-09 08:47:30,156 - INFO - [AXISBANK_NS] Inserted 303 rows (duplicates ignored)
2026-07-09 08:47:30,156 - INFO - Inserted 303 rows for AXISBANK.NS
2026-07-09 08:47:30,439 - INFO - [BAJFINANCE_NS] Inserted 303 rows (duplicates ignored)
2026-07-09 08:47:30,439 - INFO - Inserted 303 rows for BAJFINANCE.NS
2026-07-09 08:47:30,817 - INFO - [ASIANPAINT_NS] Inserted 303 rows (duplicates ignored)
2026-07-09 08:47:30,817 - INFO - Inserted 303 rows for ASIANPAINT.NS
2026-07-09 08:47:31,140 - INFO - [MARUTI_NS] Inserted 303 rows (duplicates ignored)
2026-07-09 08:47:31,141 - INFO - Inserted 303 rows for MARUTI.NS
2026-07-09 08:47:31,482 - INFO - [SUNPHARMA_NS] Inserted 303 rows (duplicates ignored)
2026-07-09 08:47:31,482 - INFO - Inserted 303 rows for SUNPHARMA.NS
2026-07-09 08:47:31,815 - INFO - [WIPRO_NS] Inserted 303 rows (duplicates ignored)
2026-07-09 08:47:31,815 - INFO - Inserted 303 rows for WIPRO.NS
2026-07-09 08:47:32,073 - INFO - [POWERGRID_NS] Inserted 303 rows (duplicates ignored)
2026-07-09 08:47:32,074 - INFO - Inserted 303 rows for POWERGRID.NS
2026-07-09 08:47:32,379 - INFO - [NTPC_NS] Inserted 303 rows (duplicates ignored)
2026-07-09 08:47:32,379 - INFO - Inserted 303 rows for NTPC.NS
2026-07-09 08:47:32,799 - INFO - [ONGC_NS] Inserted 303 rows (duplicates ignored)
2026-07-09 08:47:32,799 - INFO - Inserted 303 rows for ONGC.NS
2026-07-09 08:47:32,811 - INFO - Cycle complete. README updated.
2026-07-09 23:46:37,893 - INFO - Starting data fetch cycle...
2026-07-09 23:46:38,307 - INFO - [RELIANCE_NS] Inserted 375 rows (duplicates ignored)
2026-07-09 23:46:38,308 - INFO - Inserted 375 rows for RELIANCE.NS
2026-07-09 23:46:38,599 - INFO - [HDFCBANK_NS] Inserted 375 rows (duplicates ignored)
2026-07-09 23:46:38,599 - INFO - Inserted 375 rows for HDFCBANK.NS
2026-07-09 23:46:38,857 - INFO - [ICICIBANK_NS] Inserted 375 rows (duplicates ignored)
2026-07-09 23:46:38,857 - INFO - Inserted 375 rows for ICICIBANK.NS
2026-07-09 23:46:39,106 - INFO - [INFY_NS] Inserted 375 rows (duplicates ignored)
2026-07-09 23:46:39,106 - INFO - Inserted 375 rows for INFY.NS
2026-07-09 23:46:39,283 - INFO - [TCS_NS] Inserted 375 rows (duplicates ignored)
2026-07-09 23:46:39,283 - INFO - Inserted 375 rows for TCS.NS
2026-07-09 23:46:39,539 - INFO - [ITC_NS] Inserted 375 rows (duplicates ignored)
2026-07-09 23:46:39,540 - INFO - Inserted 375 rows for ITC.NS
2026-07-09 23:46:39,684 - INFO - [HINDUNILVR_NS] Inserted 375 rows (duplicates ignored)
2026-07-09 23:46:39,684 - INFO - Inserted 375 rows for HINDUNILVR.NS
2026-07-09 23:46:39,863 - INFO - [SBIN_NS] Inserted 375 rows (duplicates ignored)
2026-07-09 23:46:39,863 - INFO - Inserted 375 rows for SBIN.NS
2026-07-09 23:46:39,999 - INFO - [BHARTIARTL_NS] Inserted 375 rows (duplicates ignored)
2026-07-09 23:46:39,999 - INFO - Inserted 375 rows for BHARTIARTL.NS
2026-07-09 23:46:40,190 - INFO - [KOTAKBANK_NS] Inserted 375 rows (duplicates ignored)
2026-07-09 23:46:40,190 - INFO - Inserted 375 rows for KOTAKBANK.NS
2026-07-09 23:46:40,325 - INFO - [LT_NS] Inserted 375 rows (duplicates ignored)
2026-07-09 23:46:40,325 - INFO - Inserted 375 rows for LT.NS
2026-07-09 23:46:40,482 - INFO - [AXISBANK_NS] Inserted 375 rows (duplicates ignored)
2026-07-09 23:46:40,482 - INFO - Inserted 375 rows for AXISBANK.NS
2026-07-09 23:46:40,731 - INFO - [BAJFINANCE_NS] Inserted 375 rows (duplicates ignored)
2026-07-09 23:46:40,731 - INFO - Inserted 375 rows for BAJFINANCE.NS
2026-07-09 23:46:40,897 - INFO - [ASIANPAINT_NS] Inserted 375 rows (duplicates ignored)
2026-07-09 23:46:40,898 - INFO - Inserted 375 rows for ASIANPAINT.NS
2026-07-09 23:46:41,157 - INFO - [MARUTI_NS] Inserted 375 rows (duplicates ignored)
2026-07-09 23:46:41,157 - INFO - Inserted 375 rows for MARUTI.NS
2026-07-09 23:46:41,504 - INFO - [SUNPHARMA_NS] Inserted 375 rows (duplicates ignored)
2026-07-09 23:46:41,504 - INFO - Inserted 375 rows for SUNPHARMA.NS
2026-07-09 23:46:41,782 - INFO - [WIPRO_NS] Inserted 375 rows (duplicates ignored)
2026-07-09 23:46:41,782 - INFO - Inserted 375 rows for WIPRO.NS
2026-07-09 23:46:42,003 - INFO - [POWERGRID_NS] Inserted 375 rows (duplicates ignored)
2026-07-09 23:46:42,003 - INFO - Inserted 375 rows for POWERGRID.NS
2026-07-09 23:46:42,330 - INFO - [NTPC_NS] Inserted 375 rows (duplicates ignored)
2026-07-09 23:46:42,330 - INFO - Inserted 375 rows for NTPC.NS
2026-07-09 23:46:42,622 - INFO - [ONGC_NS] Inserted 375 rows (duplicates ignored)
2026-07-09 23:46:42,623 - INFO - Inserted 375 rows for ONGC.NS
2026-07-09 23:46:42,635 - INFO - Cycle complete. README updated.
2026-07-10 01:19:03,593 - INFO - Starting data fetch cycle...
2026-07-10 01:19:03,855 - INFO - [RELIANCE_NS] Inserted 375 rows (duplicates ignored)
2026-07-10 01:19:03,855 - INFO - Inserted 375 rows for RELIANCE.NS
2026-07-10 01:19:04,035 - INFO - [HDFCBANK_NS] Inserted 375 rows (duplicates ignored)
2026-07-10 01:19:04,035 - INFO - Inserted 375 rows for HDFCBANK.NS
2026-07-10 01:19:04,172 - INFO - [ICICIBANK_NS] Inserted 375 rows (duplicates ignored)
2026-07-10 01:19:04,173 - INFO - Inserted 375 rows for ICICIBANK.NS
2026-07-10 01:19:04,379 - INFO - [INFY_NS] Inserted 375 rows (duplicates ignored)
2026-07-10 01:19:04,379 - INFO - Inserted 375 rows for INFY.NS
2026-07-10 01:19:04,534 - INFO - [TCS_NS] Inserted 375 rows (duplicates ignored)
2026-07-10 01:19:04,534 - INFO - Inserted 375 rows for TCS.NS
2026-07-10 01:19:04,688 - INFO - [ITC_NS] Inserted 375 rows (duplicates ignored)
2026-07-10 01:19:04,688 - INFO - Inserted 375 rows for ITC.NS
2026-07-10 01:19:04,903 - INFO - [HINDUNILVR_NS] Inserted 375 rows (duplicates ignored)
2026-07-10 01:19:04,903 - INFO - Inserted 375 rows for HINDUNILVR.NS
2026-07-10 01:19:05,051 - INFO - [SBIN_NS] Inserted 375 rows (duplicates ignored)
2026-07-10 01:19:05,051 - INFO - Inserted 375 rows for SBIN.NS
2026-07-10 01:19:05,192 - INFO - [BHARTIARTL_NS] Inserted 375 rows (duplicates ignored)
2026-07-10 01:19:05,192 - INFO - Inserted 375 rows for BHARTIARTL.NS
2026-07-10 01:19:05,349 - INFO - [KOTAKBANK_NS] Inserted 375 rows (duplicates ignored)
2026-07-10 01:19:05,349 - INFO - Inserted 375 rows for KOTAKBANK.NS
2026-07-10 01:19:05,507 - INFO - [LT_NS] Inserted 375 rows (duplicates ignored)
2026-07-10 01:19:05,508 - INFO - Inserted 375 rows for LT.NS
2026-07-10 01:19:05,663 - INFO - [AXISBANK_NS] Inserted 375 rows (duplicates ignored)
2026-07-10 01:19:05,663 - INFO - Inserted 375 rows for AXISBANK.NS
2026-07-10 01:19:05,864 - INFO - [BAJFINANCE_NS] Inserted 375 rows (duplicates ignored)
2026-07-10 01:19:05,864 - INFO - Inserted 375 rows for BAJFINANCE.NS
2026-07-10 01:19:06,025 - INFO - [ASIANPAINT_NS] Inserted 375 rows (duplicates ignored)
2026-07-10 01:19:06,025 - INFO - Inserted 375 rows for ASIANPAINT.NS
2026-07-10 01:19:06,173 - INFO - [MARUTI_NS] Inserted 375 rows (duplicates ignored)
2026-07-10 01:19:06,173 - INFO - Inserted 375 rows for MARUTI.NS
2026-07-10 01:19:06,331 - INFO - [SUNPHARMA_NS] Inserted 375 rows (duplicates ignored)
2026-07-10 01:19:06,331 - INFO - Inserted 375 rows for SUNPHARMA.NS
2026-07-10 01:19:06,546 - INFO - [WIPRO_NS] Inserted 375 rows (duplicates ignored)
2026-07-10 01:19:06,546 - INFO - Inserted 375 rows for WIPRO.NS
2026-07-10 01:19:06,693 - INFO - [POWERGRID_NS] Inserted 375 rows (duplicates ignored)
2026-07-10 01:19:06,693 - INFO - Inserted 375 rows for POWERGRID.NS
2026-07-10 01:19:06,842 - INFO - [NTPC_NS] Inserted 375 rows (duplicates ignored)
2026-07-10 01:19:06,842 - INFO - Inserted 375 rows for NTPC.NS
2026-07-10 01:19:07,031 - INFO - [ONGC_NS] Inserted 375 rows (duplicates ignored)
2026-07-10 01:19:07,031 - INFO - Inserted 375 rows for ONGC.NS
2026-07-10 01:19:07,045 - INFO - Cycle complete. README updated.
2026-07-10 05:12:50,191 - INFO - Starting data fetch cycle...
2026-07-10 05:12:50,459 - INFO - [RELIANCE_NS] Inserted 88 rows (duplicates ignored)
2026-07-10 05:12:50,459 - INFO - Inserted 88 rows for RELIANCE.NS
2026-07-10 05:12:50,610 - INFO - [HDFCBANK_NS] Inserted 88 rows (duplicates ignored)
2026-07-10 05:12:50,610 - INFO - Inserted 88 rows for HDFCBANK.NS
2026-07-10 05:12:50,758 - INFO - [ICICIBANK_NS] Inserted 88 rows (duplicates ignored)
2026-07-10 05:12:50,758 - INFO - Inserted 88 rows for ICICIBANK.NS
2026-07-10 05:12:50,895 - INFO - [INFY_NS] Inserted 88 rows (duplicates ignored)
2026-07-10 05:12:50,896 - INFO - Inserted 88 rows for INFY.NS
2026-07-10 05:12:51,038 - INFO - [TCS_NS] Inserted 88 rows (duplicates ignored)
2026-07-10 05:12:51,038 - INFO - Inserted 88 rows for TCS.NS
2026-07-10 05:12:51,177 - INFO - [ITC_NS] Inserted 88 rows (duplicates ignored)
2026-07-10 05:12:51,177 - INFO - Inserted 88 rows for ITC.NS
2026-07-10 05:12:51,333 - INFO - [HINDUNILVR_NS] Inserted 88 rows (duplicates ignored)
2026-07-10 05:12:51,334 - INFO - Inserted 88 rows for HINDUNILVR.NS
2026-07-10 05:12:51,495 - INFO - [SBIN_NS] Inserted 88 rows (duplicates ignored)
2026-07-10 05:12:51,495 - INFO - Inserted 88 rows for SBIN.NS
2026-07-10 05:12:51,636 - INFO - [BHARTIARTL_NS] Inserted 88 rows (duplicates ignored)
2026-07-10 05:12:51,636 - INFO - Inserted 88 rows for BHARTIARTL.NS
2026-07-10 05:12:51,784 - INFO - [KOTAKBANK_NS] Inserted 88 rows (duplicates ignored)
2026-07-10 05:12:51,784 - INFO - Inserted 88 rows for KOTAKBANK.NS
2026-07-10 05:12:51,913 - INFO - [LT_NS] Inserted 88 rows (duplicates ignored)
2026-07-10 05:12:51,913 - INFO - Inserted 88 rows for LT.NS
2026-07-10 05:12:52,062 - INFO - [AXISBANK_NS] Inserted 88 rows (duplicates ignored)
2026-07-10 05:12:52,062 - INFO - Inserted 88 rows for AXISBANK.NS
2026-07-10 05:12:52,204 - INFO - [BAJFINANCE_NS] Inserted 88 rows (duplicates ignored)
2026-07-10 05:12:52,204 - INFO - Inserted 88 rows for BAJFINANCE.NS
2026-07-10 05:12:52,391 - INFO - [ASIANPAINT_NS] Inserted 88 rows (duplicates ignored)
2026-07-10 05:12:52,391 - INFO - Inserted 88 rows for ASIANPAINT.NS
2026-07-10 05:12:52,518 - INFO - [MARUTI_NS] Inserted 88 rows (duplicates ignored)
2026-07-10 05:12:52,518 - INFO - Inserted 88 rows for MARUTI.NS
2026-07-10 05:12:52,728 - INFO - [SUNPHARMA_NS] Inserted 88 rows (duplicates ignored)
2026-07-10 05:12:52,729 - INFO - Inserted 88 rows for SUNPHARMA.NS
2026-07-10 05:12:52,885 - INFO - [WIPRO_NS] Inserted 88 rows (duplicates ignored)
2026-07-10 05:12:52,885 - INFO - Inserted 88 rows for WIPRO.NS
2026-07-10 05:12:53,020 - INFO - [POWERGRID_NS] Inserted 88 rows (duplicates ignored)
2026-07-10 05:12:53,020 - INFO - Inserted 88 rows for POWERGRID.NS
2026-07-10 05:12:53,159 - INFO - [NTPC_NS] Inserted 88 rows (duplicates ignored)
2026-07-10 05:12:53,159 - INFO - Inserted 88 rows for NTPC.NS
2026-07-10 05:12:53,329 - INFO - [ONGC_NS] Inserted 88 rows (duplicates ignored)
2026-07-10 05:12:53,329 - INFO - Inserted 88 rows for ONGC.NS
2026-07-10 05:12:53,344 - INFO - Cycle complete. README updated.
2026-07-10 08:43:59,141 - INFO - Starting data fetch cycle...
2026-07-10 08:43:59,879 - INFO - [RELIANCE_NS] Inserted 299 rows (duplicates ignored)
2026-07-10 08:43:59,879 - INFO - Inserted 299 rows for RELIANCE.NS
2026-07-10 08:44:00,192 - INFO - [HDFCBANK_NS] Inserted 299 rows (duplicates ignored)
2026-07-10 08:44:00,192 - INFO - Inserted 299 rows for HDFCBANK.NS
2026-07-10 08:44:00,534 - INFO - [ICICIBANK_NS] Inserted 299 rows (duplicates ignored)
2026-07-10 08:44:00,534 - INFO - Inserted 299 rows for ICICIBANK.NS
2026-07-10 08:44:00,858 - INFO - [INFY_NS] Inserted 299 rows (duplicates ignored)
2026-07-10 08:44:00,859 - INFO - Inserted 299 rows for INFY.NS
2026-07-10 08:44:01,155 - INFO - [TCS_NS] Inserted 299 rows (duplicates ignored)
2026-07-10 08:44:01,155 - INFO - Inserted 299 rows for TCS.NS
2026-07-10 08:44:01,455 - INFO - [ITC_NS] Inserted 299 rows (duplicates ignored)
2026-07-10 08:44:01,455 - INFO - Inserted 299 rows for ITC.NS
2026-07-10 08:44:01,736 - INFO - [HINDUNILVR_NS] Inserted 299 rows (duplicates ignored)
2026-07-10 08:44:01,736 - INFO - Inserted 299 rows for HINDUNILVR.NS
2026-07-10 08:44:02,011 - INFO - [SBIN_NS] Inserted 299 rows (duplicates ignored)
2026-07-10 08:44:02,011 - INFO - Inserted 299 rows for SBIN.NS
2026-07-10 08:44:02,323 - INFO - [BHARTIARTL_NS] Inserted 299 rows (duplicates ignored)
2026-07-10 08:44:02,323 - INFO - Inserted 299 rows for BHARTIARTL.NS
2026-07-10 08:44:02,646 - INFO - [KOTAKBANK_NS] Inserted 299 rows (duplicates ignored)
2026-07-10 08:44:02,646 - INFO - Inserted 299 rows for KOTAKBANK.NS
2026-07-10 08:44:02,951 - INFO - [LT_NS] Inserted 299 rows (duplicates ignored)
2026-07-10 08:44:02,951 - INFO - Inserted 299 rows for LT.NS
2026-07-10 08:44:03,248 - INFO - [AXISBANK_NS] Inserted 299 rows (duplicates ignored)
2026-07-10 08:44:03,248 - INFO - Inserted 299 rows for AXISBANK.NS
2026-07-10 08:44:03,554 - INFO - [BAJFINANCE_NS] Inserted 300 rows (duplicates ignored)
2026-07-10 08:44:03,554 - INFO - Inserted 300 rows for BAJFINANCE.NS
2026-07-10 08:44:03,924 - INFO - [ASIANPAINT_NS] Inserted 300 rows (duplicates ignored)
2026-07-10 08:44:03,924 - INFO - Inserted 300 rows for ASIANPAINT.NS
2026-07-10 08:44:04,230 - INFO - [MARUTI_NS] Inserted 299 rows (duplicates ignored)
2026-07-10 08:44:04,230 - INFO - Inserted 299 rows for MARUTI.NS
2026-07-10 08:44:04,540 - INFO - [SUNPHARMA_NS] Inserted 300 rows (duplicates ignored)
2026-07-10 08:44:04,541 - INFO - Inserted 300 rows for SUNPHARMA.NS
2026-07-10 08:44:04,821 - INFO - [WIPRO_NS] Inserted 300 rows (duplicates ignored)
2026-07-10 08:44:04,821 - INFO - Inserted 300 rows for WIPRO.NS
2026-07-10 08:44:05,160 - INFO - [POWERGRID_NS] Inserted 299 rows (duplicates ignored)
2026-07-10 08:44:05,160 - INFO - Inserted 299 rows for POWERGRID.NS
2026-07-10 08:44:05,485 - INFO - [NTPC_NS] Inserted 300 rows (duplicates ignored)
2026-07-10 08:44:05,485 - INFO - Inserted 300 rows for NTPC.NS
2026-07-10 08:44:05,802 - INFO - [ONGC_NS] Inserted 300 rows (duplicates ignored)
2026-07-10 08:44:05,802 - INFO - Inserted 300 rows for ONGC.NS
2026-07-10 08:44:05,817 - INFO - Cycle complete. README updated.
2026-07-12 23:27:54,065 - INFO - Starting data fetch cycle...
2026-07-12 23:27:54,521 - INFO - [RELIANCE_NS] Inserted 375 rows (duplicates ignored)
2026-07-12 23:27:54,522 - INFO - Inserted 375 rows for RELIANCE.NS
2026-07-12 23:27:54,676 - INFO - [HDFCBANK_NS] Inserted 375 rows (duplicates ignored)
2026-07-12 23:27:54,676 - INFO - Inserted 375 rows for HDFCBANK.NS
2026-07-12 23:27:54,826 - INFO - [ICICIBANK_NS] Inserted 375 rows (duplicates ignored)
2026-07-12 23:27:54,826 - INFO - Inserted 375 rows for ICICIBANK.NS
2026-07-12 23:27:55,011 - INFO - [INFY_NS] Inserted 375 rows (duplicates ignored)
2026-07-12 23:27:55,011 - INFO - Inserted 375 rows for INFY.NS
2026-07-12 23:27:55,170 - INFO - [TCS_NS] Inserted 375 rows (duplicates ignored)
2026-07-12 23:27:55,171 - INFO - Inserted 375 rows for TCS.NS
2026-07-12 23:27:55,341 - INFO - [ITC_NS] Inserted 375 rows (duplicates ignored)
2026-07-12 23:27:55,341 - INFO - Inserted 375 rows for ITC.NS
2026-07-12 23:27:55,515 - INFO - [HINDUNILVR_NS] Inserted 375 rows (duplicates ignored)
2026-07-12 23:27:55,515 - INFO - Inserted 375 rows for HINDUNILVR.NS
2026-07-12 23:27:55,672 - INFO - [SBIN_NS] Inserted 375 rows (duplicates ignored)
2026-07-12 23:27:55,672 - INFO - Inserted 375 rows for SBIN.NS
2026-07-12 23:27:55,812 - INFO - [BHARTIARTL_NS] Inserted 375 rows (duplicates ignored)
2026-07-12 23:27:55,813 - INFO - Inserted 375 rows for BHARTIARTL.NS
2026-07-12 23:27:55,954 - INFO - [KOTAKBANK_NS] Inserted 375 rows (duplicates ignored)
2026-07-12 23:27:55,954 - INFO - Inserted 375 rows for KOTAKBANK.NS
2026-07-12 23:27:56,102 - INFO - [LT_NS] Inserted 375 rows (duplicates ignored)
2026-07-12 23:27:56,102 - INFO - Inserted 375 rows for LT.NS
2026-07-12 23:27:56,292 - INFO - [AXISBANK_NS] Inserted 375 rows (duplicates ignored)
2026-07-12 23:27:56,292 - INFO - Inserted 375 rows for AXISBANK.NS
2026-07-12 23:27:56,443 - INFO - [BAJFINANCE_NS] Inserted 375 rows (duplicates ignored)
2026-07-12 23:27:56,443 - INFO - Inserted 375 rows for BAJFINANCE.NS
2026-07-12 23:27:56,595 - INFO - [ASIANPAINT_NS] Inserted 375 rows (duplicates ignored)
2026-07-12 23:27:56,595 - INFO - Inserted 375 rows for ASIANPAINT.NS
2026-07-12 23:27:56,731 - INFO - [MARUTI_NS] Inserted 375 rows (duplicates ignored)
2026-07-12 23:27:56,731 - INFO - Inserted 375 rows for MARUTI.NS
2026-07-12 23:27:56,923 - INFO - [SUNPHARMA_NS] Inserted 375 rows (duplicates ignored)
2026-07-12 23:27:56,923 - INFO - Inserted 375 rows for SUNPHARMA.NS
2026-07-12 23:27:57,072 - INFO - [WIPRO_NS] Inserted 375 rows (duplicates ignored)
2026-07-12 23:27:57,073 - INFO - Inserted 375 rows for WIPRO.NS
2026-07-12 23:27:57,220 - INFO - [POWERGRID_NS] Inserted 375 rows (duplicates ignored)
2026-07-12 23:27:57,220 - INFO - Inserted 375 rows for POWERGRID.NS
2026-07-12 23:27:57,400 - INFO - [NTPC_NS] Inserted 375 rows (duplicates ignored)
2026-07-12 23:27:57,400 - INFO - Inserted 375 rows for NTPC.NS
2026-07-12 23:27:57,563 - INFO - [ONGC_NS] Inserted 375 rows (duplicates ignored)
2026-07-12 23:27:57,563 - INFO - Inserted 375 rows for ONGC.NS
2026-07-12 23:27:57,576 - INFO - Cycle complete. README updated.
2026-07-13 01:07:53,399 - INFO - Starting data fetch cycle...
2026-07-13 01:07:53,969 - INFO - [RELIANCE_NS] Inserted 375 rows (duplicates ignored)
2026-07-13 01:07:53,969 - INFO - Inserted 375 rows for RELIANCE.NS
2026-07-13 01:07:54,244 - INFO - [HDFCBANK_NS] Inserted 375 rows (duplicates ignored)
2026-07-13 01:07:54,245 - INFO - Inserted 375 rows for HDFCBANK.NS
2026-07-13 01:07:54,506 - INFO - [ICICIBANK_NS] Inserted 375 rows (duplicates ignored)
2026-07-13 01:07:54,506 - INFO - Inserted 375 rows for ICICIBANK.NS
2026-07-13 01:07:54,701 - INFO - [INFY_NS] Inserted 375 rows (duplicates ignored)
2026-07-13 01:07:54,701 - INFO - Inserted 375 rows for INFY.NS
2026-07-13 01:07:54,879 - INFO - [TCS_NS] Inserted 375 rows (duplicates ignored)
2026-07-13 01:07:54,880 - INFO - Inserted 375 rows for TCS.NS
2026-07-13 01:07:55,195 - INFO - [ITC_NS] Inserted 375 rows (duplicates ignored)
2026-07-13 01:07:55,195 - INFO - Inserted 375 rows for ITC.NS
2026-07-13 01:07:55,474 - INFO - [HINDUNILVR_NS] Inserted 375 rows (duplicates ignored)
2026-07-13 01:07:55,474 - INFO - Inserted 375 rows for HINDUNILVR.NS
2026-07-13 01:07:55,822 - INFO - [SBIN_NS] Inserted 375 rows (duplicates ignored)
2026-07-13 01:07:55,822 - INFO - Inserted 375 rows for SBIN.NS
2026-07-13 01:07:56,171 - INFO - [BHARTIARTL_NS] Inserted 375 rows (duplicates ignored)
2026-07-13 01:07:56,171 - INFO - Inserted 375 rows for BHARTIARTL.NS
2026-07-13 01:07:56,452 - INFO - [KOTAKBANK_NS] Inserted 375 rows (duplicates ignored)
2026-07-13 01:07:56,452 - INFO - Inserted 375 rows for KOTAKBANK.NS
2026-07-13 01:07:56,746 - INFO - [LT_NS] Inserted 375 rows (duplicates ignored)
2026-07-13 01:07:56,747 - INFO - Inserted 375 rows for LT.NS
2026-07-13 01:07:57,038 - INFO - [AXISBANK_NS] Inserted 375 rows (duplicates ignored)
2026-07-13 01:07:57,038 - INFO - Inserted 375 rows for AXISBANK.NS
2026-07-13 01:07:57,306 - INFO - [BAJFINANCE_NS] Inserted 375 rows (duplicates ignored)
2026-07-13 01:07:57,306 - INFO - Inserted 375 rows for BAJFINANCE.NS
2026-07-13 01:07:57,551 - INFO - [ASIANPAINT_NS] Inserted 375 rows (duplicates ignored)
2026-07-13 01:07:57,551 - INFO - Inserted 375 rows for ASIANPAINT.NS
2026-07-13 01:07:57,807 - INFO - [MARUTI_NS] Inserted 375 rows (duplicates ignored)
2026-07-13 01:07:57,807 - INFO - Inserted 375 rows for MARUTI.NS
2026-07-13 01:07:58,153 - INFO - [SUNPHARMA_NS] Inserted 375 rows (duplicates ignored)
2026-07-13 01:07:58,153 - INFO - Inserted 375 rows for SUNPHARMA.NS
2026-07-13 01:07:58,554 - INFO - [WIPRO_NS] Inserted 375 rows (duplicates ignored)
2026-07-13 01:07:58,554 - INFO - Inserted 375 rows for WIPRO.NS
2026-07-13 01:07:58,745 - INFO - [POWERGRID_NS] Inserted 375 rows (duplicates ignored)
2026-07-13 01:07:58,745 - INFO - Inserted 375 rows for POWERGRID.NS
2026-07-13 01:07:59,020 - INFO - [NTPC_NS] Inserted 375 rows (duplicates ignored)
2026-07-13 01:07:59,020 - INFO - Inserted 375 rows for NTPC.NS
2026-07-13 01:07:59,330 - INFO - [ONGC_NS] Inserted 375 rows (duplicates ignored)
2026-07-13 01:07:59,331 - INFO - Inserted 375 rows for ONGC.NS
2026-07-13 01:07:59,342 - INFO - Cycle complete. README updated.
2026-07-13 04:45:31,414 - INFO - Starting data fetch cycle...
2026-07-13 04:45:31,765 - INFO - [RELIANCE_NS] Inserted 61 rows (duplicates ignored)
2026-07-13 04:45:31,765 - INFO - Inserted 61 rows for RELIANCE.NS
2026-07-13 04:45:31,940 - INFO - [HDFCBANK_NS] Inserted 61 rows (duplicates ignored)
2026-07-13 04:45:31,940 - INFO - Inserted 61 rows for HDFCBANK.NS
2026-07-13 04:45:32,089 - INFO - [ICICIBANK_NS] Inserted 61 rows (duplicates ignored)
2026-07-13 04:45:32,089 - INFO - Inserted 61 rows for ICICIBANK.NS
2026-07-13 04:45:32,234 - INFO - [INFY_NS] Inserted 61 rows (duplicates ignored)
2026-07-13 04:45:32,234 - INFO - Inserted 61 rows for INFY.NS
2026-07-13 04:45:32,371 - INFO - [TCS_NS] Inserted 61 rows (duplicates ignored)
2026-07-13 04:45:32,371 - INFO - Inserted 61 rows for TCS.NS
2026-07-13 04:45:32,516 - INFO - [ITC_NS] Inserted 61 rows (duplicates ignored)
2026-07-13 04:45:32,516 - INFO - Inserted 61 rows for ITC.NS
2026-07-13 04:45:32,674 - INFO - [HINDUNILVR_NS] Inserted 61 rows (duplicates ignored)
2026-07-13 04:45:32,674 - INFO - Inserted 61 rows for HINDUNILVR.NS
2026-07-13 04:45:32,822 - INFO - [SBIN_NS] Inserted 61 rows (duplicates ignored)
2026-07-13 04:45:32,822 - INFO - Inserted 61 rows for SBIN.NS
2026-07-13 04:45:32,943 - INFO - [BHARTIARTL_NS] Inserted 61 rows (duplicates ignored)
2026-07-13 04:45:32,943 - INFO - Inserted 61 rows for BHARTIARTL.NS
2026-07-13 04:45:33,096 - INFO - [KOTAKBANK_NS] Inserted 61 rows (duplicates ignored)
2026-07-13 04:45:33,096 - INFO - Inserted 61 rows for KOTAKBANK.NS
2026-07-13 04:45:33,244 - INFO - [LT_NS] Inserted 61 rows (duplicates ignored)
2026-07-13 04:45:33,244 - INFO - Inserted 61 rows for LT.NS
2026-07-13 04:45:33,380 - INFO - [AXISBANK_NS] Inserted 61 rows (duplicates ignored)
2026-07-13 04:45:33,380 - INFO - Inserted 61 rows for AXISBANK.NS
2026-07-13 04:45:33,517 - INFO - [BAJFINANCE_NS] Inserted 61 rows (duplicates ignored)
2026-07-13 04:45:33,517 - INFO - Inserted 61 rows for BAJFINANCE.NS
2026-07-13 04:45:33,662 - INFO - [ASIANPAINT_NS] Inserted 61 rows (duplicates ignored)
2026-07-13 04:45:33,662 - INFO - Inserted 61 rows for ASIANPAINT.NS
2026-07-13 04:45:33,813 - INFO - [MARUTI_NS] Inserted 61 rows (duplicates ignored)
2026-07-13 04:45:33,813 - INFO - Inserted 61 rows for MARUTI.NS
2026-07-13 04:45:33,951 - INFO - [SUNPHARMA_NS] Inserted 61 rows (duplicates ignored)
2026-07-13 04:45:33,951 - INFO - Inserted 61 rows for SUNPHARMA.NS
2026-07-13 04:45:34,096 - INFO - [WIPRO_NS] Inserted 61 rows (duplicates ignored)
2026-07-13 04:45:34,096 - INFO - Inserted 61 rows for WIPRO.NS
2026-07-13 04:45:34,232 - INFO - [POWERGRID_NS] Inserted 61 rows (duplicates ignored)
2026-07-13 04:45:34,232 - INFO - Inserted 61 rows for POWERGRID.NS
2026-07-13 04:45:34,359 - INFO - [NTPC_NS] Inserted 61 rows (duplicates ignored)
2026-07-13 04:45:34,359 - INFO - Inserted 61 rows for NTPC.NS
2026-07-13 04:45:34,524 - INFO - [ONGC_NS] Inserted 61 rows (duplicates ignored)
2026-07-13 04:45:34,524 - INFO - Inserted 61 rows for ONGC.NS
2026-07-13 04:45:34,536 - INFO - Cycle complete. README updated.
2026-07-13 07:57:46,458 - INFO - Starting data fetch cycle...
2026-07-13 07:57:47,217 - INFO - [RELIANCE_NS] Inserted 253 rows (duplicates ignored)
2026-07-13 07:57:47,217 - INFO - Inserted 253 rows for RELIANCE.NS
2026-07-13 07:57:47,616 - INFO - [HDFCBANK_NS] Inserted 253 rows (duplicates ignored)
2026-07-13 07:57:47,616 - INFO - Inserted 253 rows for HDFCBANK.NS
2026-07-13 07:57:48,007 - INFO - [ICICIBANK_NS] Inserted 253 rows (duplicates ignored)
2026-07-13 07:57:48,007 - INFO - Inserted 253 rows for ICICIBANK.NS
2026-07-13 07:57:48,344 - INFO - [INFY_NS] Inserted 253 rows (duplicates ignored)
2026-07-13 07:57:48,344 - INFO - Inserted 253 rows for INFY.NS
2026-07-13 07:57:48,667 - INFO - [TCS_NS] Inserted 253 rows (duplicates ignored)
2026-07-13 07:57:48,668 - INFO - Inserted 253 rows for TCS.NS
2026-07-13 07:57:49,033 - INFO - [ITC_NS] Inserted 253 rows (duplicates ignored)
2026-07-13 07:57:49,033 - INFO - Inserted 253 rows for ITC.NS
2026-07-13 07:57:49,384 - INFO - [HINDUNILVR_NS] Inserted 253 rows (duplicates ignored)
2026-07-13 07:57:49,384 - INFO - Inserted 253 rows for HINDUNILVR.NS
2026-07-13 07:57:49,757 - INFO - [SBIN_NS] Inserted 253 rows (duplicates ignored)
2026-07-13 07:57:49,757 - INFO - Inserted 253 rows for SBIN.NS
2026-07-13 07:57:50,139 - INFO - [BHARTIARTL_NS] Inserted 253 rows (duplicates ignored)
2026-07-13 07:57:50,139 - INFO - Inserted 253 rows for BHARTIARTL.NS
2026-07-13 07:57:50,493 - INFO - [KOTAKBANK_NS] Inserted 253 rows (duplicates ignored)
2026-07-13 07:57:50,493 - INFO - Inserted 253 rows for KOTAKBANK.NS
2026-07-13 07:57:50,836 - INFO - [LT_NS] Inserted 253 rows (duplicates ignored)
2026-07-13 07:57:50,837 - INFO - Inserted 253 rows for LT.NS
2026-07-13 07:57:51,145 - INFO - [AXISBANK_NS] Inserted 253 rows (duplicates ignored)
2026-07-13 07:57:51,145 - INFO - Inserted 253 rows for AXISBANK.NS
2026-07-13 07:57:51,519 - INFO - [BAJFINANCE_NS] Inserted 253 rows (duplicates ignored)
2026-07-13 07:57:51,519 - INFO - Inserted 253 rows for BAJFINANCE.NS
2026-07-13 07:57:51,864 - INFO - [ASIANPAINT_NS] Inserted 253 rows (duplicates ignored)
2026-07-13 07:57:51,864 - INFO - Inserted 253 rows for ASIANPAINT.NS
2026-07-13 07:57:52,156 - INFO - [MARUTI_NS] Inserted 253 rows (duplicates ignored)
2026-07-13 07:57:52,156 - INFO - Inserted 253 rows for MARUTI.NS
2026-07-13 07:57:52,483 - INFO - [SUNPHARMA_NS] Inserted 253 rows (duplicates ignored)
2026-07-13 07:57:52,483 - INFO - Inserted 253 rows for SUNPHARMA.NS
2026-07-13 07:57:52,857 - INFO - [WIPRO_NS] Inserted 253 rows (duplicates ignored)
2026-07-13 07:57:52,857 - INFO - Inserted 253 rows for WIPRO.NS
2026-07-13 07:57:53,218 - INFO - [POWERGRID_NS] Inserted 253 rows (duplicates ignored)
2026-07-13 07:57:53,218 - INFO - Inserted 253 rows for POWERGRID.NS
2026-07-13 07:57:53,594 - INFO - [NTPC_NS] Inserted 253 rows (duplicates ignored)
2026-07-13 07:57:53,594 - INFO - Inserted 253 rows for NTPC.NS
2026-07-13 07:57:53,958 - INFO - [ONGC_NS] Inserted 253 rows (duplicates ignored)
2026-07-13 07:57:53,958 - INFO - Inserted 253 rows for ONGC.NS
2026-07-13 07:57:53,972 - INFO - Cycle complete. README updated.
2026-07-13 23:27:08,031 - INFO - Starting data fetch cycle...
2026-07-13 23:27:08,455 - INFO - [RELIANCE_NS] Inserted 374 rows (duplicates ignored)
2026-07-13 23:27:08,455 - INFO - Inserted 374 rows for RELIANCE.NS
2026-07-13 23:27:08,644 - INFO - [HDFCBANK_NS] Inserted 374 rows (duplicates ignored)
2026-07-13 23:27:08,644 - INFO - Inserted 374 rows for HDFCBANK.NS
2026-07-13 23:27:08,814 - INFO - [ICICIBANK_NS] Inserted 374 rows (duplicates ignored)
2026-07-13 23:27:08,814 - INFO - Inserted 374 rows for ICICIBANK.NS
2026-07-13 23:27:08,987 - INFO - [INFY_NS] Inserted 374 rows (duplicates ignored)
2026-07-13 23:27:08,988 - INFO - Inserted 374 rows for INFY.NS
2026-07-13 23:27:09,148 - INFO - [TCS_NS] Inserted 374 rows (duplicates ignored)
2026-07-13 23:27:09,148 - INFO - Inserted 374 rows for TCS.NS
2026-07-13 23:27:09,364 - INFO - [ITC_NS] Inserted 374 rows (duplicates ignored)
2026-07-13 23:27:09,364 - INFO - Inserted 374 rows for ITC.NS
2026-07-13 23:27:09,538 - INFO - [HINDUNILVR_NS] Inserted 374 rows (duplicates ignored)
2026-07-13 23:27:09,538 - INFO - Inserted 374 rows for HINDUNILVR.NS
2026-07-13 23:27:09,710 - INFO - [SBIN_NS] Inserted 374 rows (duplicates ignored)
2026-07-13 23:27:09,710 - INFO - Inserted 374 rows for SBIN.NS
2026-07-13 23:27:09,874 - INFO - [BHARTIARTL_NS] Inserted 374 rows (duplicates ignored)
2026-07-13 23:27:09,875 - INFO - Inserted 374 rows for BHARTIARTL.NS
2026-07-13 23:27:10,046 - INFO - [KOTAKBANK_NS] Inserted 374 rows (duplicates ignored)
2026-07-13 23:27:10,046 - INFO - Inserted 374 rows for KOTAKBANK.NS
2026-07-13 23:27:10,210 - INFO - [LT_NS] Inserted 374 rows (duplicates ignored)
2026-07-13 23:27:10,210 - INFO - Inserted 374 rows for LT.NS
2026-07-13 23:27:10,384 - INFO - [AXISBANK_NS] Inserted 374 rows (duplicates ignored)
2026-07-13 23:27:10,384 - INFO - Inserted 374 rows for AXISBANK.NS
2026-07-13 23:27:10,575 - INFO - [BAJFINANCE_NS] Inserted 374 rows (duplicates ignored)
2026-07-13 23:27:10,576 - INFO - Inserted 374 rows for BAJFINANCE.NS
2026-07-13 23:27:10,745 - INFO - [ASIANPAINT_NS] Inserted 374 rows (duplicates ignored)
2026-07-13 23:27:10,746 - INFO - Inserted 374 rows for ASIANPAINT.NS
2026-07-13 23:27:10,919 - INFO - [MARUTI_NS] Inserted 374 rows (duplicates ignored)
2026-07-13 23:27:10,920 - INFO - Inserted 374 rows for MARUTI.NS
2026-07-13 23:27:11,094 - INFO - [SUNPHARMA_NS] Inserted 374 rows (duplicates ignored)
2026-07-13 23:27:11,094 - INFO - Inserted 374 rows for SUNPHARMA.NS
2026-07-13 23:27:11,289 - INFO - [WIPRO_NS] Inserted 374 rows (duplicates ignored)
2026-07-13 23:27:11,289 - INFO - Inserted 374 rows for WIPRO.NS
2026-07-13 23:27:11,450 - INFO - [POWERGRID_NS] Inserted 374 rows (duplicates ignored)
2026-07-13 23:27:11,450 - INFO - Inserted 374 rows for POWERGRID.NS
2026-07-13 23:27:11,600 - INFO - [NTPC_NS] Inserted 374 rows (duplicates ignored)
2026-07-13 23:27:11,601 - INFO - Inserted 374 rows for NTPC.NS
2026-07-13 23:27:11,771 - INFO - [ONGC_NS] Inserted 374 rows (duplicates ignored)
2026-07-13 23:27:11,771 - INFO - Inserted 374 rows for ONGC.NS
2026-07-13 23:27:11,786 - INFO - Cycle complete. README updated.
2026-07-14 00:55:33,191 - INFO - Starting data fetch cycle...
2026-07-14 00:55:33,776 - INFO - [RELIANCE_NS] Inserted 374 rows (duplicates ignored)
2026-07-14 00:55:33,776 - INFO - Inserted 374 rows for RELIANCE.NS
2026-07-14 00:55:34,020 - INFO - [HDFCBANK_NS] Inserted 374 rows (duplicates ignored)
2026-07-14 00:55:34,021 - INFO - Inserted 374 rows for HDFCBANK.NS
2026-07-14 00:55:34,261 - INFO - [ICICIBANK_NS] Inserted 374 rows (duplicates ignored)
2026-07-14 00:55:34,261 - INFO - Inserted 374 rows for ICICIBANK.NS
2026-07-14 00:55:34,510 - INFO - [INFY_NS] Inserted 374 rows (duplicates ignored)
2026-07-14 00:55:34,510 - INFO - Inserted 374 rows for INFY.NS
2026-07-14 00:55:34,795 - INFO - [TCS_NS] Inserted 374 rows (duplicates ignored)
2026-07-14 00:55:34,795 - INFO - Inserted 374 rows for TCS.NS
2026-07-14 00:55:35,039 - INFO - [ITC_NS] Inserted 374 rows (duplicates ignored)
2026-07-14 00:55:35,040 - INFO - Inserted 374 rows for ITC.NS
2026-07-14 00:55:35,286 - INFO - [HINDUNILVR_NS] Inserted 374 rows (duplicates ignored)
2026-07-14 00:55:35,286 - INFO - Inserted 374 rows for HINDUNILVR.NS
2026-07-14 00:55:35,530 - INFO - [SBIN_NS] Inserted 374 rows (duplicates ignored)
2026-07-14 00:55:35,530 - INFO - Inserted 374 rows for SBIN.NS
2026-07-14 00:55:35,747 - INFO - [BHARTIARTL_NS] Inserted 374 rows (duplicates ignored)
2026-07-14 00:55:35,747 - INFO - Inserted 374 rows for BHARTIARTL.NS
2026-07-14 00:55:35,991 - INFO - [KOTAKBANK_NS] Inserted 374 rows (duplicates ignored)
2026-07-14 00:55:35,991 - INFO - Inserted 374 rows for KOTAKBANK.NS
2026-07-14 00:55:36,250 - INFO - [LT_NS] Inserted 374 rows (duplicates ignored)
2026-07-14 00:55:36,250 - INFO - Inserted 374 rows for LT.NS
2026-07-14 00:55:36,534 - INFO - [AXISBANK_NS] Inserted 374 rows (duplicates ignored)
2026-07-14 00:55:36,534 - INFO - Inserted 374 rows for AXISBANK.NS
2026-07-14 00:55:36,762 - INFO - [BAJFINANCE_NS] Inserted 374 rows (duplicates ignored)
2026-07-14 00:55:36,762 - INFO - Inserted 374 rows for BAJFINANCE.NS
2026-07-14 00:55:37,091 - INFO - [ASIANPAINT_NS] Inserted 374 rows (duplicates ignored)
2026-07-14 00:55:37,091 - INFO - Inserted 374 rows for ASIANPAINT.NS
2026-07-14 00:55:37,320 - INFO - [MARUTI_NS] Inserted 374 rows (duplicates ignored)
2026-07-14 00:55:37,321 - INFO - Inserted 374 rows for MARUTI.NS
2026-07-14 00:55:37,913 - INFO - [SUNPHARMA_NS] Inserted 374 rows (duplicates ignored)
2026-07-14 00:55:37,913 - INFO - Inserted 374 rows for SUNPHARMA.NS
2026-07-14 00:55:38,149 - INFO - [WIPRO_NS] Inserted 374 rows (duplicates ignored)
2026-07-14 00:55:38,149 - INFO - Inserted 374 rows for WIPRO.NS
2026-07-14 00:55:38,365 - INFO - [POWERGRID_NS] Inserted 374 rows (duplicates ignored)
2026-07-14 00:55:38,366 - INFO - Inserted 374 rows for POWERGRID.NS
2026-07-14 00:55:38,668 - INFO - [NTPC_NS] Inserted 374 rows (duplicates ignored)
2026-07-14 00:55:38,668 - INFO - Inserted 374 rows for NTPC.NS
2026-07-14 00:55:38,914 - INFO - [ONGC_NS] Inserted 374 rows (duplicates ignored)
2026-07-14 00:55:38,914 - INFO - Inserted 374 rows for ONGC.NS
2026-07-14 00:55:38,926 - INFO - Cycle complete. README updated.
2026-07-14 04:05:37,515 - INFO - Starting data fetch cycle...
2026-07-14 04:05:37,849 - INFO - [RELIANCE_NS] Inserted 21 rows (duplicates ignored)
2026-07-14 04:05:37,849 - INFO - Inserted 21 rows for RELIANCE.NS
2026-07-14 04:05:38,020 - INFO - [HDFCBANK_NS] Inserted 21 rows (duplicates ignored)
2026-07-14 04:05:38,020 - INFO - Inserted 21 rows for HDFCBANK.NS
2026-07-14 04:05:38,183 - INFO - [ICICIBANK_NS] Inserted 21 rows (duplicates ignored)
2026-07-14 04:05:38,183 - INFO - Inserted 21 rows for ICICIBANK.NS
2026-07-14 04:05:38,350 - INFO - [INFY_NS] Inserted 21 rows (duplicates ignored)
2026-07-14 04:05:38,351 - INFO - Inserted 21 rows for INFY.NS
2026-07-14 04:05:38,506 - INFO - [TCS_NS] Inserted 21 rows (duplicates ignored)
2026-07-14 04:05:38,506 - INFO - Inserted 21 rows for TCS.NS
2026-07-14 04:05:38,685 - INFO - [ITC_NS] Inserted 21 rows (duplicates ignored)
2026-07-14 04:05:38,685 - INFO - Inserted 21 rows for ITC.NS
2026-07-14 04:05:38,873 - INFO - [HINDUNILVR_NS] Inserted 21 rows (duplicates ignored)
2026-07-14 04:05:38,873 - INFO - Inserted 21 rows for HINDUNILVR.NS
2026-07-14 04:05:39,059 - INFO - [SBIN_NS] Inserted 21 rows (duplicates ignored)
2026-07-14 04:05:39,059 - INFO - Inserted 21 rows for SBIN.NS
2026-07-14 04:05:39,223 - INFO - [BHARTIARTL_NS] Inserted 21 rows (duplicates ignored)
2026-07-14 04:05:39,223 - INFO - Inserted 21 rows for BHARTIARTL.NS
2026-07-14 04:05:39,382 - INFO - [KOTAKBANK_NS] Inserted 21 rows (duplicates ignored)
2026-07-14 04:05:39,382 - INFO - Inserted 21 rows for KOTAKBANK.NS
2026-07-14 04:05:39,552 - INFO - [LT_NS] Inserted 21 rows (duplicates ignored)
2026-07-14 04:05:39,552 - INFO - Inserted 21 rows for LT.NS
2026-07-14 04:05:39,743 - INFO - [AXISBANK_NS] Inserted 21 rows (duplicates ignored)
2026-07-14 04:05:39,743 - INFO - Inserted 21 rows for AXISBANK.NS
2026-07-14 04:05:39,932 - INFO - [BAJFINANCE_NS] Inserted 21 rows (duplicates ignored)
2026-07-14 04:05:39,932 - INFO - Inserted 21 rows for BAJFINANCE.NS
2026-07-14 04:05:40,094 - INFO - [ASIANPAINT_NS] Inserted 21 rows (duplicates ignored)
2026-07-14 04:05:40,094 - INFO - Inserted 21 rows for ASIANPAINT.NS
2026-07-14 04:05:40,251 - INFO - [MARUTI_NS] Inserted 21 rows (duplicates ignored)
2026-07-14 04:05:40,251 - INFO - Inserted 21 rows for MARUTI.NS
2026-07-14 04:05:40,420 - INFO - [SUNPHARMA_NS] Inserted 21 rows (duplicates ignored)
2026-07-14 04:05:40,420 - INFO - Inserted 21 rows for SUNPHARMA.NS
2026-07-14 04:05:40,590 - INFO - [WIPRO_NS] Inserted 21 rows (duplicates ignored)
2026-07-14 04:05:40,590 - INFO - Inserted 21 rows for WIPRO.NS
2026-07-14 04:05:40,742 - INFO - [POWERGRID_NS] Inserted 21 rows (duplicates ignored)
2026-07-14 04:05:40,743 - INFO - Inserted 21 rows for POWERGRID.NS
2026-07-14 04:05:40,903 - INFO - [NTPC_NS] Inserted 21 rows (duplicates ignored)
2026-07-14 04:05:40,904 - INFO - Inserted 21 rows for NTPC.NS
2026-07-14 04:05:41,067 - INFO - [ONGC_NS] Inserted 21 rows (duplicates ignored)
2026-07-14 04:05:41,067 - INFO - Inserted 21 rows for ONGC.NS
2026-07-14 04:05:41,082 - INFO - Cycle complete. README updated.
2026-07-14 06:22:33,131 - INFO - Starting data fetch cycle...
2026-07-14 06:22:33,747 - INFO - [RELIANCE_NS] Inserted 158 rows (duplicates ignored)
2026-07-14 06:22:33,747 - INFO - Inserted 158 rows for RELIANCE.NS
2026-07-14 06:22:33,982 - INFO - [HDFCBANK_NS] Inserted 158 rows (duplicates ignored)
2026-07-14 06:22:33,982 - INFO - Inserted 158 rows for HDFCBANK.NS
2026-07-14 06:22:34,224 - INFO - [ICICIBANK_NS] Inserted 158 rows (duplicates ignored)
2026-07-14 06:22:34,224 - INFO - Inserted 158 rows for ICICIBANK.NS
2026-07-14 06:22:34,465 - INFO - [INFY_NS] Inserted 158 rows (duplicates ignored)
2026-07-14 06:22:34,465 - INFO - Inserted 158 rows for INFY.NS
2026-07-14 06:22:34,748 - INFO - [TCS_NS] Inserted 158 rows (duplicates ignored)
2026-07-14 06:22:34,748 - INFO - Inserted 158 rows for TCS.NS
2026-07-14 06:22:35,003 - INFO - [ITC_NS] Inserted 158 rows (duplicates ignored)
2026-07-14 06:22:35,003 - INFO - Inserted 158 rows for ITC.NS
2026-07-14 06:22:35,267 - INFO - [HINDUNILVR_NS] Inserted 158 rows (duplicates ignored)
2026-07-14 06:22:35,267 - INFO - Inserted 158 rows for HINDUNILVR.NS
2026-07-14 06:22:35,502 - INFO - [SBIN_NS] Inserted 158 rows (duplicates ignored)
2026-07-14 06:22:35,502 - INFO - Inserted 158 rows for SBIN.NS
2026-07-14 06:22:35,724 - INFO - [BHARTIARTL_NS] Inserted 158 rows (duplicates ignored)
2026-07-14 06:22:35,724 - INFO - Inserted 158 rows for BHARTIARTL.NS
2026-07-14 06:22:36,030 - INFO - [KOTAKBANK_NS] Inserted 158 rows (duplicates ignored)
2026-07-14 06:22:36,030 - INFO - Inserted 158 rows for KOTAKBANK.NS
2026-07-14 06:22:36,253 - INFO - [LT_NS] Inserted 158 rows (duplicates ignored)
2026-07-14 06:22:36,254 - INFO - Inserted 158 rows for LT.NS
2026-07-14 06:22:36,488 - INFO - [AXISBANK_NS] Inserted 158 rows (duplicates ignored)
2026-07-14 06:22:36,488 - INFO - Inserted 158 rows for AXISBANK.NS
2026-07-14 06:22:36,714 - INFO - [BAJFINANCE_NS] Inserted 158 rows (duplicates ignored)
2026-07-14 06:22:36,714 - INFO - Inserted 158 rows for BAJFINANCE.NS
2026-07-14 06:22:36,943 - INFO - [ASIANPAINT_NS] Inserted 158 rows (duplicates ignored)
2026-07-14 06:22:36,943 - INFO - Inserted 158 rows for ASIANPAINT.NS
2026-07-14 06:22:37,175 - INFO - [MARUTI_NS] Inserted 158 rows (duplicates ignored)
2026-07-14 06:22:37,175 - INFO - Inserted 158 rows for MARUTI.NS
2026-07-14 06:22:37,487 - INFO - [SUNPHARMA_NS] Inserted 158 rows (duplicates ignored)
2026-07-14 06:22:37,487 - INFO - Inserted 158 rows for SUNPHARMA.NS
2026-07-14 06:22:37,717 - INFO - [WIPRO_NS] Inserted 158 rows (duplicates ignored)
2026-07-14 06:22:37,718 - INFO - Inserted 158 rows for WIPRO.NS
2026-07-14 06:22:38,020 - INFO - [POWERGRID_NS] Inserted 158 rows (duplicates ignored)
2026-07-14 06:22:38,020 - INFO - Inserted 158 rows for POWERGRID.NS
2026-07-14 06:22:38,259 - INFO - [NTPC_NS] Inserted 158 rows (duplicates ignored)
2026-07-14 06:22:38,259 - INFO - Inserted 158 rows for NTPC.NS
2026-07-14 06:22:38,515 - INFO - [ONGC_NS] Inserted 158 rows (duplicates ignored)
2026-07-14 06:22:38,516 - INFO - Inserted 158 rows for ONGC.NS
2026-07-14 06:22:38,529 - INFO - Cycle complete. README updated.
2026-07-14 23:26:25,486 - INFO - Starting data fetch cycle...
2026-07-14 23:26:26,033 - INFO - [RELIANCE_NS] Inserted 375 rows (duplicates ignored)
2026-07-14 23:26:26,034 - INFO - Inserted 375 rows for RELIANCE.NS
2026-07-14 23:26:26,478 - INFO - [HDFCBANK_NS] Inserted 375 rows (duplicates ignored)
2026-07-14 23:26:26,478 - INFO - Inserted 375 rows for HDFCBANK.NS
2026-07-14 23:26:26,851 - INFO - [ICICIBANK_NS] Inserted 375 rows (duplicates ignored)
2026-07-14 23:26:26,851 - INFO - Inserted 375 rows for ICICIBANK.NS
2026-07-14 23:26:27,183 - INFO - [INFY_NS] Inserted 375 rows (duplicates ignored)
2026-07-14 23:26:27,183 - INFO - Inserted 375 rows for INFY.NS
2026-07-14 23:26:27,488 - INFO - [TCS_NS] Inserted 375 rows (duplicates ignored)
2026-07-14 23:26:27,488 - INFO - Inserted 375 rows for TCS.NS
2026-07-14 23:26:27,807 - INFO - [ITC_NS] Inserted 375 rows (duplicates ignored)
2026-07-14 23:26:27,807 - INFO - Inserted 375 rows for ITC.NS
2026-07-14 23:26:28,159 - INFO - [HINDUNILVR_NS] Inserted 375 rows (duplicates ignored)
2026-07-14 23:26:28,159 - INFO - Inserted 375 rows for HINDUNILVR.NS
2026-07-14 23:26:28,472 - INFO - [SBIN_NS] Inserted 375 rows (duplicates ignored)
2026-07-14 23:26:28,472 - INFO - Inserted 375 rows for SBIN.NS
2026-07-14 23:26:28,772 - INFO - [BHARTIARTL_NS] Inserted 375 rows (duplicates ignored)
2026-07-14 23:26:28,772 - INFO - Inserted 375 rows for BHARTIARTL.NS
2026-07-14 23:26:29,146 - INFO - [KOTAKBANK_NS] Inserted 375 rows (duplicates ignored)
2026-07-14 23:26:29,146 - INFO - Inserted 375 rows for KOTAKBANK.NS
2026-07-14 23:26:29,507 - INFO - [LT_NS] Inserted 375 rows (duplicates ignored)
2026-07-14 23:26:29,507 - INFO - Inserted 375 rows for LT.NS
2026-07-14 23:26:29,859 - INFO - [AXISBANK_NS] Inserted 375 rows (duplicates ignored)
2026-07-14 23:26:29,859 - INFO - Inserted 375 rows for AXISBANK.NS
2026-07-14 23:26:30,241 - INFO - [BAJFINANCE_NS] Inserted 375 rows (duplicates ignored)
2026-07-14 23:26:30,241 - INFO - Inserted 375 rows for BAJFINANCE.NS
2026-07-14 23:26:30,587 - INFO - [ASIANPAINT_NS] Inserted 375 rows (duplicates ignored)
2026-07-14 23:26:30,587 - INFO - Inserted 375 rows for ASIANPAINT.NS
2026-07-14 23:26:31,045 - INFO - [MARUTI_NS] Inserted 375 rows (duplicates ignored)
2026-07-14 23:26:31,045 - INFO - Inserted 375 rows for MARUTI.NS
2026-07-14 23:26:31,443 - INFO - [SUNPHARMA_NS] Inserted 375 rows (duplicates ignored)
2026-07-14 23:26:31,444 - INFO - Inserted 375 rows for SUNPHARMA.NS
2026-07-14 23:26:31,764 - INFO - [WIPRO_NS] Inserted 375 rows (duplicates ignored)
2026-07-14 23:26:31,764 - INFO - Inserted 375 rows for WIPRO.NS
2026-07-14 23:26:32,069 - INFO - [POWERGRID_NS] Inserted 375 rows (duplicates ignored)
2026-07-14 23:26:32,070 - INFO - Inserted 375 rows for POWERGRID.NS
2026-07-14 23:26:32,413 - INFO - [NTPC_NS] Inserted 375 rows (duplicates ignored)
2026-07-14 23:26:32,413 - INFO - Inserted 375 rows for NTPC.NS
2026-07-14 23:26:32,797 - INFO - [ONGC_NS] Inserted 375 rows (duplicates ignored)
2026-07-14 23:26:32,797 - INFO - Inserted 375 rows for ONGC.NS
2026-07-14 23:26:32,812 - INFO - Cycle complete. README updated.
2026-07-15 00:53:03,667 - INFO - Starting data fetch cycle...
2026-07-15 00:53:04,443 - INFO - [RELIANCE_NS] Inserted 375 rows (duplicates ignored)
2026-07-15 00:53:04,443 - INFO - Inserted 375 rows for RELIANCE.NS
2026-07-15 00:53:04,800 - INFO - [HDFCBANK_NS] Inserted 375 rows (duplicates ignored)
2026-07-15 00:53:04,800 - INFO - Inserted 375 rows for HDFCBANK.NS
2026-07-15 00:53:05,260 - INFO - [ICICIBANK_NS] Inserted 375 rows (duplicates ignored)
2026-07-15 00:53:05,260 - INFO - Inserted 375 rows for ICICIBANK.NS
2026-07-15 00:53:05,606 - INFO - [INFY_NS] Inserted 375 rows (duplicates ignored)
2026-07-15 00:53:05,606 - INFO - Inserted 375 rows for INFY.NS
2026-07-15 00:53:05,912 - INFO - [TCS_NS] Inserted 375 rows (duplicates ignored)
2026-07-15 00:53:05,913 - INFO - Inserted 375 rows for TCS.NS
2026-07-15 00:53:06,242 - INFO - [ITC_NS] Inserted 375 rows (duplicates ignored)
2026-07-15 00:53:06,242 - INFO - Inserted 375 rows for ITC.NS
2026-07-15 00:53:06,598 - INFO - [HINDUNILVR_NS] Inserted 375 rows (duplicates ignored)
2026-07-15 00:53:06,598 - INFO - Inserted 375 rows for HINDUNILVR.NS
2026-07-15 00:53:06,949 - INFO - [SBIN_NS] Inserted 375 rows (duplicates ignored)
2026-07-15 00:53:06,949 - INFO - Inserted 375 rows for SBIN.NS
2026-07-15 00:53:07,285 - INFO - [BHARTIARTL_NS] Inserted 375 rows (duplicates ignored)
2026-07-15 00:53:07,285 - INFO - Inserted 375 rows for BHARTIARTL.NS
2026-07-15 00:53:07,620 - INFO - [KOTAKBANK_NS] Inserted 375 rows (duplicates ignored)
2026-07-15 00:53:07,620 - INFO - Inserted 375 rows for KOTAKBANK.NS
2026-07-15 00:53:08,011 - INFO - [LT_NS] Inserted 375 rows (duplicates ignored)
2026-07-15 00:53:08,012 - INFO - Inserted 375 rows for LT.NS
2026-07-15 00:53:08,327 - INFO - [AXISBANK_NS] Inserted 375 rows (duplicates ignored)
2026-07-15 00:53:08,327 - INFO - Inserted 375 rows for AXISBANK.NS
2026-07-15 00:53:08,643 - INFO - [BAJFINANCE_NS] Inserted 375 rows (duplicates ignored)
2026-07-15 00:53:08,643 - INFO - Inserted 375 rows for BAJFINANCE.NS
2026-07-15 00:53:09,004 - INFO - [ASIANPAINT_NS] Inserted 375 rows (duplicates ignored)
2026-07-15 00:53:09,004 - INFO - Inserted 375 rows for ASIANPAINT.NS
2026-07-15 00:53:09,282 - INFO - [MARUTI_NS] Inserted 375 rows (duplicates ignored)
2026-07-15 00:53:09,282 - INFO - Inserted 375 rows for MARUTI.NS
2026-07-15 00:53:09,611 - INFO - [SUNPHARMA_NS] Inserted 375 rows (duplicates ignored)
2026-07-15 00:53:09,611 - INFO - Inserted 375 rows for SUNPHARMA.NS
2026-07-15 00:53:10,041 - INFO - [WIPRO_NS] Inserted 375 rows (duplicates ignored)
2026-07-15 00:53:10,042 - INFO - Inserted 375 rows for WIPRO.NS
2026-07-15 00:53:10,392 - INFO - [POWERGRID_NS] Inserted 375 rows (duplicates ignored)
2026-07-15 00:53:10,392 - INFO - Inserted 375 rows for POWERGRID.NS
2026-07-15 00:53:10,749 - INFO - [NTPC_NS] Inserted 375 rows (duplicates ignored)
2026-07-15 00:53:10,749 - INFO - Inserted 375 rows for NTPC.NS
2026-07-15 00:53:11,059 - INFO - [ONGC_NS] Inserted 375 rows (duplicates ignored)
2026-07-15 00:53:11,059 - INFO - Inserted 375 rows for ONGC.NS
2026-07-15 00:53:11,073 - INFO - Cycle complete. README updated.
2026-07-15 03:56:33,961 - INFO - Starting data fetch cycle...
2026-07-15 03:56:34,266 - INFO - [RELIANCE_NS] Inserted 12 rows (duplicates ignored)
2026-07-15 03:56:34,267 - INFO - Inserted 12 rows for RELIANCE.NS
2026-07-15 03:56:34,424 - INFO - [HDFCBANK_NS] Inserted 12 rows (duplicates ignored)
2026-07-15 03:56:34,424 - INFO - Inserted 12 rows for HDFCBANK.NS
2026-07-15 03:56:34,581 - INFO - [ICICIBANK_NS] Inserted 12 rows (duplicates ignored)
2026-07-15 03:56:34,581 - INFO - Inserted 12 rows for ICICIBANK.NS
2026-07-15 03:56:34,735 - INFO - [INFY_NS] Inserted 12 rows (duplicates ignored)
2026-07-15 03:56:34,735 - INFO - Inserted 12 rows for INFY.NS
2026-07-15 03:56:34,892 - INFO - [TCS_NS] Inserted 12 rows (duplicates ignored)
2026-07-15 03:56:34,892 - INFO - Inserted 12 rows for TCS.NS
2026-07-15 03:56:35,056 - INFO - [ITC_NS] Inserted 12 rows (duplicates ignored)
2026-07-15 03:56:35,056 - INFO - Inserted 12 rows for ITC.NS
2026-07-15 03:56:35,212 - INFO - [HINDUNILVR_NS] Inserted 12 rows (duplicates ignored)
2026-07-15 03:56:35,212 - INFO - Inserted 12 rows for HINDUNILVR.NS
2026-07-15 03:56:35,356 - INFO - [SBIN_NS] Inserted 12 rows (duplicates ignored)
2026-07-15 03:56:35,356 - INFO - Inserted 12 rows for SBIN.NS
2026-07-15 03:56:35,502 - INFO - [BHARTIARTL_NS] Inserted 12 rows (duplicates ignored)
2026-07-15 03:56:35,502 - INFO - Inserted 12 rows for BHARTIARTL.NS
2026-07-15 03:56:35,649 - INFO - [KOTAKBANK_NS] Inserted 12 rows (duplicates ignored)
2026-07-15 03:56:35,649 - INFO - Inserted 12 rows for KOTAKBANK.NS
2026-07-15 03:56:35,794 - INFO - [LT_NS] Inserted 12 rows (duplicates ignored)
2026-07-15 03:56:35,794 - INFO - Inserted 12 rows for LT.NS
2026-07-15 03:56:35,950 - INFO - [AXISBANK_NS] Inserted 12 rows (duplicates ignored)
2026-07-15 03:56:35,950 - INFO - Inserted 12 rows for AXISBANK.NS
2026-07-15 03:56:36,124 - INFO - [BAJFINANCE_NS] Inserted 12 rows (duplicates ignored)
2026-07-15 03:56:36,124 - INFO - Inserted 12 rows for BAJFINANCE.NS
2026-07-15 03:56:36,311 - INFO - [ASIANPAINT_NS] Inserted 12 rows (duplicates ignored)
2026-07-15 03:56:36,311 - INFO - Inserted 12 rows for ASIANPAINT.NS
2026-07-15 03:56:36,457 - INFO - [MARUTI_NS] Inserted 12 rows (duplicates ignored)
2026-07-15 03:56:36,457 - INFO - Inserted 12 rows for MARUTI.NS
2026-07-15 03:56:36,615 - INFO - [SUNPHARMA_NS] Inserted 12 rows (duplicates ignored)
2026-07-15 03:56:36,615 - INFO - Inserted 12 rows for SUNPHARMA.NS
2026-07-15 03:56:36,784 - INFO - [WIPRO_NS] Inserted 12 rows (duplicates ignored)
2026-07-15 03:56:36,784 - INFO - Inserted 12 rows for WIPRO.NS
2026-07-15 03:56:36,927 - INFO - [POWERGRID_NS] Inserted 12 rows (duplicates ignored)
2026-07-15 03:56:36,927 - INFO - Inserted 12 rows for POWERGRID.NS
2026-07-15 03:56:37,072 - INFO - [NTPC_NS] Inserted 12 rows (duplicates ignored)
2026-07-15 03:56:37,072 - INFO - Inserted 12 rows for NTPC.NS
2026-07-15 03:56:37,229 - INFO - [ONGC_NS] Inserted 12 rows (duplicates ignored)
2026-07-15 03:56:37,229 - INFO - Inserted 12 rows for ONGC.NS
2026-07-15 03:56:37,241 - INFO - Cycle complete. README updated.
2026-07-15 06:21:47,378 - INFO - Starting data fetch cycle...
2026-07-15 06:21:48,431 - INFO - [RELIANCE_NS] Inserted 157 rows (duplicates ignored)
2026-07-15 06:21:48,431 - INFO - Inserted 157 rows for RELIANCE.NS
2026-07-15 06:21:48,864 - INFO - [HDFCBANK_NS] Inserted 157 rows (duplicates ignored)
2026-07-15 06:21:48,864 - INFO - Inserted 157 rows for HDFCBANK.NS
2026-07-15 06:21:49,150 - INFO - [ICICIBANK_NS] Inserted 157 rows (duplicates ignored)
2026-07-15 06:21:49,150 - INFO - Inserted 157 rows for ICICIBANK.NS
2026-07-15 06:21:49,537 - INFO - [INFY_NS] Inserted 157 rows (duplicates ignored)
2026-07-15 06:21:49,538 - INFO - Inserted 157 rows for INFY.NS
2026-07-15 06:21:49,917 - INFO - [TCS_NS] Inserted 157 rows (duplicates ignored)
2026-07-15 06:21:49,917 - INFO - Inserted 157 rows for TCS.NS
2026-07-15 06:21:50,415 - INFO - [ITC_NS] Inserted 157 rows (duplicates ignored)
2026-07-15 06:21:50,415 - INFO - Inserted 157 rows for ITC.NS
2026-07-15 06:21:50,775 - INFO - [HINDUNILVR_NS] Inserted 157 rows (duplicates ignored)
2026-07-15 06:21:50,775 - INFO - Inserted 157 rows for HINDUNILVR.NS
2026-07-15 06:21:51,161 - INFO - [SBIN_NS] Inserted 157 rows (duplicates ignored)
2026-07-15 06:21:51,161 - INFO - Inserted 157 rows for SBIN.NS
2026-07-15 06:21:51,482 - INFO - [BHARTIARTL_NS] Inserted 157 rows (duplicates ignored)
2026-07-15 06:21:51,482 - INFO - Inserted 157 rows for BHARTIARTL.NS
2026-07-15 06:21:51,820 - INFO - [KOTAKBANK_NS] Inserted 157 rows (duplicates ignored)
2026-07-15 06:21:51,820 - INFO - Inserted 157 rows for KOTAKBANK.NS
2026-07-15 06:21:52,224 - INFO - [LT_NS] Inserted 157 rows (duplicates ignored)
2026-07-15 06:21:52,224 - INFO - Inserted 157 rows for LT.NS
2026-07-15 06:21:52,600 - INFO - [AXISBANK_NS] Inserted 157 rows (duplicates ignored)
2026-07-15 06:21:52,600 - INFO - Inserted 157 rows for AXISBANK.NS
2026-07-15 06:21:52,988 - INFO - [BAJFINANCE_NS] Inserted 157 rows (duplicates ignored)
2026-07-15 06:21:52,988 - INFO - Inserted 157 rows for BAJFINANCE.NS
2026-07-15 06:21:53,274 - INFO - [ASIANPAINT_NS] Inserted 157 rows (duplicates ignored)
2026-07-15 06:21:53,274 - INFO - Inserted 157 rows for ASIANPAINT.NS
2026-07-15 06:21:53,596 - INFO - [MARUTI_NS] Inserted 157 rows (duplicates ignored)
2026-07-15 06:21:53,596 - INFO - Inserted 157 rows for MARUTI.NS
2026-07-15 06:21:53,899 - INFO - [SUNPHARMA_NS] Inserted 157 rows (duplicates ignored)
2026-07-15 06:21:53,900 - INFO - Inserted 157 rows for SUNPHARMA.NS
2026-07-15 06:21:54,244 - INFO - [WIPRO_NS] Inserted 157 rows (duplicates ignored)
2026-07-15 06:21:54,244 - INFO - Inserted 157 rows for WIPRO.NS
2026-07-15 06:21:54,574 - INFO - [POWERGRID_NS] Inserted 157 rows (duplicates ignored)
2026-07-15 06:21:54,574 - INFO - Inserted 157 rows for POWERGRID.NS
2026-07-15 06:21:54,871 - INFO - [NTPC_NS] Inserted 157 rows (duplicates ignored)
2026-07-15 06:21:54,871 - INFO - Inserted 157 rows for NTPC.NS
2026-07-15 06:21:55,218 - INFO - [ONGC_NS] Inserted 157 rows (duplicates ignored)
2026-07-15 06:21:55,218 - INFO - Inserted 157 rows for ONGC.NS
2026-07-15 06:21:55,230 - INFO - Cycle complete. README updated.
2026-07-15 23:30:10,502 - INFO - Starting data fetch cycle...
2026-07-15 23:30:10,860 - INFO - [RELIANCE_NS] Inserted 375 rows (duplicates ignored)
2026-07-15 23:30:10,860 - INFO - Inserted 375 rows for RELIANCE.NS
2026-07-15 23:30:11,039 - INFO - [HDFCBANK_NS] Inserted 375 rows (duplicates ignored)
2026-07-15 23:30:11,039 - INFO - Inserted 375 rows for HDFCBANK.NS
2026-07-15 23:30:11,237 - INFO - [ICICIBANK_NS] Inserted 375 rows (duplicates ignored)
2026-07-15 23:30:11,237 - INFO - Inserted 375 rows for ICICIBANK.NS
2026-07-15 23:30:11,435 - INFO - [INFY_NS] Inserted 375 rows (duplicates ignored)
2026-07-15 23:30:11,435 - INFO - Inserted 375 rows for INFY.NS
2026-07-15 23:30:11,630 - INFO - [TCS_NS] Inserted 375 rows (duplicates ignored)
2026-07-15 23:30:11,631 - INFO - Inserted 375 rows for TCS.NS
2026-07-15 23:30:11,797 - INFO - [ITC_NS] Inserted 375 rows (duplicates ignored)
2026-07-15 23:30:11,797 - INFO - Inserted 375 rows for ITC.NS
2026-07-15 23:30:12,004 - INFO - [HINDUNILVR_NS] Inserted 375 rows (duplicates ignored)
2026-07-15 23:30:12,004 - INFO - Inserted 375 rows for HINDUNILVR.NS
2026-07-15 23:30:12,181 - INFO - [SBIN_NS] Inserted 375 rows (duplicates ignored)
2026-07-15 23:30:12,181 - INFO - Inserted 375 rows for SBIN.NS
2026-07-15 23:30:12,357 - INFO - [BHARTIARTL_NS] Inserted 375 rows (duplicates ignored)
2026-07-15 23:30:12,357 - INFO - Inserted 375 rows for BHARTIARTL.NS
2026-07-15 23:30:12,522 - INFO - [KOTAKBANK_NS] Inserted 375 rows (duplicates ignored)
2026-07-15 23:30:12,522 - INFO - Inserted 375 rows for KOTAKBANK.NS
2026-07-15 23:30:12,690 - INFO - [LT_NS] Inserted 375 rows (duplicates ignored)
2026-07-15 23:30:12,690 - INFO - Inserted 375 rows for LT.NS
2026-07-15 23:30:12,876 - INFO - [AXISBANK_NS] Inserted 375 rows (duplicates ignored)
2026-07-15 23:30:12,876 - INFO - Inserted 375 rows for AXISBANK.NS
2026-07-15 23:30:13,035 - INFO - [BAJFINANCE_NS] Inserted 375 rows (duplicates ignored)
2026-07-15 23:30:13,035 - INFO - Inserted 375 rows for BAJFINANCE.NS
2026-07-15 23:30:13,204 - INFO - [ASIANPAINT_NS] Inserted 375 rows (duplicates ignored)
2026-07-15 23:30:13,204 - INFO - Inserted 375 rows for ASIANPAINT.NS
2026-07-15 23:30:13,400 - INFO - [MARUTI_NS] Inserted 375 rows (duplicates ignored)
2026-07-15 23:30:13,400 - INFO - Inserted 375 rows for MARUTI.NS
2026-07-15 23:30:13,586 - INFO - [SUNPHARMA_NS] Inserted 375 rows (duplicates ignored)
2026-07-15 23:30:13,586 - INFO - Inserted 375 rows for SUNPHARMA.NS
2026-07-15 23:30:13,763 - INFO - [WIPRO_NS] Inserted 375 rows (duplicates ignored)
2026-07-15 23:30:13,763 - INFO - Inserted 375 rows for WIPRO.NS
2026-07-15 23:30:13,929 - INFO - [POWERGRID_NS] Inserted 375 rows (duplicates ignored)
2026-07-15 23:30:13,929 - INFO - Inserted 375 rows for POWERGRID.NS
2026-07-15 23:30:14,115 - INFO - [NTPC_NS] Inserted 375 rows (duplicates ignored)
2026-07-15 23:30:14,115 - INFO - Inserted 375 rows for NTPC.NS
2026-07-15 23:30:14,333 - INFO - [ONGC_NS] Inserted 375 rows (duplicates ignored)
2026-07-15 23:30:14,334 - INFO - Inserted 375 rows for ONGC.NS
2026-07-15 23:30:14,346 - INFO - Cycle complete. README updated.
2026-07-16 01:02:39,824 - INFO - Starting data fetch cycle...
2026-07-16 01:02:40,390 - INFO - [RELIANCE_NS] Inserted 375 rows (duplicates ignored)
2026-07-16 01:02:40,390 - INFO - Inserted 375 rows for RELIANCE.NS
2026-07-16 01:02:40,706 - INFO - [HDFCBANK_NS] Inserted 375 rows (duplicates ignored)
2026-07-16 01:02:40,706 - INFO - Inserted 375 rows for HDFCBANK.NS
2026-07-16 01:02:40,995 - INFO - [ICICIBANK_NS] Inserted 375 rows (duplicates ignored)
2026-07-16 01:02:40,995 - INFO - Inserted 375 rows for ICICIBANK.NS
2026-07-16 01:02:41,261 - INFO - [INFY_NS] Inserted 375 rows (duplicates ignored)
2026-07-16 01:02:41,261 - INFO - Inserted 375 rows for INFY.NS
2026-07-16 01:02:41,500 - INFO - [TCS_NS] Inserted 375 rows (duplicates ignored)
2026-07-16 01:02:41,500 - INFO - Inserted 375 rows for TCS.NS
2026-07-16 01:02:41,787 - INFO - [ITC_NS] Inserted 375 rows (duplicates ignored)
2026-07-16 01:02:41,787 - INFO - Inserted 375 rows for ITC.NS
2026-07-16 01:02:42,138 - INFO - [HINDUNILVR_NS] Inserted 375 rows (duplicates ignored)
2026-07-16 01:02:42,138 - INFO - Inserted 375 rows for HINDUNILVR.NS
2026-07-16 01:02:42,322 - INFO - [SBIN_NS] Inserted 375 rows (duplicates ignored)
2026-07-16 01:02:42,322 - INFO - Inserted 375 rows for SBIN.NS
2026-07-16 01:02:42,517 - INFO - [BHARTIARTL_NS] Inserted 375 rows (duplicates ignored)
2026-07-16 01:02:42,517 - INFO - Inserted 375 rows for BHARTIARTL.NS
2026-07-16 01:02:42,757 - INFO - [KOTAKBANK_NS] Inserted 375 rows (duplicates ignored)
2026-07-16 01:02:42,757 - INFO - Inserted 375 rows for KOTAKBANK.NS
2026-07-16 01:02:43,006 - INFO - [LT_NS] Inserted 375 rows (duplicates ignored)
2026-07-16 01:02:43,006 - INFO - Inserted 375 rows for LT.NS
2026-07-16 01:02:43,212 - INFO - [AXISBANK_NS] Inserted 375 rows (duplicates ignored)
2026-07-16 01:02:43,212 - INFO - Inserted 375 rows for AXISBANK.NS
2026-07-16 01:02:43,388 - INFO - [BAJFINANCE_NS] Inserted 375 rows (duplicates ignored)
2026-07-16 01:02:43,389 - INFO - Inserted 375 rows for BAJFINANCE.NS
2026-07-16 01:02:43,729 - INFO - [ASIANPAINT_NS] Inserted 375 rows (duplicates ignored)
2026-07-16 01:02:43,729 - INFO - Inserted 375 rows for ASIANPAINT.NS
2026-07-16 01:02:43,923 - INFO - [MARUTI_NS] Inserted 375 rows (duplicates ignored)
2026-07-16 01:02:43,924 - INFO - Inserted 375 rows for MARUTI.NS
2026-07-16 01:02:44,121 - INFO - [SUNPHARMA_NS] Inserted 375 rows (duplicates ignored)
2026-07-16 01:02:44,121 - INFO - Inserted 375 rows for SUNPHARMA.NS
2026-07-16 01:02:44,407 - INFO - [WIPRO_NS] Inserted 375 rows (duplicates ignored)
2026-07-16 01:02:44,407 - INFO - Inserted 375 rows for WIPRO.NS
2026-07-16 01:02:44,713 - INFO - [POWERGRID_NS] Inserted 375 rows (duplicates ignored)
2026-07-16 01:02:44,713 - INFO - Inserted 375 rows for POWERGRID.NS
2026-07-16 01:02:44,938 - INFO - [NTPC_NS] Inserted 375 rows (duplicates ignored)
2026-07-16 01:02:44,938 - INFO - Inserted 375 rows for NTPC.NS
2026-07-16 01:02:45,306 - INFO - [ONGC_NS] Inserted 375 rows (duplicates ignored)
2026-07-16 01:02:45,307 - INFO - Inserted 375 rows for ONGC.NS
2026-07-16 01:02:45,318 - INFO - Cycle complete. README updated.
2026-07-16 04:20:46,616 - INFO - Starting data fetch cycle...
2026-07-16 04:20:46,919 - INFO - [RELIANCE_NS] Inserted 36 rows (duplicates ignored)
2026-07-16 04:20:46,920 - INFO - Inserted 36 rows for RELIANCE.NS
2026-07-16 04:20:47,092 - INFO - [HDFCBANK_NS] Inserted 36 rows (duplicates ignored)
2026-07-16 04:20:47,092 - INFO - Inserted 36 rows for HDFCBANK.NS
2026-07-16 04:20:47,237 - INFO - [ICICIBANK_NS] Inserted 36 rows (duplicates ignored)
2026-07-16 04:20:47,237 - INFO - Inserted 36 rows for ICICIBANK.NS
2026-07-16 04:20:47,419 - INFO - [INFY_NS] Inserted 36 rows (duplicates ignored)
2026-07-16 04:20:47,419 - INFO - Inserted 36 rows for INFY.NS
2026-07-16 04:20:47,559 - INFO - [TCS_NS] Inserted 36 rows (duplicates ignored)
2026-07-16 04:20:47,559 - INFO - Inserted 36 rows for TCS.NS
2026-07-16 04:20:47,715 - INFO - [ITC_NS] Inserted 36 rows (duplicates ignored)
2026-07-16 04:20:47,715 - INFO - Inserted 36 rows for ITC.NS
2026-07-16 04:20:47,865 - INFO - [HINDUNILVR_NS] Inserted 36 rows (duplicates ignored)
2026-07-16 04:20:47,865 - INFO - Inserted 36 rows for HINDUNILVR.NS
2026-07-16 04:20:48,025 - INFO - [SBIN_NS] Inserted 36 rows (duplicates ignored)
2026-07-16 04:20:48,025 - INFO - Inserted 36 rows for SBIN.NS
2026-07-16 04:20:48,179 - INFO - [BHARTIARTL_NS] Inserted 36 rows (duplicates ignored)
2026-07-16 04:20:48,179 - INFO - Inserted 36 rows for BHARTIARTL.NS
2026-07-16 04:20:48,342 - INFO - [KOTAKBANK_NS] Inserted 36 rows (duplicates ignored)
2026-07-16 04:20:48,342 - INFO - Inserted 36 rows for KOTAKBANK.NS
2026-07-16 04:20:48,498 - INFO - [LT_NS] Inserted 36 rows (duplicates ignored)
2026-07-16 04:20:48,498 - INFO - Inserted 36 rows for LT.NS
2026-07-16 04:20:48,636 - INFO - [AXISBANK_NS] Inserted 36 rows (duplicates ignored)
2026-07-16 04:20:48,636 - INFO - Inserted 36 rows for AXISBANK.NS
2026-07-16 04:20:48,778 - INFO - [BAJFINANCE_NS] Inserted 36 rows (duplicates ignored)
2026-07-16 04:20:48,778 - INFO - Inserted 36 rows for BAJFINANCE.NS
2026-07-16 04:20:48,928 - INFO - [ASIANPAINT_NS] Inserted 36 rows (duplicates ignored)
2026-07-16 04:20:48,929 - INFO - Inserted 36 rows for ASIANPAINT.NS
2026-07-16 04:20:49,086 - INFO - [MARUTI_NS] Inserted 36 rows (duplicates ignored)
2026-07-16 04:20:49,086 - INFO - Inserted 36 rows for MARUTI.NS
2026-07-16 04:20:49,235 - INFO - [SUNPHARMA_NS] Inserted 36 rows (duplicates ignored)
2026-07-16 04:20:49,235 - INFO - Inserted 36 rows for SUNPHARMA.NS
2026-07-16 04:20:49,386 - INFO - [WIPRO_NS] Inserted 36 rows (duplicates ignored)
2026-07-16 04:20:49,386 - INFO - Inserted 36 rows for WIPRO.NS
2026-07-16 04:20:49,520 - INFO - [POWERGRID_NS] Inserted 36 rows (duplicates ignored)
2026-07-16 04:20:49,520 - INFO - Inserted 36 rows for POWERGRID.NS
2026-07-16 04:20:49,673 - INFO - [NTPC_NS] Inserted 36 rows (duplicates ignored)
2026-07-16 04:20:49,673 - INFO - Inserted 36 rows for NTPC.NS
2026-07-16 04:20:49,825 - INFO - [ONGC_NS] Inserted 36 rows (duplicates ignored)
2026-07-16 04:20:49,825 - INFO - Inserted 36 rows for ONGC.NS
2026-07-16 04:20:49,839 - INFO - Cycle complete. README updated.
2026-07-16 06:39:49,191 - INFO - Starting data fetch cycle...
2026-07-16 06:39:49,711 - INFO - [RELIANCE_NS] Inserted 175 rows (duplicates ignored)
2026-07-16 06:39:49,711 - INFO - Inserted 175 rows for RELIANCE.NS
2026-07-16 06:39:50,084 - INFO - [HDFCBANK_NS] Inserted 175 rows (duplicates ignored)
2026-07-16 06:39:50,084 - INFO - Inserted 175 rows for HDFCBANK.NS
2026-07-16 06:39:50,422 - INFO - [ICICIBANK_NS] Inserted 175 rows (duplicates ignored)
2026-07-16 06:39:50,422 - INFO - Inserted 175 rows for ICICIBANK.NS
2026-07-16 06:39:50,746 - INFO - [INFY_NS] Inserted 175 rows (duplicates ignored)
2026-07-16 06:39:50,746 - INFO - Inserted 175 rows for INFY.NS
2026-07-16 06:39:51,027 - INFO - [TCS_NS] Inserted 175 rows (duplicates ignored)
2026-07-16 06:39:51,027 - INFO - Inserted 175 rows for TCS.NS
2026-07-16 06:39:51,314 - INFO - [ITC_NS] Inserted 175 rows (duplicates ignored)
2026-07-16 06:39:51,314 - INFO - Inserted 175 rows for ITC.NS
2026-07-16 06:39:51,696 - INFO - [HINDUNILVR_NS] Inserted 175 rows (duplicates ignored)
2026-07-16 06:39:51,696 - INFO - Inserted 175 rows for HINDUNILVR.NS
2026-07-16 06:39:52,068 - INFO - [SBIN_NS] Inserted 175 rows (duplicates ignored)
2026-07-16 06:39:52,068 - INFO - Inserted 175 rows for SBIN.NS
2026-07-16 06:39:52,440 - INFO - [BHARTIARTL_NS] Inserted 175 rows (duplicates ignored)
2026-07-16 06:39:52,440 - INFO - Inserted 175 rows for BHARTIARTL.NS
2026-07-16 06:39:52,825 - INFO - [KOTAKBANK_NS] Inserted 175 rows (duplicates ignored)
2026-07-16 06:39:52,825 - INFO - Inserted 175 rows for KOTAKBANK.NS
2026-07-16 06:39:53,160 - INFO - [LT_NS] Inserted 175 rows (duplicates ignored)
2026-07-16 06:39:53,160 - INFO - Inserted 175 rows for LT.NS
2026-07-16 06:39:53,533 - INFO - [AXISBANK_NS] Inserted 175 rows (duplicates ignored)
2026-07-16 06:39:53,534 - INFO - Inserted 175 rows for AXISBANK.NS
2026-07-16 06:39:53,833 - INFO - [BAJFINANCE_NS] Inserted 175 rows (duplicates ignored)
2026-07-16 06:39:53,833 - INFO - Inserted 175 rows for BAJFINANCE.NS
2026-07-16 06:39:54,164 - INFO - [ASIANPAINT_NS] Inserted 175 rows (duplicates ignored)
2026-07-16 06:39:54,164 - INFO - Inserted 175 rows for ASIANPAINT.NS
2026-07-16 06:39:54,532 - INFO - [MARUTI_NS] Inserted 175 rows (duplicates ignored)
2026-07-16 06:39:54,532 - INFO - Inserted 175 rows for MARUTI.NS
2026-07-16 06:39:54,874 - INFO - [SUNPHARMA_NS] Inserted 175 rows (duplicates ignored)
2026-07-16 06:39:54,874 - INFO - Inserted 175 rows for SUNPHARMA.NS
2026-07-16 06:39:55,195 - INFO - [WIPRO_NS] Inserted 175 rows (duplicates ignored)
2026-07-16 06:39:55,195 - INFO - Inserted 175 rows for WIPRO.NS
2026-07-16 06:39:55,527 - INFO - [POWERGRID_NS] Inserted 175 rows (duplicates ignored)
2026-07-16 06:39:55,527 - INFO - Inserted 175 rows for POWERGRID.NS
2026-07-16 06:39:55,919 - INFO - [NTPC_NS] Inserted 175 rows (duplicates ignored)
2026-07-16 06:39:55,920 - INFO - Inserted 175 rows for NTPC.NS
2026-07-16 06:39:56,332 - INFO - [ONGC_NS] Inserted 175 rows (duplicates ignored)
2026-07-16 06:39:56,332 - INFO - Inserted 175 rows for ONGC.NS
2026-07-16 06:39:56,347 - INFO - Cycle complete. README updated.
2026-07-16 23:26:31,605 - INFO - Starting data fetch cycle...
2026-07-16 23:26:32,004 - INFO - [RELIANCE_NS] Inserted 375 rows (duplicates ignored)
2026-07-16 23:26:32,004 - INFO - Inserted 375 rows for RELIANCE.NS
2026-07-16 23:26:32,365 - INFO - [HDFCBANK_NS] Inserted 375 rows (duplicates ignored)
2026-07-16 23:26:32,365 - INFO - Inserted 375 rows for HDFCBANK.NS
2026-07-16 23:26:32,686 - INFO - [ICICIBANK_NS] Inserted 375 rows (duplicates ignored)
2026-07-16 23:26:32,687 - INFO - Inserted 375 rows for ICICIBANK.NS
2026-07-16 23:26:33,163 - INFO - [INFY_NS] Inserted 375 rows (duplicates ignored)
2026-07-16 23:26:33,163 - INFO - Inserted 375 rows for INFY.NS
2026-07-16 23:26:33,514 - INFO - [TCS_NS] Inserted 375 rows (duplicates ignored)
2026-07-16 23:26:33,515 - INFO - Inserted 375 rows for TCS.NS
2026-07-16 23:26:33,874 - INFO - [ITC_NS] Inserted 375 rows (duplicates ignored)
2026-07-16 23:26:33,874 - INFO - Inserted 375 rows for ITC.NS
2026-07-16 23:26:34,234 - INFO - [HINDUNILVR_NS] Inserted 375 rows (duplicates ignored)
2026-07-16 23:26:34,234 - INFO - Inserted 375 rows for HINDUNILVR.NS
2026-07-16 23:26:34,613 - INFO - [SBIN_NS] Inserted 375 rows (duplicates ignored)
2026-07-16 23:26:34,613 - INFO - Inserted 375 rows for SBIN.NS
2026-07-16 23:26:34,914 - INFO - [BHARTIARTL_NS] Inserted 375 rows (duplicates ignored)
2026-07-16 23:26:34,914 - INFO - Inserted 375 rows for BHARTIARTL.NS
2026-07-16 23:26:35,371 - INFO - [KOTAKBANK_NS] Inserted 375 rows (duplicates ignored)
2026-07-16 23:26:35,371 - INFO - Inserted 375 rows for KOTAKBANK.NS
2026-07-16 23:26:35,733 - INFO - [LT_NS] Inserted 375 rows (duplicates ignored)
2026-07-16 23:26:35,733 - INFO - Inserted 375 rows for LT.NS
2026-07-16 23:26:36,083 - INFO - [AXISBANK_NS] Inserted 375 rows (duplicates ignored)
2026-07-16 23:26:36,083 - INFO - Inserted 375 rows for AXISBANK.NS
2026-07-16 23:26:36,397 - INFO - [BAJFINANCE_NS] Inserted 375 rows (duplicates ignored)
2026-07-16 23:26:36,397 - INFO - Inserted 375 rows for BAJFINANCE.NS
2026-07-16 23:26:36,708 - INFO - [ASIANPAINT_NS] Inserted 375 rows (duplicates ignored)
2026-07-16 23:26:36,709 - INFO - Inserted 375 rows for ASIANPAINT.NS
2026-07-16 23:26:37,015 - INFO - [MARUTI_NS] Inserted 375 rows (duplicates ignored)
2026-07-16 23:26:37,016 - INFO - Inserted 375 rows for MARUTI.NS
2026-07-16 23:26:37,365 - INFO - [SUNPHARMA_NS] Inserted 375 rows (duplicates ignored)
2026-07-16 23:26:37,365 - INFO - Inserted 375 rows for SUNPHARMA.NS
2026-07-16 23:26:37,659 - INFO - [WIPRO_NS] Inserted 375 rows (duplicates ignored)
2026-07-16 23:26:37,659 - INFO - Inserted 375 rows for WIPRO.NS
2026-07-16 23:26:37,991 - INFO - [POWERGRID_NS] Inserted 375 rows (duplicates ignored)
2026-07-16 23:26:37,991 - INFO - Inserted 375 rows for POWERGRID.NS
2026-07-16 23:26:38,466 - INFO - [NTPC_NS] Inserted 375 rows (duplicates ignored)
2026-07-16 23:26:38,466 - INFO - Inserted 375 rows for NTPC.NS
2026-07-16 23:26:38,797 - INFO - [ONGC_NS] Inserted 375 rows (duplicates ignored)
2026-07-16 23:26:38,797 - INFO - Inserted 375 rows for ONGC.NS
2026-07-16 23:26:38,810 - INFO - Cycle complete. README updated.
2026-07-17 01:04:43,097 - INFO - Starting data fetch cycle...
2026-07-17 01:04:43,672 - INFO - [RELIANCE_NS] Inserted 375 rows (duplicates ignored)
2026-07-17 01:04:43,672 - INFO - Inserted 375 rows for RELIANCE.NS
2026-07-17 01:04:43,923 - INFO - [HDFCBANK_NS] Inserted 375 rows (duplicates ignored)
2026-07-17 01:04:43,923 - INFO - Inserted 375 rows for HDFCBANK.NS
2026-07-17 01:04:44,152 - INFO - [ICICIBANK_NS] Inserted 375 rows (duplicates ignored)
2026-07-17 01:04:44,152 - INFO - Inserted 375 rows for ICICIBANK.NS
2026-07-17 01:04:44,410 - INFO - [INFY_NS] Inserted 375 rows (duplicates ignored)
2026-07-17 01:04:44,410 - INFO - Inserted 375 rows for INFY.NS
2026-07-17 01:04:44,646 - INFO - [TCS_NS] Inserted 375 rows (duplicates ignored)
2026-07-17 01:04:44,646 - INFO - Inserted 375 rows for TCS.NS
2026-07-17 01:04:44,915 - INFO - [ITC_NS] Inserted 375 rows (duplicates ignored)
2026-07-17 01:04:44,915 - INFO - Inserted 375 rows for ITC.NS
2026-07-17 01:04:45,223 - INFO - [HINDUNILVR_NS] Inserted 375 rows (duplicates ignored)
2026-07-17 01:04:45,223 - INFO - Inserted 375 rows for HINDUNILVR.NS
2026-07-17 01:04:45,459 - INFO - [SBIN_NS] Inserted 375 rows (duplicates ignored)
2026-07-17 01:04:45,459 - INFO - Inserted 375 rows for SBIN.NS
2026-07-17 01:04:45,634 - INFO - [BHARTIARTL_NS] Inserted 375 rows (duplicates ignored)
2026-07-17 01:04:45,635 - INFO - Inserted 375 rows for BHARTIARTL.NS
2026-07-17 01:04:45,914 - INFO - [KOTAKBANK_NS] Inserted 375 rows (duplicates ignored)
2026-07-17 01:04:45,914 - INFO - Inserted 375 rows for KOTAKBANK.NS
2026-07-17 01:04:46,092 - INFO - [LT_NS] Inserted 375 rows (duplicates ignored)
2026-07-17 01:04:46,092 - INFO - Inserted 375 rows for LT.NS
2026-07-17 01:04:46,482 - INFO - [AXISBANK_NS] Inserted 375 rows (duplicates ignored)
2026-07-17 01:04:46,482 - INFO - Inserted 375 rows for AXISBANK.NS
2026-07-17 01:04:46,684 - INFO - [BAJFINANCE_NS] Inserted 375 rows (duplicates ignored)
2026-07-17 01:04:46,685 - INFO - Inserted 375 rows for BAJFINANCE.NS
2026-07-17 01:04:46,911 - INFO - [ASIANPAINT_NS] Inserted 375 rows (duplicates ignored)
2026-07-17 01:04:46,912 - INFO - Inserted 375 rows for ASIANPAINT.NS
2026-07-17 01:04:47,137 - INFO - [MARUTI_NS] Inserted 375 rows (duplicates ignored)
2026-07-17 01:04:47,137 - INFO - Inserted 375 rows for MARUTI.NS
2026-07-17 01:04:47,434 - INFO - [SUNPHARMA_NS] Inserted 375 rows (duplicates ignored)
2026-07-17 01:04:47,435 - INFO - Inserted 375 rows for SUNPHARMA.NS
2026-07-17 01:04:47,798 - INFO - [WIPRO_NS] Inserted 375 rows (duplicates ignored)
2026-07-17 01:04:47,799 - INFO - Inserted 375 rows for WIPRO.NS
2026-07-17 01:04:48,128 - INFO - [POWERGRID_NS] Inserted 375 rows (duplicates ignored)
2026-07-17 01:04:48,128 - INFO - Inserted 375 rows for POWERGRID.NS
2026-07-17 01:04:48,308 - INFO - [NTPC_NS] Inserted 375 rows (duplicates ignored)
2026-07-17 01:04:48,308 - INFO - Inserted 375 rows for NTPC.NS
2026-07-17 01:04:48,688 - INFO - [ONGC_NS] Inserted 375 rows (duplicates ignored)
2026-07-17 01:04:48,688 - INFO - Inserted 375 rows for ONGC.NS
2026-07-17 01:04:48,700 - INFO - Cycle complete. README updated.
2026-07-17 04:20:37,944 - INFO - Starting data fetch cycle...
2026-07-17 04:20:38,757 - INFO - [RELIANCE_NS] Inserted 36 rows (duplicates ignored)
2026-07-17 04:20:38,757 - INFO - Inserted 36 rows for RELIANCE.NS
2026-07-17 04:20:39,188 - INFO - [HDFCBANK_NS] Inserted 36 rows (duplicates ignored)
2026-07-17 04:20:39,188 - INFO - Inserted 36 rows for HDFCBANK.NS
2026-07-17 04:20:39,687 - INFO - [ICICIBANK_NS] Inserted 36 rows (duplicates ignored)
2026-07-17 04:20:39,687 - INFO - Inserted 36 rows for ICICIBANK.NS
2026-07-17 04:20:40,168 - INFO - [INFY_NS] Inserted 36 rows (duplicates ignored)
2026-07-17 04:20:40,168 - INFO - Inserted 36 rows for INFY.NS
2026-07-17 04:20:40,525 - INFO - [TCS_NS] Inserted 36 rows (duplicates ignored)
2026-07-17 04:20:40,526 - INFO - Inserted 36 rows for TCS.NS
2026-07-17 04:20:41,130 - INFO - [ITC_NS] Inserted 36 rows (duplicates ignored)
2026-07-17 04:20:41,131 - INFO - Inserted 36 rows for ITC.NS
2026-07-17 04:20:41,640 - INFO - [HINDUNILVR_NS] Inserted 36 rows (duplicates ignored)
2026-07-17 04:20:41,641 - INFO - Inserted 36 rows for HINDUNILVR.NS
2026-07-17 04:20:42,113 - INFO - [SBIN_NS] Inserted 36 rows (duplicates ignored)
2026-07-17 04:20:42,113 - INFO - Inserted 36 rows for SBIN.NS
2026-07-17 04:20:42,844 - INFO - [BHARTIARTL_NS] Inserted 36 rows (duplicates ignored)
2026-07-17 04:20:42,844 - INFO - Inserted 36 rows for BHARTIARTL.NS
2026-07-17 04:20:43,480 - INFO - [KOTAKBANK_NS] Inserted 36 rows (duplicates ignored)
2026-07-17 04:20:43,481 - INFO - Inserted 36 rows for KOTAKBANK.NS
2026-07-17 04:20:43,843 - INFO - [LT_NS] Inserted 36 rows (duplicates ignored)
2026-07-17 04:20:43,843 - INFO - Inserted 36 rows for LT.NS
2026-07-17 04:20:44,371 - INFO - [AXISBANK_NS] Inserted 36 rows (duplicates ignored)
2026-07-17 04:20:44,371 - INFO - Inserted 36 rows for AXISBANK.NS
2026-07-17 04:20:44,845 - INFO - [BAJFINANCE_NS] Inserted 36 rows (duplicates ignored)
2026-07-17 04:20:44,845 - INFO - Inserted 36 rows for BAJFINANCE.NS
2026-07-17 04:20:45,190 - INFO - [ASIANPAINT_NS] Inserted 36 rows (duplicates ignored)
2026-07-17 04:20:45,191 - INFO - Inserted 36 rows for ASIANPAINT.NS
2026-07-17 04:20:45,384 - INFO - [MARUTI_NS] Inserted 36 rows (duplicates ignored)
2026-07-17 04:20:45,384 - INFO - Inserted 36 rows for MARUTI.NS
2026-07-17 04:20:45,619 - INFO - [SUNPHARMA_NS] Inserted 36 rows (duplicates ignored)
2026-07-17 04:20:45,619 - INFO - Inserted 36 rows for SUNPHARMA.NS
2026-07-17 04:20:45,882 - INFO - [WIPRO_NS] Inserted 36 rows (duplicates ignored)
2026-07-17 04:20:45,882 - INFO - Inserted 36 rows for WIPRO.NS
2026-07-17 04:20:46,238 - INFO - [POWERGRID_NS] Inserted 36 rows (duplicates ignored)
2026-07-17 04:20:46,238 - INFO - Inserted 36 rows for POWERGRID.NS
2026-07-17 04:20:46,545 - INFO - [NTPC_NS] Inserted 36 rows (duplicates ignored)
2026-07-17 04:20:46,546 - INFO - Inserted 36 rows for NTPC.NS
2026-07-17 04:20:46,721 - INFO - [ONGC_NS] Inserted 36 rows (duplicates ignored)
2026-07-17 04:20:46,721 - INFO - Inserted 36 rows for ONGC.NS
2026-07-17 04:20:46,730 - INFO - Cycle complete. README updated.
2026-07-17 06:34:20,072 - INFO - Starting data fetch cycle...
2026-07-17 06:34:20,478 - INFO - [RELIANCE_NS] Inserted 170 rows (duplicates ignored)
2026-07-17 06:34:20,478 - INFO - Inserted 170 rows for RELIANCE.NS
2026-07-17 06:34:20,619 - INFO - [HDFCBANK_NS] Inserted 170 rows (duplicates ignored)
2026-07-17 06:34:20,619 - INFO - Inserted 170 rows for HDFCBANK.NS
2026-07-17 06:34:20,840 - INFO - [ICICIBANK_NS] Inserted 170 rows (duplicates ignored)
2026-07-17 06:34:20,840 - INFO - Inserted 170 rows for ICICIBANK.NS
2026-07-17 06:34:21,100 - INFO - [INFY_NS] Inserted 170 rows (duplicates ignored)
2026-07-17 06:34:21,100 - INFO - Inserted 170 rows for INFY.NS
2026-07-17 06:34:21,260 - INFO - [TCS_NS] Inserted 170 rows (duplicates ignored)
2026-07-17 06:34:21,260 - INFO - Inserted 170 rows for TCS.NS
2026-07-17 06:34:21,418 - INFO - [ITC_NS] Inserted 170 rows (duplicates ignored)
2026-07-17 06:34:21,418 - INFO - Inserted 170 rows for ITC.NS
2026-07-17 06:34:21,650 - INFO - [HINDUNILVR_NS] Inserted 170 rows (duplicates ignored)
2026-07-17 06:34:21,650 - INFO - Inserted 170 rows for HINDUNILVR.NS
2026-07-17 06:34:21,818 - INFO - [SBIN_NS] Inserted 170 rows (duplicates ignored)
2026-07-17 06:34:21,819 - INFO - Inserted 170 rows for SBIN.NS
2026-07-17 06:34:21,983 - INFO - [BHARTIARTL_NS] Inserted 170 rows (duplicates ignored)
2026-07-17 06:34:21,984 - INFO - Inserted 170 rows for BHARTIARTL.NS
2026-07-17 06:34:22,173 - INFO - [KOTAKBANK_NS] Inserted 170 rows (duplicates ignored)
2026-07-17 06:34:22,173 - INFO - Inserted 170 rows for KOTAKBANK.NS
2026-07-17 06:34:22,420 - INFO - [LT_NS] Inserted 170 rows (duplicates ignored)
2026-07-17 06:34:22,420 - INFO - Inserted 170 rows for LT.NS
2026-07-17 06:34:22,732 - INFO - [AXISBANK_NS] Inserted 170 rows (duplicates ignored)
2026-07-17 06:34:22,732 - INFO - Inserted 170 rows for AXISBANK.NS
2026-07-17 06:34:23,132 - INFO - [BAJFINANCE_NS] Inserted 170 rows (duplicates ignored)
2026-07-17 06:34:23,133 - INFO - Inserted 170 rows for BAJFINANCE.NS
2026-07-17 06:34:24,034 - INFO - [ASIANPAINT_NS] Inserted 170 rows (duplicates ignored)
2026-07-17 06:34:24,035 - INFO - Inserted 170 rows for ASIANPAINT.NS
2026-07-17 06:34:24,732 - INFO - [MARUTI_NS] Inserted 170 rows (duplicates ignored)
2026-07-17 06:34:24,732 - INFO - Inserted 170 rows for MARUTI.NS
2026-07-17 06:34:25,063 - INFO - [SUNPHARMA_NS] Inserted 170 rows (duplicates ignored)
2026-07-17 06:34:25,063 - INFO - Inserted 170 rows for SUNPHARMA.NS
2026-07-17 06:34:25,311 - INFO - [WIPRO_NS] Inserted 170 rows (duplicates ignored)
2026-07-17 06:34:25,312 - INFO - Inserted 170 rows for WIPRO.NS
2026-07-17 06:34:25,457 - INFO - [POWERGRID_NS] Inserted 170 rows (duplicates ignored)
2026-07-17 06:34:25,457 - INFO - Inserted 170 rows for POWERGRID.NS
2026-07-17 06:34:25,643 - INFO - [NTPC_NS] Inserted 170 rows (duplicates ignored)
2026-07-17 06:34:25,643 - INFO - Inserted 170 rows for NTPC.NS
2026-07-17 06:34:25,808 - INFO - [ONGC_NS] Inserted 170 rows (duplicates ignored)
2026-07-17 06:34:25,809 - INFO - Inserted 170 rows for ONGC.NS
2026-07-17 06:34:25,819 - INFO - Cycle complete. README updated.
2026-07-19 23:30:13,393 - INFO - Starting data fetch cycle...
2026-07-19 23:30:13,706 - INFO - [RELIANCE_NS] Inserted 375 rows (duplicates ignored)
2026-07-19 23:30:13,706 - INFO - Inserted 375 rows for RELIANCE.NS
2026-07-19 23:30:13,851 - INFO - [HDFCBANK_NS] Inserted 375 rows (duplicates ignored)
2026-07-19 23:30:13,851 - INFO - Inserted 375 rows for HDFCBANK.NS
2026-07-19 23:30:14,000 - INFO - [ICICIBANK_NS] Inserted 375 rows (duplicates ignored)
2026-07-19 23:30:14,000 - INFO - Inserted 375 rows for ICICIBANK.NS
2026-07-19 23:30:14,180 - INFO - [INFY_NS] Inserted 375 rows (duplicates ignored)
2026-07-19 23:30:14,180 - INFO - Inserted 375 rows for INFY.NS
2026-07-19 23:30:14,356 - INFO - [TCS_NS] Inserted 375 rows (duplicates ignored)
2026-07-19 23:30:14,356 - INFO - Inserted 375 rows for TCS.NS
2026-07-19 23:30:14,556 - INFO - [ITC_NS] Inserted 375 rows (duplicates ignored)
2026-07-19 23:30:14,556 - INFO - Inserted 375 rows for ITC.NS
2026-07-19 23:30:14,707 - INFO - [HINDUNILVR_NS] Inserted 375 rows (duplicates ignored)
2026-07-19 23:30:14,707 - INFO - Inserted 375 rows for HINDUNILVR.NS
2026-07-19 23:30:14,886 - INFO - [SBIN_NS] Inserted 375 rows (duplicates ignored)
2026-07-19 23:30:14,886 - INFO - Inserted 375 rows for SBIN.NS
2026-07-19 23:30:15,018 - INFO - [BHARTIARTL_NS] Inserted 375 rows (duplicates ignored)
2026-07-19 23:30:15,018 - INFO - Inserted 375 rows for BHARTIARTL.NS
2026-07-19 23:30:15,199 - INFO - [KOTAKBANK_NS] Inserted 375 rows (duplicates ignored)
2026-07-19 23:30:15,199 - INFO - Inserted 375 rows for KOTAKBANK.NS
2026-07-19 23:30:15,351 - INFO - [LT_NS] Inserted 375 rows (duplicates ignored)
2026-07-19 23:30:15,351 - INFO - Inserted 375 rows for LT.NS
2026-07-19 23:30:15,531 - INFO - [AXISBANK_NS] Inserted 375 rows (duplicates ignored)
2026-07-19 23:30:15,531 - INFO - Inserted 375 rows for AXISBANK.NS
2026-07-19 23:30:15,690 - INFO - [BAJFINANCE_NS] Inserted 375 rows (duplicates ignored)
2026-07-19 23:30:15,690 - INFO - Inserted 375 rows for BAJFINANCE.NS
2026-07-19 23:30:15,830 - INFO - [ASIANPAINT_NS] Inserted 375 rows (duplicates ignored)
2026-07-19 23:30:15,830 - INFO - Inserted 375 rows for ASIANPAINT.NS
2026-07-19 23:30:16,040 - INFO - [MARUTI_NS] Inserted 375 rows (duplicates ignored)
2026-07-19 23:30:16,040 - INFO - Inserted 375 rows for MARUTI.NS
2026-07-19 23:30:16,242 - INFO - [SUNPHARMA_NS] Inserted 375 rows (duplicates ignored)
2026-07-19 23:30:16,242 - INFO - Inserted 375 rows for SUNPHARMA.NS
2026-07-19 23:30:16,402 - INFO - [WIPRO_NS] Inserted 375 rows (duplicates ignored)
2026-07-19 23:30:16,403 - INFO - Inserted 375 rows for WIPRO.NS
2026-07-19 23:30:16,543 - INFO - [POWERGRID_NS] Inserted 375 rows (duplicates ignored)
2026-07-19 23:30:16,543 - INFO - Inserted 375 rows for POWERGRID.NS
2026-07-19 23:30:16,691 - INFO - [NTPC_NS] Inserted 375 rows (duplicates ignored)
2026-07-19 23:30:16,692 - INFO - Inserted 375 rows for NTPC.NS
2026-07-19 23:30:16,851 - INFO - [ONGC_NS] Inserted 375 rows (duplicates ignored)
2026-07-19 23:30:16,852 - INFO - Inserted 375 rows for ONGC.NS
2026-07-19 23:30:16,866 - INFO - Cycle complete. README updated.
2026-07-20 01:08:22,425 - INFO - Starting data fetch cycle...
2026-07-20 01:08:23,138 - INFO - [RELIANCE_NS] Inserted 375 rows (duplicates ignored)
2026-07-20 01:08:23,138 - INFO - Inserted 375 rows for RELIANCE.NS
2026-07-20 01:08:23,430 - INFO - [HDFCBANK_NS] Inserted 375 rows (duplicates ignored)
2026-07-20 01:08:23,430 - INFO - Inserted 375 rows for HDFCBANK.NS
2026-07-20 01:08:23,662 - INFO - [ICICIBANK_NS] Inserted 375 rows (duplicates ignored)
2026-07-20 01:08:23,662 - INFO - Inserted 375 rows for ICICIBANK.NS
2026-07-20 01:08:23,945 - INFO - [INFY_NS] Inserted 375 rows (duplicates ignored)
2026-07-20 01:08:23,945 - INFO - Inserted 375 rows for INFY.NS
2026-07-20 01:08:24,209 - INFO - [TCS_NS] Inserted 375 rows (duplicates ignored)
2026-07-20 01:08:24,209 - INFO - Inserted 375 rows for TCS.NS
2026-07-20 01:08:24,510 - INFO - [ITC_NS] Inserted 375 rows (duplicates ignored)
2026-07-20 01:08:24,511 - INFO - Inserted 375 rows for ITC.NS
2026-07-20 01:08:24,715 - INFO - [HINDUNILVR_NS] Inserted 375 rows (duplicates ignored)
2026-07-20 01:08:24,715 - INFO - Inserted 375 rows for HINDUNILVR.NS
2026-07-20 01:08:24,962 - INFO - [SBIN_NS] Inserted 375 rows (duplicates ignored)
2026-07-20 01:08:24,963 - INFO - Inserted 375 rows for SBIN.NS
2026-07-20 01:08:25,184 - INFO - [BHARTIARTL_NS] Inserted 375 rows (duplicates ignored)
2026-07-20 01:08:25,184 - INFO - Inserted 375 rows for BHARTIARTL.NS
2026-07-20 01:08:25,464 - INFO - [KOTAKBANK_NS] Inserted 375 rows (duplicates ignored)
2026-07-20 01:08:25,464 - INFO - Inserted 375 rows for KOTAKBANK.NS
2026-07-20 01:08:25,728 - INFO - [LT_NS] Inserted 375 rows (duplicates ignored)
2026-07-20 01:08:25,728 - INFO - Inserted 375 rows for LT.NS
2026-07-20 01:08:26,010 - INFO - [AXISBANK_NS] Inserted 375 rows (duplicates ignored)
2026-07-20 01:08:26,010 - INFO - Inserted 375 rows for AXISBANK.NS
2026-07-20 01:08:26,271 - INFO - [BAJFINANCE_NS] Inserted 375 rows (duplicates ignored)
2026-07-20 01:08:26,271 - INFO - Inserted 375 rows for BAJFINANCE.NS
2026-07-20 01:08:26,539 - INFO - [ASIANPAINT_NS] Inserted 375 rows (duplicates ignored)
2026-07-20 01:08:26,539 - INFO - Inserted 375 rows for ASIANPAINT.NS
2026-07-20 01:08:26,878 - INFO - [MARUTI_NS] Inserted 375 rows (duplicates ignored)
2026-07-20 01:08:26,878 - INFO - Inserted 375 rows for MARUTI.NS
2026-07-20 01:08:27,142 - INFO - [SUNPHARMA_NS] Inserted 375 rows (duplicates ignored)
2026-07-20 01:08:27,142 - INFO - Inserted 375 rows for SUNPHARMA.NS
2026-07-20 01:08:27,439 - INFO - [WIPRO_NS] Inserted 375 rows (duplicates ignored)
2026-07-20 01:08:27,439 - INFO - Inserted 375 rows for WIPRO.NS
2026-07-20 01:08:27,670 - INFO - [POWERGRID_NS] Inserted 375 rows (duplicates ignored)
2026-07-20 01:08:27,670 - INFO - Inserted 375 rows for POWERGRID.NS
2026-07-20 01:08:28,000 - INFO - [NTPC_NS] Inserted 375 rows (duplicates ignored)
2026-07-20 01:08:28,000 - INFO - Inserted 375 rows for NTPC.NS
2026-07-20 01:08:28,199 - INFO - [ONGC_NS] Inserted 375 rows (duplicates ignored)
2026-07-20 01:08:28,199 - INFO - Inserted 375 rows for ONGC.NS
2026-07-20 01:08:28,213 - INFO - Cycle complete. README updated.
2026-07-20 04:51:37,791 - INFO - Starting data fetch cycle...
2026-07-20 04:51:38,490 - INFO - [RELIANCE_NS] Inserted 67 rows (duplicates ignored)
2026-07-20 04:51:38,490 - INFO - Inserted 67 rows for RELIANCE.NS
2026-07-20 04:51:38,855 - INFO - [HDFCBANK_NS] Inserted 67 rows (duplicates ignored)
2026-07-20 04:51:38,855 - INFO - Inserted 67 rows for HDFCBANK.NS
2026-07-20 04:51:39,292 - INFO - [ICICIBANK_NS] Inserted 67 rows (duplicates ignored)
2026-07-20 04:51:39,293 - INFO - Inserted 67 rows for ICICIBANK.NS
2026-07-20 04:51:39,568 - INFO - [INFY_NS] Inserted 67 rows (duplicates ignored)
2026-07-20 04:51:39,568 - INFO - Inserted 67 rows for INFY.NS
2026-07-20 04:51:39,966 - INFO - [TCS_NS] Inserted 67 rows (duplicates ignored)
2026-07-20 04:51:39,966 - INFO - Inserted 67 rows for TCS.NS
2026-07-20 04:51:40,312 - INFO - [ITC_NS] Inserted 67 rows (duplicates ignored)
2026-07-20 04:51:40,312 - INFO - Inserted 67 rows for ITC.NS
2026-07-20 04:51:40,651 - INFO - [HINDUNILVR_NS] Inserted 67 rows (duplicates ignored)
2026-07-20 04:51:40,652 - INFO - Inserted 67 rows for HINDUNILVR.NS
2026-07-20 04:51:40,969 - INFO - [SBIN_NS] Inserted 67 rows (duplicates ignored)
2026-07-20 04:51:40,969 - INFO - Inserted 67 rows for SBIN.NS
2026-07-20 04:51:41,300 - INFO - [BHARTIARTL_NS] Inserted 67 rows (duplicates ignored)
2026-07-20 04:51:41,301 - INFO - Inserted 67 rows for BHARTIARTL.NS
2026-07-20 04:51:41,668 - INFO - [KOTAKBANK_NS] Inserted 67 rows (duplicates ignored)
2026-07-20 04:51:41,668 - INFO - Inserted 67 rows for KOTAKBANK.NS
2026-07-20 04:51:42,019 - INFO - [LT_NS] Inserted 67 rows (duplicates ignored)
2026-07-20 04:51:42,019 - INFO - Inserted 67 rows for LT.NS
2026-07-20 04:51:42,382 - INFO - [AXISBANK_NS] Inserted 67 rows (duplicates ignored)
2026-07-20 04:51:42,382 - INFO - Inserted 67 rows for AXISBANK.NS
2026-07-20 04:51:42,664 - INFO - [BAJFINANCE_NS] Inserted 67 rows (duplicates ignored)
2026-07-20 04:51:42,664 - INFO - Inserted 67 rows for BAJFINANCE.NS
2026-07-20 04:51:43,044 - INFO - [ASIANPAINT_NS] Inserted 67 rows (duplicates ignored)
2026-07-20 04:51:43,045 - INFO - Inserted 67 rows for ASIANPAINT.NS
2026-07-20 04:51:43,376 - INFO - [MARUTI_NS] Inserted 67 rows (duplicates ignored)
2026-07-20 04:51:43,377 - INFO - Inserted 67 rows for MARUTI.NS
2026-07-20 04:51:43,717 - INFO - [SUNPHARMA_NS] Inserted 67 rows (duplicates ignored)
2026-07-20 04:51:43,717 - INFO - Inserted 67 rows for SUNPHARMA.NS
2026-07-20 04:51:43,973 - INFO - [WIPRO_NS] Inserted 67 rows (duplicates ignored)
2026-07-20 04:51:43,973 - INFO - Inserted 67 rows for WIPRO.NS
2026-07-20 04:51:44,183 - INFO - [POWERGRID_NS] Inserted 67 rows (duplicates ignored)
2026-07-20 04:51:44,183 - INFO - Inserted 67 rows for POWERGRID.NS
2026-07-20 04:51:44,436 - INFO - [NTPC_NS] Inserted 67 rows (duplicates ignored)
2026-07-20 04:51:44,436 - INFO - Inserted 67 rows for NTPC.NS
2026-07-20 04:51:44,700 - INFO - [ONGC_NS] Inserted 67 rows (duplicates ignored)
2026-07-20 04:51:44,700 - INFO - Inserted 67 rows for ONGC.NS
2026-07-20 04:51:44,715 - INFO - Cycle complete. README updated.
2026-07-20 07:53:44,638 - INFO - Starting data fetch cycle...
2026-07-20 07:53:44,927 - INFO - [RELIANCE_NS] Inserted 249 rows (duplicates ignored)
2026-07-20 07:53:44,927 - INFO - Inserted 249 rows for RELIANCE.NS
2026-07-20 07:53:45,077 - INFO - [HDFCBANK_NS] Inserted 249 rows (duplicates ignored)
2026-07-20 07:53:45,077 - INFO - Inserted 249 rows for HDFCBANK.NS
2026-07-20 07:53:45,236 - INFO - [ICICIBANK_NS] Inserted 249 rows (duplicates ignored)
2026-07-20 07:53:45,236 - INFO - Inserted 249 rows for ICICIBANK.NS
2026-07-20 07:53:45,386 - INFO - [INFY_NS] Inserted 249 rows (duplicates ignored)
2026-07-20 07:53:45,386 - INFO - Inserted 249 rows for INFY.NS
2026-07-20 07:53:45,527 - INFO - [TCS_NS] Inserted 249 rows (duplicates ignored)
2026-07-20 07:53:45,527 - INFO - Inserted 249 rows for TCS.NS
2026-07-20 07:53:45,696 - INFO - [ITC_NS] Inserted 249 rows (duplicates ignored)
2026-07-20 07:53:45,696 - INFO - Inserted 249 rows for ITC.NS
2026-07-20 07:53:45,846 - INFO - [HINDUNILVR_NS] Inserted 249 rows (duplicates ignored)
2026-07-20 07:53:45,846 - INFO - Inserted 249 rows for HINDUNILVR.NS
2026-07-20 07:53:45,996 - INFO - [SBIN_NS] Inserted 249 rows (duplicates ignored)
2026-07-20 07:53:45,997 - INFO - Inserted 249 rows for SBIN.NS
2026-07-20 07:53:46,138 - INFO - [BHARTIARTL_NS] Inserted 249 rows (duplicates ignored)
2026-07-20 07:53:46,138 - INFO - Inserted 249 rows for BHARTIARTL.NS
2026-07-20 07:53:46,297 - INFO - [KOTAKBANK_NS] Inserted 249 rows (duplicates ignored)
2026-07-20 07:53:46,297 - INFO - Inserted 249 rows for KOTAKBANK.NS
2026-07-20 07:53:46,445 - INFO - [LT_NS] Inserted 249 rows (duplicates ignored)
2026-07-20 07:53:46,445 - INFO - Inserted 249 rows for LT.NS
2026-07-20 07:53:46,607 - INFO - [AXISBANK_NS] Inserted 249 rows (duplicates ignored)
2026-07-20 07:53:46,607 - INFO - Inserted 249 rows for AXISBANK.NS
2026-07-20 07:53:46,759 - INFO - [BAJFINANCE_NS] Inserted 249 rows (duplicates ignored)
2026-07-20 07:53:46,760 - INFO - Inserted 249 rows for BAJFINANCE.NS
2026-07-20 07:53:46,909 - INFO - [ASIANPAINT_NS] Inserted 249 rows (duplicates ignored)
2026-07-20 07:53:46,909 - INFO - Inserted 249 rows for ASIANPAINT.NS
2026-07-20 07:53:47,042 - INFO - [MARUTI_NS] Inserted 249 rows (duplicates ignored)
2026-07-20 07:53:47,043 - INFO - Inserted 249 rows for MARUTI.NS
2026-07-20 07:53:47,191 - INFO - [SUNPHARMA_NS] Inserted 249 rows (duplicates ignored)
2026-07-20 07:53:47,191 - INFO - Inserted 249 rows for SUNPHARMA.NS
2026-07-20 07:53:47,332 - INFO - [WIPRO_NS] Inserted 249 rows (duplicates ignored)
2026-07-20 07:53:47,332 - INFO - Inserted 249 rows for WIPRO.NS
2026-07-20 07:53:47,484 - INFO - [POWERGRID_NS] Inserted 249 rows (duplicates ignored)
2026-07-20 07:53:47,485 - INFO - Inserted 249 rows for POWERGRID.NS
2026-07-20 07:53:47,748 - INFO - [NTPC_NS] Inserted 249 rows (duplicates ignored)
2026-07-20 07:53:47,748 - INFO - Inserted 249 rows for NTPC.NS
2026-07-20 07:53:47,902 - INFO - [ONGC_NS] Inserted 249 rows (duplicates ignored)
2026-07-20 07:53:47,902 - INFO - Inserted 249 rows for ONGC.NS
2026-07-20 07:53:47,916 - INFO - Cycle complete. README updated.
2026-07-20 23:31:57,937 - INFO - Starting data fetch cycle...
2026-07-20 23:31:58,182 - INFO - [RELIANCE_NS] Inserted 375 rows (duplicates ignored)
2026-07-20 23:31:58,182 - INFO - Inserted 375 rows for RELIANCE.NS
2026-07-20 23:31:58,401 - INFO - [HDFCBANK_NS] Inserted 375 rows (duplicates ignored)
2026-07-20 23:31:58,401 - INFO - Inserted 375 rows for HDFCBANK.NS
2026-07-20 23:31:58,551 - INFO - [ICICIBANK_NS] Inserted 375 rows (duplicates ignored)
2026-07-20 23:31:58,551 - INFO - Inserted 375 rows for ICICIBANK.NS
2026-07-20 23:31:58,733 - INFO - [INFY_NS] Inserted 375 rows (duplicates ignored)
2026-07-20 23:31:58,733 - INFO - Inserted 375 rows for INFY.NS
2026-07-20 23:31:58,894 - INFO - [TCS_NS] Inserted 375 rows (duplicates ignored)
2026-07-20 23:31:58,894 - INFO - Inserted 375 rows for TCS.NS
2026-07-20 23:31:59,044 - INFO - [ITC_NS] Inserted 375 rows (duplicates ignored)
2026-07-20 23:31:59,044 - INFO - Inserted 375 rows for ITC.NS
2026-07-20 23:31:59,204 - INFO - [HINDUNILVR_NS] Inserted 375 rows (duplicates ignored)
2026-07-20 23:31:59,204 - INFO - Inserted 375 rows for HINDUNILVR.NS
2026-07-20 23:31:59,377 - INFO - [SBIN_NS] Inserted 375 rows (duplicates ignored)
2026-07-20 23:31:59,378 - INFO - Inserted 375 rows for SBIN.NS
2026-07-20 23:31:59,513 - INFO - [BHARTIARTL_NS] Inserted 375 rows (duplicates ignored)
2026-07-20 23:31:59,513 - INFO - Inserted 375 rows for BHARTIARTL.NS
2026-07-20 23:31:59,672 - INFO - [KOTAKBANK_NS] Inserted 375 rows (duplicates ignored)
2026-07-20 23:31:59,673 - INFO - Inserted 375 rows for KOTAKBANK.NS
2026-07-20 23:31:59,812 - INFO - [LT_NS] Inserted 375 rows (duplicates ignored)
2026-07-20 23:31:59,812 - INFO - Inserted 375 rows for LT.NS
2026-07-20 23:31:59,960 - INFO - [AXISBANK_NS] Inserted 375 rows (duplicates ignored)
2026-07-20 23:31:59,961 - INFO - Inserted 375 rows for AXISBANK.NS
2026-07-20 23:32:00,119 - INFO - [BAJFINANCE_NS] Inserted 375 rows (duplicates ignored)
2026-07-20 23:32:00,119 - INFO - Inserted 375 rows for BAJFINANCE.NS
2026-07-20 23:32:00,271 - INFO - [ASIANPAINT_NS] Inserted 375 rows (duplicates ignored)
2026-07-20 23:32:00,271 - INFO - Inserted 375 rows for ASIANPAINT.NS
2026-07-20 23:32:00,417 - INFO - [MARUTI_NS] Inserted 375 rows (duplicates ignored)
2026-07-20 23:32:00,417 - INFO - Inserted 375 rows for MARUTI.NS
2026-07-20 23:32:00,621 - INFO - [SUNPHARMA_NS] Inserted 375 rows (duplicates ignored)
2026-07-20 23:32:00,622 - INFO - Inserted 375 rows for SUNPHARMA.NS
2026-07-20 23:32:00,768 - INFO - [WIPRO_NS] Inserted 375 rows (duplicates ignored)
2026-07-20 23:32:00,768 - INFO - Inserted 375 rows for WIPRO.NS
2026-07-20 23:32:00,949 - INFO - [POWERGRID_NS] Inserted 375 rows (duplicates ignored)
2026-07-20 23:32:00,949 - INFO - Inserted 375 rows for POWERGRID.NS
2026-07-20 23:32:01,126 - INFO - [NTPC_NS] Inserted 375 rows (duplicates ignored)
2026-07-20 23:32:01,126 - INFO - Inserted 375 rows for NTPC.NS
2026-07-20 23:32:01,291 - INFO - [ONGC_NS] Inserted 375 rows (duplicates ignored)
2026-07-20 23:32:01,291 - INFO - Inserted 375 rows for ONGC.NS
2026-07-20 23:32:01,306 - INFO - Cycle complete. README updated.
2026-07-21 01:03:10,804 - INFO - Starting data fetch cycle...
2026-07-21 01:03:11,181 - INFO - [RELIANCE_NS] Inserted 375 rows (duplicates ignored)
2026-07-21 01:03:11,181 - INFO - Inserted 375 rows for RELIANCE.NS
2026-07-21 01:03:11,401 - INFO - [HDFCBANK_NS] Inserted 375 rows (duplicates ignored)
2026-07-21 01:03:11,401 - INFO - Inserted 375 rows for HDFCBANK.NS
2026-07-21 01:03:11,706 - INFO - [ICICIBANK_NS] Inserted 375 rows (duplicates ignored)
2026-07-21 01:03:11,707 - INFO - Inserted 375 rows for ICICIBANK.NS
2026-07-21 01:03:11,900 - INFO - [INFY_NS] Inserted 375 rows (duplicates ignored)
2026-07-21 01:03:11,900 - INFO - Inserted 375 rows for INFY.NS
2026-07-21 01:03:12,272 - INFO - [TCS_NS] Inserted 375 rows (duplicates ignored)
2026-07-21 01:03:12,273 - INFO - Inserted 375 rows for TCS.NS
2026-07-21 01:03:12,570 - INFO - [ITC_NS] Inserted 375 rows (duplicates ignored)
2026-07-21 01:03:12,570 - INFO - Inserted 375 rows for ITC.NS
2026-07-21 01:03:12,761 - INFO - [HINDUNILVR_NS] Inserted 375 rows (duplicates ignored)
2026-07-21 01:03:12,761 - INFO - Inserted 375 rows for HINDUNILVR.NS
2026-07-21 01:03:13,107 - INFO - [SBIN_NS] Inserted 375 rows (duplicates ignored)
2026-07-21 01:03:13,107 - INFO - Inserted 375 rows for SBIN.NS
2026-07-21 01:03:13,659 - INFO - [BHARTIARTL_NS] Inserted 375 rows (duplicates ignored)
2026-07-21 01:03:13,659 - INFO - Inserted 375 rows for BHARTIARTL.NS
2026-07-21 01:03:13,936 - INFO - [KOTAKBANK_NS] Inserted 375 rows (duplicates ignored)
2026-07-21 01:03:13,936 - INFO - Inserted 375 rows for KOTAKBANK.NS
2026-07-21 01:03:14,091 - INFO - [LT_NS] Inserted 375 rows (duplicates ignored)
2026-07-21 01:03:14,091 - INFO - Inserted 375 rows for LT.NS
2026-07-21 01:03:14,417 - INFO - [AXISBANK_NS] Inserted 375 rows (duplicates ignored)
2026-07-21 01:03:14,417 - INFO - Inserted 375 rows for AXISBANK.NS
2026-07-21 01:03:14,642 - INFO - [BAJFINANCE_NS] Inserted 375 rows (duplicates ignored)
2026-07-21 01:03:14,642 - INFO - Inserted 375 rows for BAJFINANCE.NS
2026-07-21 01:03:14,788 - INFO - [ASIANPAINT_NS] Inserted 375 rows (duplicates ignored)
2026-07-21 01:03:14,788 - INFO - Inserted 375 rows for ASIANPAINT.NS
2026-07-21 01:03:14,920 - INFO - [MARUTI_NS] Inserted 375 rows (duplicates ignored)
2026-07-21 01:03:14,920 - INFO - Inserted 375 rows for MARUTI.NS
2026-07-21 01:03:15,106 - INFO - [SUNPHARMA_NS] Inserted 375 rows (duplicates ignored)
2026-07-21 01:03:15,106 - INFO - Inserted 375 rows for SUNPHARMA.NS
2026-07-21 01:03:15,352 - INFO - [WIPRO_NS] Inserted 375 rows (duplicates ignored)
2026-07-21 01:03:15,352 - INFO - Inserted 375 rows for WIPRO.NS
2026-07-21 01:03:15,486 - INFO - [POWERGRID_NS] Inserted 375 rows (duplicates ignored)
2026-07-21 01:03:15,486 - INFO - Inserted 375 rows for POWERGRID.NS
2026-07-21 01:03:15,622 - INFO - [NTPC_NS] Inserted 375 rows (duplicates ignored)
2026-07-21 01:03:15,622 - INFO - Inserted 375 rows for NTPC.NS
2026-07-21 01:03:15,773 - INFO - [ONGC_NS] Inserted 375 rows (duplicates ignored)
2026-07-21 01:03:15,773 - INFO - Inserted 375 rows for ONGC.NS
2026-07-21 01:03:15,787 - INFO - Cycle complete. README updated.
2026-07-21 04:27:21,046 - INFO - Starting data fetch cycle...
2026-07-21 04:27:21,749 - INFO - [RELIANCE_NS] Inserted 43 rows (duplicates ignored)
2026-07-21 04:27:21,750 - INFO - Inserted 43 rows for RELIANCE.NS
2026-07-21 04:27:22,155 - INFO - [HDFCBANK_NS] Inserted 43 rows (duplicates ignored)
2026-07-21 04:27:22,155 - INFO - Inserted 43 rows for HDFCBANK.NS
2026-07-21 04:27:22,584 - INFO - [ICICIBANK_NS] Inserted 43 rows (duplicates ignored)
2026-07-21 04:27:22,584 - INFO - Inserted 43 rows for ICICIBANK.NS
2026-07-21 04:27:22,981 - INFO - [INFY_NS] Inserted 43 rows (duplicates ignored)
2026-07-21 04:27:22,981 - INFO - Inserted 43 rows for INFY.NS
2026-07-21 04:27:23,548 - INFO - [TCS_NS] Inserted 43 rows (duplicates ignored)
2026-07-21 04:27:23,548 - INFO - Inserted 43 rows for TCS.NS
2026-07-21 04:27:23,965 - INFO - [ITC_NS] Inserted 43 rows (duplicates ignored)
2026-07-21 04:27:23,965 - INFO - Inserted 43 rows for ITC.NS
2026-07-21 04:27:24,365 - INFO - [HINDUNILVR_NS] Inserted 43 rows (duplicates ignored)
2026-07-21 04:27:24,365 - INFO - Inserted 43 rows for HINDUNILVR.NS
2026-07-21 04:27:24,794 - INFO - [SBIN_NS] Inserted 43 rows (duplicates ignored)
2026-07-21 04:27:24,795 - INFO - Inserted 43 rows for SBIN.NS
2026-07-21 04:27:25,219 - INFO - [BHARTIARTL_NS] Inserted 43 rows (duplicates ignored)
2026-07-21 04:27:25,220 - INFO - Inserted 43 rows for BHARTIARTL.NS
2026-07-21 04:27:25,629 - INFO - [KOTAKBANK_NS] Inserted 43 rows (duplicates ignored)
2026-07-21 04:27:25,629 - INFO - Inserted 43 rows for KOTAKBANK.NS
2026-07-21 04:27:26,044 - INFO - [LT_NS] Inserted 43 rows (duplicates ignored)
2026-07-21 04:27:26,044 - INFO - Inserted 43 rows for LT.NS
2026-07-21 04:27:26,738 - INFO - [AXISBANK_NS] Inserted 43 rows (duplicates ignored)
2026-07-21 04:27:26,738 - INFO - Inserted 43 rows for AXISBANK.NS
2026-07-21 04:27:27,249 - INFO - [BAJFINANCE_NS] Inserted 43 rows (duplicates ignored)
2026-07-21 04:27:27,249 - INFO - Inserted 43 rows for BAJFINANCE.NS
2026-07-21 04:27:27,675 - INFO - [ASIANPAINT_NS] Inserted 43 rows (duplicates ignored)
2026-07-21 04:27:27,675 - INFO - Inserted 43 rows for ASIANPAINT.NS
2026-07-21 04:27:28,087 - INFO - [MARUTI_NS] Inserted 43 rows (duplicates ignored)
2026-07-21 04:27:28,087 - INFO - Inserted 43 rows for MARUTI.NS
2026-07-21 04:27:28,514 - INFO - [SUNPHARMA_NS] Inserted 43 rows (duplicates ignored)
2026-07-21 04:27:28,515 - INFO - Inserted 43 rows for SUNPHARMA.NS
2026-07-21 04:27:28,942 - INFO - [WIPRO_NS] Inserted 43 rows (duplicates ignored)
2026-07-21 04:27:28,942 - INFO - Inserted 43 rows for WIPRO.NS
2026-07-21 04:27:29,348 - INFO - [POWERGRID_NS] Inserted 43 rows (duplicates ignored)
2026-07-21 04:27:29,348 - INFO - Inserted 43 rows for POWERGRID.NS
2026-07-21 04:27:29,722 - INFO - [NTPC_NS] Inserted 43 rows (duplicates ignored)
2026-07-21 04:27:29,722 - INFO - Inserted 43 rows for NTPC.NS
2026-07-21 04:27:30,103 - INFO - [ONGC_NS] Inserted 43 rows (duplicates ignored)
2026-07-21 04:27:30,103 - INFO - Inserted 43 rows for ONGC.NS
2026-07-21 04:27:30,116 - INFO - Cycle complete. README updated.
2026-07-21 07:13:23,388 - INFO - Starting data fetch cycle...
2026-07-21 07:13:23,773 - INFO - [RELIANCE_NS] Inserted 209 rows (duplicates ignored)
2026-07-21 07:13:23,773 - INFO - Inserted 209 rows for RELIANCE.NS
2026-07-21 07:13:23,938 - INFO - [HDFCBANK_NS] Inserted 209 rows (duplicates ignored)
2026-07-21 07:13:23,938 - INFO - Inserted 209 rows for HDFCBANK.NS
2026-07-21 07:13:24,095 - INFO - [ICICIBANK_NS] Inserted 209 rows (duplicates ignored)
2026-07-21 07:13:24,095 - INFO - Inserted 209 rows for ICICIBANK.NS
2026-07-21 07:13:24,252 - INFO - [INFY_NS] Inserted 209 rows (duplicates ignored)
2026-07-21 07:13:24,252 - INFO - Inserted 209 rows for INFY.NS
2026-07-21 07:13:24,429 - INFO - [TCS_NS] Inserted 209 rows (duplicates ignored)
2026-07-21 07:13:24,429 - INFO - Inserted 209 rows for TCS.NS
2026-07-21 07:13:24,585 - INFO - [ITC_NS] Inserted 209 rows (duplicates ignored)
2026-07-21 07:13:24,585 - INFO - Inserted 209 rows for ITC.NS
2026-07-21 07:13:24,751 - INFO - [HINDUNILVR_NS] Inserted 209 rows (duplicates ignored)
2026-07-21 07:13:24,751 - INFO - Inserted 209 rows for HINDUNILVR.NS
2026-07-21 07:13:24,901 - INFO - [SBIN_NS] Inserted 209 rows (duplicates ignored)
2026-07-21 07:13:24,901 - INFO - Inserted 209 rows for SBIN.NS
2026-07-21 07:13:25,074 - INFO - [BHARTIARTL_NS] Inserted 209 rows (duplicates ignored)
2026-07-21 07:13:25,075 - INFO - Inserted 209 rows for BHARTIARTL.NS
2026-07-21 07:13:25,241 - INFO - [KOTAKBANK_NS] Inserted 209 rows (duplicates ignored)
2026-07-21 07:13:25,241 - INFO - Inserted 209 rows for KOTAKBANK.NS
2026-07-21 07:13:25,386 - INFO - [LT_NS] Inserted 209 rows (duplicates ignored)
2026-07-21 07:13:25,386 - INFO - Inserted 209 rows for LT.NS
2026-07-21 07:13:25,552 - INFO - [AXISBANK_NS] Inserted 209 rows (duplicates ignored)
2026-07-21 07:13:25,552 - INFO - Inserted 209 rows for AXISBANK.NS
2026-07-21 07:13:25,698 - INFO - [BAJFINANCE_NS] Inserted 209 rows (duplicates ignored)
2026-07-21 07:13:25,698 - INFO - Inserted 209 rows for BAJFINANCE.NS
2026-07-21 07:13:25,853 - INFO - [ASIANPAINT_NS] Inserted 209 rows (duplicates ignored)
2026-07-21 07:13:25,854 - INFO - Inserted 209 rows for ASIANPAINT.NS
2026-07-21 07:13:26,011 - INFO - [MARUTI_NS] Inserted 209 rows (duplicates ignored)
2026-07-21 07:13:26,011 - INFO - Inserted 209 rows for MARUTI.NS
2026-07-21 07:13:26,174 - INFO - [SUNPHARMA_NS] Inserted 209 rows (duplicates ignored)
2026-07-21 07:13:26,174 - INFO - Inserted 209 rows for SUNPHARMA.NS
2026-07-21 07:13:26,331 - INFO - [WIPRO_NS] Inserted 209 rows (duplicates ignored)
2026-07-21 07:13:26,331 - INFO - Inserted 209 rows for WIPRO.NS
2026-07-21 07:13:26,490 - INFO - [POWERGRID_NS] Inserted 209 rows (duplicates ignored)
2026-07-21 07:13:26,490 - INFO - Inserted 209 rows for POWERGRID.NS
2026-07-21 07:13:26,640 - INFO - [NTPC_NS] Inserted 209 rows (duplicates ignored)
2026-07-21 07:13:26,640 - INFO - Inserted 209 rows for NTPC.NS
2026-07-21 07:13:26,850 - INFO - [ONGC_NS] Inserted 209 rows (duplicates ignored)
2026-07-21 07:13:26,851 - INFO - Inserted 209 rows for ONGC.NS
2026-07-21 07:13:26,862 - INFO - Cycle complete. README updated.
2026-07-21 23:30:24,784 - INFO - Starting data fetch cycle...
2026-07-21 23:30:25,319 - INFO - [RELIANCE_NS] Inserted 375 rows (duplicates ignored)
2026-07-21 23:30:25,320 - INFO - Inserted 375 rows for RELIANCE.NS
2026-07-21 23:30:25,650 - INFO - [HDFCBANK_NS] Inserted 375 rows (duplicates ignored)
2026-07-21 23:30:25,650 - INFO - Inserted 375 rows for HDFCBANK.NS
2026-07-21 23:30:26,032 - INFO - [ICICIBANK_NS] Inserted 375 rows (duplicates ignored)
2026-07-21 23:30:26,033 - INFO - Inserted 375 rows for ICICIBANK.NS
2026-07-21 23:30:26,374 - INFO - [INFY_NS] Inserted 375 rows (duplicates ignored)
2026-07-21 23:30:26,374 - INFO - Inserted 375 rows for INFY.NS
2026-07-21 23:30:26,707 - INFO - [TCS_NS] Inserted 375 rows (duplicates ignored)
2026-07-21 23:30:26,707 - INFO - Inserted 375 rows for TCS.NS
2026-07-21 23:30:27,065 - INFO - [ITC_NS] Inserted 375 rows (duplicates ignored)
2026-07-21 23:30:27,065 - INFO - Inserted 375 rows for ITC.NS
2026-07-21 23:30:27,436 - INFO - [HINDUNILVR_NS] Inserted 375 rows (duplicates ignored)
2026-07-21 23:30:27,436 - INFO - Inserted 375 rows for HINDUNILVR.NS
2026-07-21 23:30:27,731 - INFO - [SBIN_NS] Inserted 375 rows (duplicates ignored)
2026-07-21 23:30:27,731 - INFO - Inserted 375 rows for SBIN.NS
2026-07-21 23:30:28,024 - INFO - [BHARTIARTL_NS] Inserted 375 rows (duplicates ignored)
2026-07-21 23:30:28,024 - INFO - Inserted 375 rows for BHARTIARTL.NS
2026-07-21 23:30:28,286 - INFO - [KOTAKBANK_NS] Inserted 375 rows (duplicates ignored)
2026-07-21 23:30:28,286 - INFO - Inserted 375 rows for KOTAKBANK.NS
2026-07-21 23:30:28,557 - INFO - [LT_NS] Inserted 375 rows (duplicates ignored)
2026-07-21 23:30:28,557 - INFO - Inserted 375 rows for LT.NS
2026-07-21 23:30:29,103 - INFO - [AXISBANK_NS] Inserted 375 rows (duplicates ignored)
2026-07-21 23:30:29,103 - INFO - Inserted 375 rows for AXISBANK.NS
2026-07-21 23:30:29,417 - INFO - [BAJFINANCE_NS] Inserted 375 rows (duplicates ignored)
2026-07-21 23:30:29,417 - INFO - Inserted 375 rows for BAJFINANCE.NS
2026-07-21 23:30:29,819 - INFO - [ASIANPAINT_NS] Inserted 375 rows (duplicates ignored)
2026-07-21 23:30:29,819 - INFO - Inserted 375 rows for ASIANPAINT.NS
2026-07-21 23:30:30,099 - INFO - [MARUTI_NS] Inserted 375 rows (duplicates ignored)
2026-07-21 23:30:30,099 - INFO - Inserted 375 rows for MARUTI.NS
2026-07-21 23:30:30,444 - INFO - [SUNPHARMA_NS] Inserted 375 rows (duplicates ignored)
2026-07-21 23:30:30,444 - INFO - Inserted 375 rows for SUNPHARMA.NS
2026-07-21 23:30:30,795 - INFO - [WIPRO_NS] Inserted 375 rows (duplicates ignored)
2026-07-21 23:30:30,796 - INFO - Inserted 375 rows for WIPRO.NS
2026-07-21 23:30:31,117 - INFO - [POWERGRID_NS] Inserted 375 rows (duplicates ignored)
2026-07-21 23:30:31,117 - INFO - Inserted 375 rows for POWERGRID.NS
2026-07-21 23:30:31,467 - INFO - [NTPC_NS] Inserted 375 rows (duplicates ignored)
2026-07-21 23:30:31,467 - INFO - Inserted 375 rows for NTPC.NS
2026-07-21 23:30:31,797 - INFO - [ONGC_NS] Inserted 375 rows (duplicates ignored)
2026-07-21 23:30:31,798 - INFO - Inserted 375 rows for ONGC.NS
2026-07-21 23:30:31,812 - INFO - Cycle complete. README updated.
2026-07-22 01:01:40,501 - INFO - Starting data fetch cycle...
2026-07-22 01:01:41,202 - INFO - [RELIANCE_NS] Inserted 375 rows (duplicates ignored)
2026-07-22 01:01:41,203 - INFO - Inserted 375 rows for RELIANCE.NS
2026-07-22 01:01:41,644 - INFO - [HDFCBANK_NS] Inserted 375 rows (duplicates ignored)
2026-07-22 01:01:41,644 - INFO - Inserted 375 rows for HDFCBANK.NS
2026-07-22 01:01:42,054 - INFO - [ICICIBANK_NS] Inserted 375 rows (duplicates ignored)
2026-07-22 01:01:42,054 - INFO - Inserted 375 rows for ICICIBANK.NS
2026-07-22 01:01:42,705 - INFO - [INFY_NS] Inserted 375 rows (duplicates ignored)
2026-07-22 01:01:42,705 - INFO - Inserted 375 rows for INFY.NS
2026-07-22 01:01:43,302 - INFO - [TCS_NS] Inserted 375 rows (duplicates ignored)
2026-07-22 01:01:43,303 - INFO - Inserted 375 rows for TCS.NS
2026-07-22 01:01:43,687 - INFO - [ITC_NS] Inserted 375 rows (duplicates ignored)
2026-07-22 01:01:43,687 - INFO - Inserted 375 rows for ITC.NS
2026-07-22 01:01:44,173 - INFO - [HINDUNILVR_NS] Inserted 375 rows (duplicates ignored)
2026-07-22 01:01:44,173 - INFO - Inserted 375 rows for HINDUNILVR.NS
2026-07-22 01:01:44,641 - INFO - [SBIN_NS] Inserted 375 rows (duplicates ignored)
2026-07-22 01:01:44,641 - INFO - Inserted 375 rows for SBIN.NS
2026-07-22 01:01:45,059 - INFO - [BHARTIARTL_NS] Inserted 375 rows (duplicates ignored)
2026-07-22 01:01:45,059 - INFO - Inserted 375 rows for BHARTIARTL.NS
2026-07-22 01:01:45,464 - INFO - [KOTAKBANK_NS] Inserted 375 rows (duplicates ignored)
2026-07-22 01:01:45,464 - INFO - Inserted 375 rows for KOTAKBANK.NS
2026-07-22 01:01:45,895 - INFO - [LT_NS] Inserted 375 rows (duplicates ignored)
2026-07-22 01:01:45,895 - INFO - Inserted 375 rows for LT.NS
2026-07-22 01:01:46,352 - INFO - [AXISBANK_NS] Inserted 375 rows (duplicates ignored)
2026-07-22 01:01:46,352 - INFO - Inserted 375 rows for AXISBANK.NS
2026-07-22 01:01:46,740 - INFO - [BAJFINANCE_NS] Inserted 375 rows (duplicates ignored)
2026-07-22 01:01:46,741 - INFO - Inserted 375 rows for BAJFINANCE.NS
2026-07-22 01:01:47,162 - INFO - [ASIANPAINT_NS] Inserted 375 rows (duplicates ignored)
2026-07-22 01:01:47,162 - INFO - Inserted 375 rows for ASIANPAINT.NS
2026-07-22 01:01:47,814 - INFO - [MARUTI_NS] Inserted 375 rows (duplicates ignored)
2026-07-22 01:01:47,814 - INFO - Inserted 375 rows for MARUTI.NS
2026-07-22 01:01:48,281 - INFO - [SUNPHARMA_NS] Inserted 375 rows (duplicates ignored)
2026-07-22 01:01:48,281 - INFO - Inserted 375 rows for SUNPHARMA.NS
2026-07-22 01:01:48,741 - INFO - [WIPRO_NS] Inserted 375 rows (duplicates ignored)
2026-07-22 01:01:48,741 - INFO - Inserted 375 rows for WIPRO.NS
2026-07-22 01:01:49,217 - INFO - [POWERGRID_NS] Inserted 375 rows (duplicates ignored)
2026-07-22 01:01:49,217 - INFO - Inserted 375 rows for POWERGRID.NS
2026-07-22 01:01:49,737 - INFO - [NTPC_NS] Inserted 375 rows (duplicates ignored)
2026-07-22 01:01:49,737 - INFO - Inserted 375 rows for NTPC.NS
2026-07-22 01:01:50,183 - INFO - [ONGC_NS] Inserted 375 rows (duplicates ignored)
2026-07-22 01:01:50,183 - INFO - Inserted 375 rows for ONGC.NS
2026-07-22 01:01:50,194 - INFO - Cycle complete. README updated.
2026-07-22 04:28:17,614 - INFO - Starting data fetch cycle...
2026-07-22 04:28:17,901 - INFO - [RELIANCE_NS] Inserted 44 rows (duplicates ignored)
2026-07-22 04:28:17,901 - INFO - Inserted 44 rows for RELIANCE.NS
2026-07-22 04:28:18,054 - INFO - [HDFCBANK_NS] Inserted 44 rows (duplicates ignored)
2026-07-22 04:28:18,055 - INFO - Inserted 44 rows for HDFCBANK.NS
2026-07-22 04:28:18,205 - INFO - [ICICIBANK_NS] Inserted 44 rows (duplicates ignored)
2026-07-22 04:28:18,205 - INFO - Inserted 44 rows for ICICIBANK.NS
2026-07-22 04:28:18,376 - INFO - [INFY_NS] Inserted 44 rows (duplicates ignored)
2026-07-22 04:28:18,377 - INFO - Inserted 44 rows for INFY.NS
2026-07-22 04:28:18,567 - INFO - [TCS_NS] Inserted 44 rows (duplicates ignored)
2026-07-22 04:28:18,568 - INFO - Inserted 44 rows for TCS.NS
2026-07-22 04:28:18,738 - INFO - [ITC_NS] Inserted 44 rows (duplicates ignored)
2026-07-22 04:28:18,738 - INFO - Inserted 44 rows for ITC.NS
2026-07-22 04:28:18,999 - INFO - [HINDUNILVR_NS] Inserted 44 rows (duplicates ignored)
2026-07-22 04:28:18,999 - INFO - Inserted 44 rows for HINDUNILVR.NS
2026-07-22 04:28:19,202 - INFO - [SBIN_NS] Inserted 44 rows (duplicates ignored)
2026-07-22 04:28:19,202 - INFO - Inserted 44 rows for SBIN.NS
2026-07-22 04:28:19,351 - INFO - [BHARTIARTL_NS] Inserted 44 rows (duplicates ignored)
2026-07-22 04:28:19,351 - INFO - Inserted 44 rows for BHARTIARTL.NS
2026-07-22 04:28:19,506 - INFO - [KOTAKBANK_NS] Inserted 44 rows (duplicates ignored)
2026-07-22 04:28:19,506 - INFO - Inserted 44 rows for KOTAKBANK.NS
2026-07-22 04:28:19,658 - INFO - [LT_NS] Inserted 44 rows (duplicates ignored)
2026-07-22 04:28:19,658 - INFO - Inserted 44 rows for LT.NS
2026-07-22 04:28:19,801 - INFO - [AXISBANK_NS] Inserted 44 rows (duplicates ignored)
2026-07-22 04:28:19,801 - INFO - Inserted 44 rows for AXISBANK.NS
2026-07-22 04:28:19,971 - INFO - [BAJFINANCE_NS] Inserted 44 rows (duplicates ignored)
2026-07-22 04:28:19,971 - INFO - Inserted 44 rows for BAJFINANCE.NS
2026-07-22 04:28:20,118 - INFO - [ASIANPAINT_NS] Inserted 44 rows (duplicates ignored)
2026-07-22 04:28:20,118 - INFO - Inserted 44 rows for ASIANPAINT.NS
2026-07-22 04:28:20,258 - INFO - [MARUTI_NS] Inserted 44 rows (duplicates ignored)
2026-07-22 04:28:20,258 - INFO - Inserted 44 rows for MARUTI.NS
2026-07-22 04:28:20,408 - INFO - [SUNPHARMA_NS] Inserted 44 rows (duplicates ignored)
2026-07-22 04:28:20,408 - INFO - Inserted 44 rows for SUNPHARMA.NS
2026-07-22 04:28:20,568 - INFO - [WIPRO_NS] Inserted 44 rows (duplicates ignored)
2026-07-22 04:28:20,568 - INFO - Inserted 44 rows for WIPRO.NS
2026-07-22 04:28:20,720 - INFO - [POWERGRID_NS] Inserted 44 rows (duplicates ignored)
2026-07-22 04:28:20,721 - INFO - Inserted 44 rows for POWERGRID.NS
2026-07-22 04:28:20,868 - INFO - [NTPC_NS] Inserted 44 rows (duplicates ignored)
2026-07-22 04:28:20,868 - INFO - Inserted 44 rows for NTPC.NS
2026-07-22 04:28:21,051 - INFO - [ONGC_NS] Inserted 44 rows (duplicates ignored)
2026-07-22 04:28:21,051 - INFO - Inserted 44 rows for ONGC.NS
2026-07-22 04:28:21,066 - INFO - Cycle complete. README updated.
2026-07-22 07:15:28,561 - INFO - Starting data fetch cycle...
2026-07-22 07:15:28,854 - INFO - [RELIANCE_NS] Inserted 211 rows (duplicates ignored)
2026-07-22 07:15:28,854 - INFO - Inserted 211 rows for RELIANCE.NS
2026-07-22 07:15:29,031 - INFO - [HDFCBANK_NS] Inserted 211 rows (duplicates ignored)
2026-07-22 07:15:29,031 - INFO - Inserted 211 rows for HDFCBANK.NS
2026-07-22 07:15:29,171 - INFO - [ICICIBANK_NS] Inserted 211 rows (duplicates ignored)
2026-07-22 07:15:29,171 - INFO - Inserted 211 rows for ICICIBANK.NS
2026-07-22 07:15:29,332 - INFO - [INFY_NS] Inserted 211 rows (duplicates ignored)
2026-07-22 07:15:29,333 - INFO - Inserted 211 rows for INFY.NS
2026-07-22 07:15:29,472 - INFO - [TCS_NS] Inserted 211 rows (duplicates ignored)
2026-07-22 07:15:29,472 - INFO - Inserted 211 rows for TCS.NS
2026-07-22 07:15:29,624 - INFO - [ITC_NS] Inserted 211 rows (duplicates ignored)
2026-07-22 07:15:29,624 - INFO - Inserted 211 rows for ITC.NS
2026-07-22 07:15:29,767 - INFO - [HINDUNILVR_NS] Inserted 211 rows (duplicates ignored)
2026-07-22 07:15:29,767 - INFO - Inserted 211 rows for HINDUNILVR.NS
2026-07-22 07:15:29,918 - INFO - [SBIN_NS] Inserted 211 rows (duplicates ignored)
2026-07-22 07:15:29,918 - INFO - Inserted 211 rows for SBIN.NS
2026-07-22 07:15:30,059 - INFO - [BHARTIARTL_NS] Inserted 211 rows (duplicates ignored)
2026-07-22 07:15:30,059 - INFO - Inserted 211 rows for BHARTIARTL.NS
2026-07-22 07:15:30,209 - INFO - [KOTAKBANK_NS] Inserted 211 rows (duplicates ignored)
2026-07-22 07:15:30,209 - INFO - Inserted 211 rows for KOTAKBANK.NS
2026-07-22 07:15:30,355 - INFO - [LT_NS] Inserted 211 rows (duplicates ignored)
2026-07-22 07:15:30,355 - INFO - Inserted 211 rows for LT.NS
2026-07-22 07:15:30,538 - INFO - [AXISBANK_NS] Inserted 211 rows (duplicates ignored)
2026-07-22 07:15:30,539 - INFO - Inserted 211 rows for AXISBANK.NS
2026-07-22 07:15:30,677 - INFO - [BAJFINANCE_NS] Inserted 211 rows (duplicates ignored)
2026-07-22 07:15:30,677 - INFO - Inserted 211 rows for BAJFINANCE.NS
2026-07-22 07:15:30,819 - INFO - [ASIANPAINT_NS] Inserted 210 rows (duplicates ignored)
2026-07-22 07:15:30,819 - INFO - Inserted 210 rows for ASIANPAINT.NS
2026-07-22 07:15:30,957 - INFO - [MARUTI_NS] Inserted 211 rows (duplicates ignored)
2026-07-22 07:15:30,958 - INFO - Inserted 211 rows for MARUTI.NS
2026-07-22 07:15:31,109 - INFO - [SUNPHARMA_NS] Inserted 211 rows (duplicates ignored)
2026-07-22 07:15:31,109 - INFO - Inserted 211 rows for SUNPHARMA.NS
2026-07-22 07:15:31,248 - INFO - [WIPRO_NS] Inserted 211 rows (duplicates ignored)
2026-07-22 07:15:31,248 - INFO - Inserted 211 rows for WIPRO.NS
2026-07-22 07:15:31,377 - INFO - [POWERGRID_NS] Inserted 211 rows (duplicates ignored)
2026-07-22 07:15:31,377 - INFO - Inserted 211 rows for POWERGRID.NS
2026-07-22 07:15:31,518 - INFO - [NTPC_NS] Inserted 211 rows (duplicates ignored)
2026-07-22 07:15:31,518 - INFO - Inserted 211 rows for NTPC.NS
2026-07-22 07:15:31,668 - INFO - [ONGC_NS] Inserted 211 rows (duplicates ignored)
2026-07-22 07:15:31,668 - INFO - Inserted 211 rows for ONGC.NS
2026-07-22 07:15:31,682 - INFO - Cycle complete. README updated.
2026-07-22 23:30:46,426 - INFO - Starting data fetch cycle...
2026-07-22 23:30:46,759 - INFO - [RELIANCE_NS] Inserted 375 rows (duplicates ignored)
2026-07-22 23:30:46,759 - INFO - Inserted 375 rows for RELIANCE.NS
2026-07-22 23:30:46,961 - INFO - [HDFCBANK_NS] Inserted 375 rows (duplicates ignored)
2026-07-22 23:30:46,962 - INFO - Inserted 375 rows for HDFCBANK.NS
2026-07-22 23:30:47,140 - INFO - [ICICIBANK_NS] Inserted 375 rows (duplicates ignored)
2026-07-22 23:30:47,140 - INFO - Inserted 375 rows for ICICIBANK.NS
2026-07-22 23:30:47,303 - INFO - [INFY_NS] Inserted 375 rows (duplicates ignored)
2026-07-22 23:30:47,303 - INFO - Inserted 375 rows for INFY.NS
2026-07-22 23:30:47,451 - INFO - [TCS_NS] Inserted 375 rows (duplicates ignored)
2026-07-22 23:30:47,451 - INFO - Inserted 375 rows for TCS.NS
2026-07-22 23:30:47,641 - INFO - [ITC_NS] Inserted 375 rows (duplicates ignored)
2026-07-22 23:30:47,641 - INFO - Inserted 375 rows for ITC.NS
2026-07-22 23:30:47,791 - INFO - [HINDUNILVR_NS] Inserted 375 rows (duplicates ignored)
2026-07-22 23:30:47,792 - INFO - Inserted 375 rows for HINDUNILVR.NS
2026-07-22 23:30:47,962 - INFO - [SBIN_NS] Inserted 375 rows (duplicates ignored)
2026-07-22 23:30:47,962 - INFO - Inserted 375 rows for SBIN.NS
2026-07-22 23:30:48,116 - INFO - [BHARTIARTL_NS] Inserted 375 rows (duplicates ignored)
2026-07-22 23:30:48,116 - INFO - Inserted 375 rows for BHARTIARTL.NS
2026-07-22 23:30:48,275 - INFO - [KOTAKBANK_NS] Inserted 375 rows (duplicates ignored)
2026-07-22 23:30:48,276 - INFO - Inserted 375 rows for KOTAKBANK.NS
2026-07-22 23:30:48,439 - INFO - [LT_NS] Inserted 375 rows (duplicates ignored)
2026-07-22 23:30:48,439 - INFO - Inserted 375 rows for LT.NS
2026-07-22 23:30:48,589 - INFO - [AXISBANK_NS] Inserted 375 rows (duplicates ignored)
2026-07-22 23:30:48,589 - INFO - Inserted 375 rows for AXISBANK.NS
2026-07-22 23:30:48,736 - INFO - [BAJFINANCE_NS] Inserted 375 rows (duplicates ignored)
2026-07-22 23:30:48,736 - INFO - Inserted 375 rows for BAJFINANCE.NS
2026-07-22 23:30:48,935 - INFO - [ASIANPAINT_NS] Inserted 374 rows (duplicates ignored)
2026-07-22 23:30:48,935 - INFO - Inserted 374 rows for ASIANPAINT.NS
2026-07-22 23:30:49,096 - INFO - [MARUTI_NS] Inserted 375 rows (duplicates ignored)
2026-07-22 23:30:49,096 - INFO - Inserted 375 rows for MARUTI.NS
2026-07-22 23:30:49,246 - INFO - [SUNPHARMA_NS] Inserted 375 rows (duplicates ignored)
2026-07-22 23:30:49,246 - INFO - Inserted 375 rows for SUNPHARMA.NS
2026-07-22 23:30:49,424 - INFO - [WIPRO_NS] Inserted 375 rows (duplicates ignored)
2026-07-22 23:30:49,424 - INFO - Inserted 375 rows for WIPRO.NS
2026-07-22 23:30:49,579 - INFO - [POWERGRID_NS] Inserted 375 rows (duplicates ignored)
2026-07-22 23:30:49,579 - INFO - Inserted 375 rows for POWERGRID.NS
2026-07-22 23:30:49,749 - INFO - [NTPC_NS] Inserted 375 rows (duplicates ignored)
2026-07-22 23:30:49,749 - INFO - Inserted 375 rows for NTPC.NS
2026-07-22 23:30:49,908 - INFO - [ONGC_NS] Inserted 375 rows (duplicates ignored)
2026-07-22 23:30:49,908 - INFO - Inserted 375 rows for ONGC.NS
2026-07-22 23:30:49,922 - INFO - Cycle complete. README updated.
2026-07-23 01:06:26,448 - INFO - Starting data fetch cycle...
2026-07-23 01:06:26,878 - INFO - [RELIANCE_NS] Inserted 375 rows (duplicates ignored)
2026-07-23 01:06:26,878 - INFO - Inserted 375 rows for RELIANCE.NS
2026-07-23 01:06:27,251 - INFO - [HDFCBANK_NS] Inserted 375 rows (duplicates ignored)
2026-07-23 01:06:27,251 - INFO - Inserted 375 rows for HDFCBANK.NS
2026-07-23 01:06:27,614 - INFO - [ICICIBANK_NS] Inserted 375 rows (duplicates ignored)
2026-07-23 01:06:27,614 - INFO - Inserted 375 rows for ICICIBANK.NS
2026-07-23 01:06:27,936 - INFO - [INFY_NS] Inserted 375 rows (duplicates ignored)
2026-07-23 01:06:27,936 - INFO - Inserted 375 rows for INFY.NS
2026-07-23 01:06:28,270 - INFO - [TCS_NS] Inserted 375 rows (duplicates ignored)
2026-07-23 01:06:28,270 - INFO - Inserted 375 rows for TCS.NS
2026-07-23 01:06:28,651 - INFO - [ITC_NS] Inserted 375 rows (duplicates ignored)
2026-07-23 01:06:28,651 - INFO - Inserted 375 rows for ITC.NS
2026-07-23 01:06:28,993 - INFO - [HINDUNILVR_NS] Inserted 375 rows (duplicates ignored)
2026-07-23 01:06:28,994 - INFO - Inserted 375 rows for HINDUNILVR.NS
2026-07-23 01:06:29,368 - INFO - [SBIN_NS] Inserted 375 rows (duplicates ignored)
2026-07-23 01:06:29,368 - INFO - Inserted 375 rows for SBIN.NS
2026-07-23 01:06:29,668 - INFO - [BHARTIARTL_NS] Inserted 375 rows (duplicates ignored)
2026-07-23 01:06:29,668 - INFO - Inserted 375 rows for BHARTIARTL.NS
2026-07-23 01:06:30,019 - INFO - [KOTAKBANK_NS] Inserted 375 rows (duplicates ignored)
2026-07-23 01:06:30,020 - INFO - Inserted 375 rows for KOTAKBANK.NS
2026-07-23 01:06:30,353 - INFO - [LT_NS] Inserted 375 rows (duplicates ignored)
2026-07-23 01:06:30,353 - INFO - Inserted 375 rows for LT.NS
2026-07-23 01:06:30,701 - INFO - [AXISBANK_NS] Inserted 375 rows (duplicates ignored)
2026-07-23 01:06:30,701 - INFO - Inserted 375 rows for AXISBANK.NS
2026-07-23 01:06:31,052 - INFO - [BAJFINANCE_NS] Inserted 375 rows (duplicates ignored)
2026-07-23 01:06:31,053 - INFO - Inserted 375 rows for BAJFINANCE.NS
2026-07-23 01:06:31,423 - INFO - [ASIANPAINT_NS] Inserted 374 rows (duplicates ignored)
2026-07-23 01:06:31,423 - INFO - Inserted 374 rows for ASIANPAINT.NS
2026-07-23 01:06:31,764 - INFO - [MARUTI_NS] Inserted 375 rows (duplicates ignored)
2026-07-23 01:06:31,764 - INFO - Inserted 375 rows for MARUTI.NS
2026-07-23 01:06:32,168 - INFO - [SUNPHARMA_NS] Inserted 375 rows (duplicates ignored)
2026-07-23 01:06:32,169 - INFO - Inserted 375 rows for SUNPHARMA.NS
2026-07-23 01:06:32,547 - INFO - [WIPRO_NS] Inserted 375 rows (duplicates ignored)
2026-07-23 01:06:32,547 - INFO - Inserted 375 rows for WIPRO.NS
2026-07-23 01:06:32,879 - INFO - [POWERGRID_NS] Inserted 375 rows (duplicates ignored)
2026-07-23 01:06:32,879 - INFO - Inserted 375 rows for POWERGRID.NS
2026-07-23 01:06:33,279 - INFO - [NTPC_NS] Inserted 375 rows (duplicates ignored)
2026-07-23 01:06:33,280 - INFO - Inserted 375 rows for NTPC.NS
2026-07-23 01:06:33,588 - INFO - [ONGC_NS] Inserted 375 rows (duplicates ignored)
2026-07-23 01:06:33,589 - INFO - Inserted 375 rows for ONGC.NS
2026-07-23 01:06:33,602 - INFO - Cycle complete. README updated.
2026-07-23 04:31:09,136 - INFO - Starting data fetch cycle...
2026-07-23 04:31:09,599 - INFO - [RELIANCE_NS] Inserted 47 rows (duplicates ignored)
2026-07-23 04:31:09,599 - INFO - Inserted 47 rows for RELIANCE.NS
2026-07-23 04:31:09,811 - INFO - [HDFCBANK_NS] Inserted 47 rows (duplicates ignored)
2026-07-23 04:31:09,811 - INFO - Inserted 47 rows for HDFCBANK.NS
2026-07-23 04:31:10,071 - INFO - [ICICIBANK_NS] Inserted 47 rows (duplicates ignored)
2026-07-23 04:31:10,071 - INFO - Inserted 47 rows for ICICIBANK.NS
2026-07-23 04:31:10,333 - INFO - [INFY_NS] Inserted 47 rows (duplicates ignored)
2026-07-23 04:31:10,334 - INFO - Inserted 47 rows for INFY.NS
2026-07-23 04:31:10,507 - INFO - [TCS_NS] Inserted 47 rows (duplicates ignored)
2026-07-23 04:31:10,507 - INFO - Inserted 47 rows for TCS.NS
2026-07-23 04:31:10,744 - INFO - [ITC_NS] Inserted 47 rows (duplicates ignored)
2026-07-23 04:31:10,744 - INFO - Inserted 47 rows for ITC.NS
2026-07-23 04:31:10,884 - INFO - [HINDUNILVR_NS] Inserted 47 rows (duplicates ignored)
2026-07-23 04:31:10,884 - INFO - Inserted 47 rows for HINDUNILVR.NS
2026-07-23 04:31:11,031 - INFO - [SBIN_NS] Inserted 47 rows (duplicates ignored)
2026-07-23 04:31:11,031 - INFO - Inserted 47 rows for SBIN.NS
2026-07-23 04:31:11,161 - INFO - [BHARTIARTL_NS] Inserted 47 rows (duplicates ignored)
2026-07-23 04:31:11,161 - INFO - Inserted 47 rows for BHARTIARTL.NS
2026-07-23 04:31:11,463 - INFO - [KOTAKBANK_NS] Inserted 47 rows (duplicates ignored)
2026-07-23 04:31:11,463 - INFO - Inserted 47 rows for KOTAKBANK.NS
2026-07-23 04:31:11,609 - INFO - [LT_NS] Inserted 47 rows (duplicates ignored)
2026-07-23 04:31:11,609 - INFO - Inserted 47 rows for LT.NS
2026-07-23 04:31:11,871 - INFO - [AXISBANK_NS] Inserted 47 rows (duplicates ignored)
2026-07-23 04:31:11,871 - INFO - Inserted 47 rows for AXISBANK.NS
2026-07-23 04:31:12,077 - INFO - [BAJFINANCE_NS] Inserted 47 rows (duplicates ignored)
2026-07-23 04:31:12,077 - INFO - Inserted 47 rows for BAJFINANCE.NS
2026-07-23 04:31:12,285 - INFO - [ASIANPAINT_NS] Inserted 46 rows (duplicates ignored)
2026-07-23 04:31:12,285 - INFO - Inserted 46 rows for ASIANPAINT.NS
2026-07-23 04:31:12,414 - INFO - [MARUTI_NS] Inserted 47 rows (duplicates ignored)
2026-07-23 04:31:12,414 - INFO - Inserted 47 rows for MARUTI.NS
2026-07-23 04:31:12,684 - INFO - [SUNPHARMA_NS] Inserted 47 rows (duplicates ignored)
2026-07-23 04:31:12,684 - INFO - Inserted 47 rows for SUNPHARMA.NS
2026-07-23 04:31:12,865 - INFO - [WIPRO_NS] Inserted 47 rows (duplicates ignored)
2026-07-23 04:31:12,865 - INFO - Inserted 47 rows for WIPRO.NS
2026-07-23 04:31:12,990 - INFO - [POWERGRID_NS] Inserted 47 rows (duplicates ignored)
2026-07-23 04:31:12,990 - INFO - Inserted 47 rows for POWERGRID.NS
2026-07-23 04:31:13,131 - INFO - [NTPC_NS] Inserted 47 rows (duplicates ignored)
2026-07-23 04:31:13,131 - INFO - Inserted 47 rows for NTPC.NS
2026-07-23 04:31:13,379 - INFO - [ONGC_NS] Inserted 47 rows (duplicates ignored)
2026-07-23 04:31:13,379 - INFO - Inserted 47 rows for ONGC.NS
2026-07-23 04:31:13,392 - INFO - Cycle complete. README updated.
2026-07-23 07:12:43,205 - INFO - Starting data fetch cycle...
2026-07-23 07:12:44,163 - INFO - [RELIANCE_NS] Inserted 208 rows (duplicates ignored)
2026-07-23 07:12:44,164 - INFO - Inserted 208 rows for RELIANCE.NS
2026-07-23 07:12:44,591 - INFO - [HDFCBANK_NS] Inserted 208 rows (duplicates ignored)
2026-07-23 07:12:44,591 - INFO - Inserted 208 rows for HDFCBANK.NS
2026-07-23 07:12:45,063 - INFO - [ICICIBANK_NS] Inserted 208 rows (duplicates ignored)
2026-07-23 07:12:45,063 - INFO - Inserted 208 rows for ICICIBANK.NS
2026-07-23 07:12:45,429 - INFO - [INFY_NS] Inserted 208 rows (duplicates ignored)
2026-07-23 07:12:45,429 - INFO - Inserted 208 rows for INFY.NS
2026-07-23 07:12:45,958 - INFO - [TCS_NS] Inserted 208 rows (duplicates ignored)
2026-07-23 07:12:45,958 - INFO - Inserted 208 rows for TCS.NS
2026-07-23 07:12:46,526 - INFO - [ITC_NS] Inserted 208 rows (duplicates ignored)
2026-07-23 07:12:46,526 - INFO - Inserted 208 rows for ITC.NS
2026-07-23 07:12:47,016 - INFO - [HINDUNILVR_NS] Inserted 208 rows (duplicates ignored)
2026-07-23 07:12:47,016 - INFO - Inserted 208 rows for HINDUNILVR.NS
2026-07-23 07:12:47,571 - INFO - [SBIN_NS] Inserted 208 rows (duplicates ignored)
2026-07-23 07:12:47,571 - INFO - Inserted 208 rows for SBIN.NS
2026-07-23 07:12:47,979 - INFO - [BHARTIARTL_NS] Inserted 208 rows (duplicates ignored)
2026-07-23 07:12:47,979 - INFO - Inserted 208 rows for BHARTIARTL.NS
2026-07-23 07:12:48,362 - INFO - [KOTAKBANK_NS] Inserted 208 rows (duplicates ignored)
2026-07-23 07:12:48,362 - INFO - Inserted 208 rows for KOTAKBANK.NS
2026-07-23 07:12:48,758 - INFO - [LT_NS] Inserted 208 rows (duplicates ignored)
2026-07-23 07:12:48,758 - INFO - Inserted 208 rows for LT.NS
2026-07-23 07:12:49,378 - INFO - [AXISBANK_NS] Inserted 208 rows (duplicates ignored)
2026-07-23 07:12:49,378 - INFO - Inserted 208 rows for AXISBANK.NS
2026-07-23 07:12:49,743 - INFO - [BAJFINANCE_NS] Inserted 208 rows (duplicates ignored)
2026-07-23 07:12:49,744 - INFO - Inserted 208 rows for BAJFINANCE.NS
2026-07-23 07:12:50,176 - INFO - [ASIANPAINT_NS] Inserted 208 rows (duplicates ignored)
2026-07-23 07:12:50,176 - INFO - Inserted 208 rows for ASIANPAINT.NS
2026-07-23 07:12:50,540 - INFO - [MARUTI_NS] Inserted 208 rows (duplicates ignored)
2026-07-23 07:12:50,540 - INFO - Inserted 208 rows for MARUTI.NS
2026-07-23 07:12:50,968 - INFO - [SUNPHARMA_NS] Inserted 208 rows (duplicates ignored)
2026-07-23 07:12:50,968 - INFO - Inserted 208 rows for SUNPHARMA.NS
2026-07-23 07:12:51,403 - INFO - [WIPRO_NS] Inserted 208 rows (duplicates ignored)
2026-07-23 07:12:51,403 - INFO - Inserted 208 rows for WIPRO.NS
2026-07-23 07:12:51,783 - INFO - [POWERGRID_NS] Inserted 208 rows (duplicates ignored)
2026-07-23 07:12:51,783 - INFO - Inserted 208 rows for POWERGRID.NS
2026-07-23 07:12:52,178 - INFO - [NTPC_NS] Inserted 208 rows (duplicates ignored)
2026-07-23 07:12:52,178 - INFO - Inserted 208 rows for NTPC.NS
2026-07-23 07:12:52,546 - INFO - [ONGC_NS] Inserted 208 rows (duplicates ignored)
2026-07-23 07:12:52,546 - INFO - Inserted 208 rows for ONGC.NS
2026-07-23 07:12:52,555 - INFO - Cycle complete. README updated.
2026-07-23 23:29:06,288 - INFO - Starting data fetch cycle...
2026-07-23 23:29:07,521 - INFO - [RELIANCE_NS] Inserted 375 rows (duplicates ignored)
2026-07-23 23:29:07,521 - INFO - Inserted 375 rows for RELIANCE.NS
2026-07-23 23:29:08,220 - INFO - [HDFCBANK_NS] Inserted 375 rows (duplicates ignored)
2026-07-23 23:29:08,220 - INFO - Inserted 375 rows for HDFCBANK.NS
2026-07-23 23:29:09,750 - INFO - [ICICIBANK_NS] Inserted 375 rows (duplicates ignored)
2026-07-23 23:29:09,750 - INFO - Inserted 375 rows for ICICIBANK.NS
2026-07-23 23:29:11,250 - INFO - [INFY_NS] Inserted 375 rows (duplicates ignored)
2026-07-23 23:29:11,250 - INFO - Inserted 375 rows for INFY.NS
2026-07-23 23:29:11,701 - INFO - [TCS_NS] Inserted 375 rows (duplicates ignored)
2026-07-23 23:29:11,702 - INFO - Inserted 375 rows for TCS.NS
2026-07-23 23:29:12,419 - INFO - [ITC_NS] Inserted 375 rows (duplicates ignored)
2026-07-23 23:29:12,420 - INFO - Inserted 375 rows for ITC.NS
2026-07-23 23:29:12,920 - INFO - [HINDUNILVR_NS] Inserted 375 rows (duplicates ignored)
2026-07-23 23:29:12,920 - INFO - Inserted 375 rows for HINDUNILVR.NS
2026-07-23 23:29:13,500 - INFO - [SBIN_NS] Inserted 375 rows (duplicates ignored)
2026-07-23 23:29:13,500 - INFO - Inserted 375 rows for SBIN.NS
2026-07-23 23:29:13,889 - INFO - [BHARTIARTL_NS] Inserted 375 rows (duplicates ignored)
2026-07-23 23:29:13,890 - INFO - Inserted 375 rows for BHARTIARTL.NS
2026-07-23 23:29:14,580 - INFO - [KOTAKBANK_NS] Inserted 375 rows (duplicates ignored)
2026-07-23 23:29:14,581 - INFO - Inserted 375 rows for KOTAKBANK.NS
2026-07-23 23:29:15,131 - INFO - [LT_NS] Inserted 375 rows (duplicates ignored)
2026-07-23 23:29:15,131 - INFO - Inserted 375 rows for LT.NS
2026-07-23 23:29:15,957 - INFO - [AXISBANK_NS] Inserted 375 rows (duplicates ignored)
2026-07-23 23:29:15,957 - INFO - Inserted 375 rows for AXISBANK.NS
2026-07-23 23:29:16,452 - INFO - [BAJFINANCE_NS] Inserted 375 rows (duplicates ignored)
2026-07-23 23:29:16,452 - INFO - Inserted 375 rows for BAJFINANCE.NS
2026-07-23 23:29:17,726 - INFO - [ASIANPAINT_NS] Inserted 375 rows (duplicates ignored)
2026-07-23 23:29:17,726 - INFO - Inserted 375 rows for ASIANPAINT.NS
2026-07-23 23:29:19,148 - INFO - [MARUTI_NS] Inserted 375 rows (duplicates ignored)
2026-07-23 23:29:19,148 - INFO - Inserted 375 rows for MARUTI.NS
2026-07-23 23:29:19,615 - INFO - [SUNPHARMA_NS] Inserted 375 rows (duplicates ignored)
2026-07-23 23:29:19,615 - INFO - Inserted 375 rows for SUNPHARMA.NS
2026-07-23 23:29:20,088 - INFO - [WIPRO_NS] Inserted 375 rows (duplicates ignored)
2026-07-23 23:29:20,089 - INFO - Inserted 375 rows for WIPRO.NS
2026-07-23 23:29:20,426 - INFO - [POWERGRID_NS] Inserted 375 rows (duplicates ignored)
2026-07-23 23:29:20,426 - INFO - Inserted 375 rows for POWERGRID.NS
2026-07-23 23:29:20,911 - INFO - [NTPC_NS] Inserted 375 rows (duplicates ignored)
2026-07-23 23:29:20,911 - INFO - Inserted 375 rows for NTPC.NS
2026-07-23 23:29:21,446 - INFO - [ONGC_NS] Inserted 375 rows (duplicates ignored)
2026-07-23 23:29:21,446 - INFO - Inserted 375 rows for ONGC.NS
2026-07-23 23:29:21,455 - INFO - Cycle complete. README updated.
2026-07-24 01:00:48,900 - INFO - Starting data fetch cycle...
2026-07-24 01:00:49,423 - INFO - [RELIANCE_NS] Inserted 375 rows (duplicates ignored)
2026-07-24 01:00:49,424 - INFO - Inserted 375 rows for RELIANCE.NS
2026-07-24 01:00:49,753 - INFO - [HDFCBANK_NS] Inserted 375 rows (duplicates ignored)
2026-07-24 01:00:49,753 - INFO - Inserted 375 rows for HDFCBANK.NS
2026-07-24 01:00:50,112 - INFO - [ICICIBANK_NS] Inserted 375 rows (duplicates ignored)
2026-07-24 01:00:50,112 - INFO - Inserted 375 rows for ICICIBANK.NS
2026-07-24 01:00:50,401 - INFO - [INFY_NS] Inserted 375 rows (duplicates ignored)
2026-07-24 01:00:50,401 - INFO - Inserted 375 rows for INFY.NS
2026-07-24 01:00:50,766 - INFO - [TCS_NS] Inserted 375 rows (duplicates ignored)
2026-07-24 01:00:50,766 - INFO - Inserted 375 rows for TCS.NS
2026-07-24 01:00:51,310 - INFO - [ITC_NS] Inserted 375 rows (duplicates ignored)
2026-07-24 01:00:51,310 - INFO - Inserted 375 rows for ITC.NS
2026-07-24 01:00:51,689 - INFO - [HINDUNILVR_NS] Inserted 375 rows (duplicates ignored)
2026-07-24 01:00:51,690 - INFO - Inserted 375 rows for HINDUNILVR.NS
2026-07-24 01:00:52,010 - INFO - [SBIN_NS] Inserted 375 rows (duplicates ignored)
2026-07-24 01:00:52,011 - INFO - Inserted 375 rows for SBIN.NS
2026-07-24 01:00:52,331 - INFO - [BHARTIARTL_NS] Inserted 375 rows (duplicates ignored)
2026-07-24 01:00:52,332 - INFO - Inserted 375 rows for BHARTIARTL.NS
2026-07-24 01:00:52,653 - INFO - [KOTAKBANK_NS] Inserted 375 rows (duplicates ignored)
2026-07-24 01:00:52,653 - INFO - Inserted 375 rows for KOTAKBANK.NS
2026-07-24 01:00:53,277 - INFO - [LT_NS] Inserted 375 rows (duplicates ignored)
2026-07-24 01:00:53,277 - INFO - Inserted 375 rows for LT.NS
2026-07-24 01:00:53,548 - INFO - [AXISBANK_NS] Inserted 375 rows (duplicates ignored)
2026-07-24 01:00:53,548 - INFO - Inserted 375 rows for AXISBANK.NS
2026-07-24 01:00:53,926 - INFO - [BAJFINANCE_NS] Inserted 375 rows (duplicates ignored)
2026-07-24 01:00:53,926 - INFO - Inserted 375 rows for BAJFINANCE.NS
2026-07-24 01:00:54,263 - INFO - [ASIANPAINT_NS] Inserted 375 rows (duplicates ignored)
2026-07-24 01:00:54,263 - INFO - Inserted 375 rows for ASIANPAINT.NS
2026-07-24 01:00:54,606 - INFO - [MARUTI_NS] Inserted 375 rows (duplicates ignored)
2026-07-24 01:00:54,606 - INFO - Inserted 375 rows for MARUTI.NS
2026-07-24 01:00:55,025 - INFO - [SUNPHARMA_NS] Inserted 375 rows (duplicates ignored)
2026-07-24 01:00:55,025 - INFO - Inserted 375 rows for SUNPHARMA.NS
2026-07-24 01:00:55,304 - INFO - [WIPRO_NS] Inserted 375 rows (duplicates ignored)
2026-07-24 01:00:55,304 - INFO - Inserted 375 rows for WIPRO.NS
2026-07-24 01:00:55,622 - INFO - [POWERGRID_NS] Inserted 375 rows (duplicates ignored)
2026-07-24 01:00:55,622 - INFO - Inserted 375 rows for POWERGRID.NS
2026-07-24 01:00:55,962 - INFO - [NTPC_NS] Inserted 375 rows (duplicates ignored)
2026-07-24 01:00:55,963 - INFO - Inserted 375 rows for NTPC.NS
2026-07-24 01:00:56,327 - INFO - [ONGC_NS] Inserted 375 rows (duplicates ignored)
2026-07-24 01:00:56,327 - INFO - Inserted 375 rows for ONGC.NS
2026-07-24 01:00:56,340 - INFO - Cycle complete. README updated.
2026-07-24 04:25:05,494 - INFO - Starting data fetch cycle...
2026-07-24 04:25:06,060 - INFO - [RELIANCE_NS] Inserted 41 rows (duplicates ignored)
2026-07-24 04:25:06,060 - INFO - Inserted 41 rows for RELIANCE.NS
2026-07-24 04:25:06,294 - INFO - [HDFCBANK_NS] Inserted 41 rows (duplicates ignored)
2026-07-24 04:25:06,294 - INFO - Inserted 41 rows for HDFCBANK.NS
2026-07-24 04:25:06,430 - INFO - [ICICIBANK_NS] Inserted 41 rows (duplicates ignored)
2026-07-24 04:25:06,430 - INFO - Inserted 41 rows for ICICIBANK.NS
2026-07-24 04:25:06,567 - INFO - [INFY_NS] Inserted 41 rows (duplicates ignored)
2026-07-24 04:25:06,567 - INFO - Inserted 41 rows for INFY.NS
2026-07-24 04:25:06,865 - INFO - [TCS_NS] Inserted 41 rows (duplicates ignored)
2026-07-24 04:25:06,865 - INFO - Inserted 41 rows for TCS.NS
2026-07-24 04:25:06,996 - INFO - [ITC_NS] Inserted 41 rows (duplicates ignored)
2026-07-24 04:25:06,996 - INFO - Inserted 41 rows for ITC.NS
2026-07-24 04:25:07,137 - INFO - [HINDUNILVR_NS] Inserted 41 rows (duplicates ignored)
2026-07-24 04:25:07,138 - INFO - Inserted 41 rows for HINDUNILVR.NS
2026-07-24 04:25:07,406 - INFO - [SBIN_NS] Inserted 40 rows (duplicates ignored)
2026-07-24 04:25:07,406 - INFO - Inserted 40 rows for SBIN.NS
2026-07-24 04:25:07,636 - INFO - [BHARTIARTL_NS] Inserted 41 rows (duplicates ignored)
2026-07-24 04:25:07,637 - INFO - Inserted 41 rows for BHARTIARTL.NS
2026-07-24 04:25:07,792 - INFO - [KOTAKBANK_NS] Inserted 41 rows (duplicates ignored)
2026-07-24 04:25:07,792 - INFO - Inserted 41 rows for KOTAKBANK.NS
2026-07-24 04:25:07,996 - INFO - [LT_NS] Inserted 41 rows (duplicates ignored)
2026-07-24 04:25:07,996 - INFO - Inserted 41 rows for LT.NS
2026-07-24 04:25:08,246 - INFO - [AXISBANK_NS] Inserted 41 rows (duplicates ignored)
2026-07-24 04:25:08,246 - INFO - Inserted 41 rows for AXISBANK.NS
2026-07-24 04:25:08,493 - INFO - [BAJFINANCE_NS] Inserted 41 rows (duplicates ignored)
2026-07-24 04:25:08,493 - INFO - Inserted 41 rows for BAJFINANCE.NS
2026-07-24 04:25:08,619 - INFO - [ASIANPAINT_NS] Inserted 41 rows (duplicates ignored)
2026-07-24 04:25:08,620 - INFO - Inserted 41 rows for ASIANPAINT.NS
2026-07-24 04:25:08,858 - INFO - [MARUTI_NS] Inserted 41 rows (duplicates ignored)
2026-07-24 04:25:08,858 - INFO - Inserted 41 rows for MARUTI.NS
2026-07-24 04:25:08,988 - INFO - [SUNPHARMA_NS] Inserted 41 rows (duplicates ignored)
2026-07-24 04:25:08,988 - INFO - Inserted 41 rows for SUNPHARMA.NS
2026-07-24 04:25:09,224 - INFO - [WIPRO_NS] Inserted 41 rows (duplicates ignored)
2026-07-24 04:25:09,224 - INFO - Inserted 41 rows for WIPRO.NS
2026-07-24 04:25:09,452 - INFO - [POWERGRID_NS] Inserted 41 rows (duplicates ignored)
2026-07-24 04:25:09,452 - INFO - Inserted 41 rows for POWERGRID.NS
2026-07-24 04:25:09,576 - INFO - [NTPC_NS] Inserted 41 rows (duplicates ignored)
2026-07-24 04:25:09,576 - INFO - Inserted 41 rows for NTPC.NS
2026-07-24 04:25:09,872 - INFO - [ONGC_NS] Inserted 41 rows (duplicates ignored)
2026-07-24 04:25:09,872 - INFO - Inserted 41 rows for ONGC.NS
2026-07-24 04:25:09,884 - INFO - Cycle complete. README updated.
2026-07-24 07:08:32,391 - INFO - Starting data fetch cycle...
2026-07-24 07:08:32,739 - INFO - [RELIANCE_NS] Inserted 204 rows (duplicates ignored)
2026-07-24 07:08:32,739 - INFO - Inserted 204 rows for RELIANCE.NS
2026-07-24 07:08:33,023 - INFO - [HDFCBANK_NS] Inserted 204 rows (duplicates ignored)
2026-07-24 07:08:33,023 - INFO - Inserted 204 rows for HDFCBANK.NS
2026-07-24 07:08:33,235 - INFO - [ICICIBANK_NS] Inserted 204 rows (duplicates ignored)
2026-07-24 07:08:33,235 - INFO - Inserted 204 rows for ICICIBANK.NS
2026-07-24 07:08:33,451 - INFO - [INFY_NS] Inserted 204 rows (duplicates ignored)
2026-07-24 07:08:33,452 - INFO - Inserted 204 rows for INFY.NS
2026-07-24 07:08:33,663 - INFO - [TCS_NS] Inserted 204 rows (duplicates ignored)
2026-07-24 07:08:33,663 - INFO - Inserted 204 rows for TCS.NS
2026-07-24 07:08:34,014 - INFO - [ITC_NS] Inserted 204 rows (duplicates ignored)
2026-07-24 07:08:34,014 - INFO - Inserted 204 rows for ITC.NS
2026-07-24 07:08:34,164 - INFO - [HINDUNILVR_NS] Inserted 204 rows (duplicates ignored)
2026-07-24 07:08:34,164 - INFO - Inserted 204 rows for HINDUNILVR.NS
2026-07-24 07:08:34,383 - INFO - [SBIN_NS] Inserted 204 rows (duplicates ignored)
2026-07-24 07:08:34,384 - INFO - Inserted 204 rows for SBIN.NS
2026-07-24 07:08:34,686 - INFO - [BHARTIARTL_NS] Inserted 204 rows (duplicates ignored)
2026-07-24 07:08:34,686 - INFO - Inserted 204 rows for BHARTIARTL.NS
2026-07-24 07:08:34,935 - INFO - [KOTAKBANK_NS] Inserted 204 rows (duplicates ignored)
2026-07-24 07:08:34,935 - INFO - Inserted 204 rows for KOTAKBANK.NS
2026-07-24 07:08:35,180 - INFO - [LT_NS] Inserted 204 rows (duplicates ignored)
2026-07-24 07:08:35,181 - INFO - Inserted 204 rows for LT.NS
2026-07-24 07:08:35,433 - INFO - [AXISBANK_NS] Inserted 204 rows (duplicates ignored)
2026-07-24 07:08:35,433 - INFO - Inserted 204 rows for AXISBANK.NS
2026-07-24 07:08:35,612 - INFO - [BAJFINANCE_NS] Inserted 204 rows (duplicates ignored)
2026-07-24 07:08:35,612 - INFO - Inserted 204 rows for BAJFINANCE.NS
2026-07-24 07:08:35,832 - INFO - [ASIANPAINT_NS] Inserted 204 rows (duplicates ignored)
2026-07-24 07:08:35,832 - INFO - Inserted 204 rows for ASIANPAINT.NS
2026-07-24 07:08:35,991 - INFO - [MARUTI_NS] Inserted 204 rows (duplicates ignored)
2026-07-24 07:08:35,991 - INFO - Inserted 204 rows for MARUTI.NS
2026-07-24 07:08:36,262 - INFO - [SUNPHARMA_NS] Inserted 204 rows (duplicates ignored)
2026-07-24 07:08:36,263 - INFO - Inserted 204 rows for SUNPHARMA.NS
2026-07-24 07:08:36,472 - INFO - [WIPRO_NS] Inserted 204 rows (duplicates ignored)
2026-07-24 07:08:36,473 - INFO - Inserted 204 rows for WIPRO.NS
2026-07-24 07:08:36,626 - INFO - [POWERGRID_NS] Inserted 204 rows (duplicates ignored)
2026-07-24 07:08:36,626 - INFO - Inserted 204 rows for POWERGRID.NS
2026-07-24 07:08:36,893 - INFO - [NTPC_NS] Inserted 204 rows (duplicates ignored)
2026-07-24 07:08:36,893 - INFO - Inserted 204 rows for NTPC.NS
2026-07-24 07:08:37,099 - INFO - [ONGC_NS] Inserted 204 rows (duplicates ignored)
2026-07-24 07:08:37,099 - INFO - Inserted 204 rows for ONGC.NS
2026-07-24 07:08:37,115 - INFO - Cycle complete. README updated.
2026-07-26 23:29:58,734 - INFO - Starting data fetch cycle...
2026-07-26 23:29:59,081 - INFO - [RELIANCE_NS] Inserted 375 rows (duplicates ignored)
2026-07-26 23:29:59,081 - INFO - Inserted 375 rows for RELIANCE.NS
2026-07-26 23:29:59,234 - INFO - [HDFCBANK_NS] Inserted 375 rows (duplicates ignored)
2026-07-26 23:29:59,234 - INFO - Inserted 375 rows for HDFCBANK.NS
2026-07-26 23:29:59,383 - INFO - [ICICIBANK_NS] Inserted 375 rows (duplicates ignored)
2026-07-26 23:29:59,383 - INFO - Inserted 375 rows for ICICIBANK.NS
2026-07-26 23:29:59,563 - INFO - [INFY_NS] Inserted 375 rows (duplicates ignored)
2026-07-26 23:29:59,563 - INFO - Inserted 375 rows for INFY.NS
2026-07-26 23:29:59,710 - INFO - [TCS_NS] Inserted 375 rows (duplicates ignored)
2026-07-26 23:29:59,710 - INFO - Inserted 375 rows for TCS.NS
2026-07-26 23:30:00,636 - INFO - [ITC_NS] Inserted 375 rows (duplicates ignored)
2026-07-26 23:30:00,636 - INFO - Inserted 375 rows for ITC.NS
2026-07-26 23:30:01,089 - INFO - [HINDUNILVR_NS] Inserted 375 rows (duplicates ignored)
2026-07-26 23:30:01,090 - INFO - Inserted 375 rows for HINDUNILVR.NS
2026-07-26 23:30:01,315 - INFO - [SBIN_NS] Inserted 375 rows (duplicates ignored)
2026-07-26 23:30:01,315 - INFO - Inserted 375 rows for SBIN.NS
2026-07-26 23:30:01,456 - INFO - [BHARTIARTL_NS] Inserted 375 rows (duplicates ignored)
2026-07-26 23:30:01,456 - INFO - Inserted 375 rows for BHARTIARTL.NS
2026-07-26 23:30:01,605 - INFO - [KOTAKBANK_NS] Inserted 375 rows (duplicates ignored)
2026-07-26 23:30:01,605 - INFO - Inserted 375 rows for KOTAKBANK.NS
2026-07-26 23:30:01,752 - INFO - [LT_NS] Inserted 375 rows (duplicates ignored)
2026-07-26 23:30:01,753 - INFO - Inserted 375 rows for LT.NS
2026-07-26 23:30:01,892 - INFO - [AXISBANK_NS] Inserted 375 rows (duplicates ignored)
2026-07-26 23:30:01,892 - INFO - Inserted 375 rows for AXISBANK.NS
2026-07-26 23:30:02,051 - INFO - [BAJFINANCE_NS] Inserted 375 rows (duplicates ignored)
2026-07-26 23:30:02,052 - INFO - Inserted 375 rows for BAJFINANCE.NS
2026-07-26 23:30:02,220 - INFO - [ASIANPAINT_NS] Inserted 375 rows (duplicates ignored)
2026-07-26 23:30:02,220 - INFO - Inserted 375 rows for ASIANPAINT.NS
2026-07-26 23:30:02,360 - INFO - [MARUTI_NS] Inserted 375 rows (duplicates ignored)
2026-07-26 23:30:02,361 - INFO - Inserted 375 rows for MARUTI.NS
2026-07-26 23:30:02,522 - INFO - [SUNPHARMA_NS] Inserted 375 rows (duplicates ignored)
2026-07-26 23:30:02,522 - INFO - Inserted 375 rows for SUNPHARMA.NS
2026-07-26 23:30:02,681 - INFO - [WIPRO_NS] Inserted 375 rows (duplicates ignored)
2026-07-26 23:30:02,681 - INFO - Inserted 375 rows for WIPRO.NS
2026-07-26 23:30:02,819 - INFO - [POWERGRID_NS] Inserted 375 rows (duplicates ignored)
2026-07-26 23:30:02,819 - INFO - Inserted 375 rows for POWERGRID.NS
2026-07-26 23:30:02,981 - INFO - [NTPC_NS] Inserted 375 rows (duplicates ignored)
2026-07-26 23:30:02,982 - INFO - Inserted 375 rows for NTPC.NS
2026-07-26 23:30:03,140 - INFO - [ONGC_NS] Inserted 375 rows (duplicates ignored)
2026-07-26 23:30:03,141 - INFO - Inserted 375 rows for ONGC.NS
2026-07-26 23:30:03,154 - INFO - Cycle complete. README updated.
2026-07-27 01:13:02,528 - INFO - Starting data fetch cycle...
2026-07-27 01:13:02,844 - INFO - [RELIANCE_NS] Inserted 375 rows (duplicates ignored)
2026-07-27 01:13:02,844 - INFO - Inserted 375 rows for RELIANCE.NS
2026-07-27 01:13:03,047 - INFO - [HDFCBANK_NS] Inserted 375 rows (duplicates ignored)
2026-07-27 01:13:03,047 - INFO - Inserted 375 rows for HDFCBANK.NS
2026-07-27 01:13:03,218 - INFO - [ICICIBANK_NS] Inserted 375 rows (duplicates ignored)
2026-07-27 01:13:03,218 - INFO - Inserted 375 rows for ICICIBANK.NS
2026-07-27 01:13:03,376 - INFO - [INFY_NS] Inserted 375 rows (duplicates ignored)
2026-07-27 01:13:03,376 - INFO - Inserted 375 rows for INFY.NS
2026-07-27 01:13:03,533 - INFO - [TCS_NS] Inserted 375 rows (duplicates ignored)
2026-07-27 01:13:03,533 - INFO - Inserted 375 rows for TCS.NS
2026-07-27 01:13:03,758 - INFO - [ITC_NS] Inserted 375 rows (duplicates ignored)
2026-07-27 01:13:03,759 - INFO - Inserted 375 rows for ITC.NS
2026-07-27 01:13:03,928 - INFO - [HINDUNILVR_NS] Inserted 375 rows (duplicates ignored)
2026-07-27 01:13:03,928 - INFO - Inserted 375 rows for HINDUNILVR.NS
2026-07-27 01:13:04,108 - INFO - [SBIN_NS] Inserted 375 rows (duplicates ignored)
2026-07-27 01:13:04,109 - INFO - Inserted 375 rows for SBIN.NS
2026-07-27 01:13:04,258 - INFO - [BHARTIARTL_NS] Inserted 375 rows (duplicates ignored)
2026-07-27 01:13:04,258 - INFO - Inserted 375 rows for BHARTIARTL.NS
2026-07-27 01:13:04,422 - INFO - [KOTAKBANK_NS] Inserted 374 rows (duplicates ignored)
2026-07-27 01:13:04,423 - INFO - Inserted 374 rows for KOTAKBANK.NS
2026-07-27 01:13:04,589 - INFO - [LT_NS] Inserted 375 rows (duplicates ignored)
2026-07-27 01:13:04,589 - INFO - Inserted 375 rows for LT.NS
2026-07-27 01:13:04,760 - INFO - [AXISBANK_NS] Inserted 375 rows (duplicates ignored)
2026-07-27 01:13:04,760 - INFO - Inserted 375 rows for AXISBANK.NS
2026-07-27 01:13:04,947 - INFO - [BAJFINANCE_NS] Inserted 375 rows (duplicates ignored)
2026-07-27 01:13:04,947 - INFO - Inserted 375 rows for BAJFINANCE.NS
2026-07-27 01:13:05,129 - INFO - [ASIANPAINT_NS] Inserted 375 rows (duplicates ignored)
2026-07-27 01:13:05,129 - INFO - Inserted 375 rows for ASIANPAINT.NS
2026-07-27 01:13:05,288 - INFO - [MARUTI_NS] Inserted 375 rows (duplicates ignored)
2026-07-27 01:13:05,288 - INFO - Inserted 375 rows for MARUTI.NS
2026-07-27 01:13:05,458 - INFO - [SUNPHARMA_NS] Inserted 375 rows (duplicates ignored)
2026-07-27 01:13:05,458 - INFO - Inserted 375 rows for SUNPHARMA.NS
2026-07-27 01:13:05,632 - INFO - [WIPRO_NS] Inserted 375 rows (duplicates ignored)
2026-07-27 01:13:05,633 - INFO - Inserted 375 rows for WIPRO.NS
2026-07-27 01:13:05,804 - INFO - [POWERGRID_NS] Inserted 375 rows (duplicates ignored)
2026-07-27 01:13:05,805 - INFO - Inserted 375 rows for POWERGRID.NS
2026-07-27 01:13:05,957 - INFO - [NTPC_NS] Inserted 375 rows (duplicates ignored)
2026-07-27 01:13:05,957 - INFO - Inserted 375 rows for NTPC.NS
2026-07-27 01:13:06,166 - INFO - [ONGC_NS] Inserted 375 rows (duplicates ignored)
2026-07-27 01:13:06,166 - INFO - Inserted 375 rows for ONGC.NS
2026-07-27 01:13:06,181 - INFO - Cycle complete. README updated.
2026-07-27 04:54:59,007 - INFO - Starting data fetch cycle...
2026-07-27 04:54:59,345 - INFO - [RELIANCE_NS] Inserted 70 rows (duplicates ignored)
2026-07-27 04:54:59,345 - INFO - Inserted 70 rows for RELIANCE.NS
2026-07-27 04:54:59,490 - INFO - [HDFCBANK_NS] Inserted 70 rows (duplicates ignored)
2026-07-27 04:54:59,491 - INFO - Inserted 70 rows for HDFCBANK.NS
2026-07-27 04:54:59,646 - INFO - [ICICIBANK_NS] Inserted 70 rows (duplicates ignored)
2026-07-27 04:54:59,647 - INFO - Inserted 70 rows for ICICIBANK.NS
2026-07-27 04:54:59,891 - INFO - [INFY_NS] Inserted 70 rows (duplicates ignored)
2026-07-27 04:54:59,892 - INFO - Inserted 70 rows for INFY.NS
2026-07-27 04:55:00,036 - INFO - [TCS_NS] Inserted 70 rows (duplicates ignored)
2026-07-27 04:55:00,036 - INFO - Inserted 70 rows for TCS.NS
2026-07-27 04:55:00,194 - INFO - [ITC_NS] Inserted 70 rows (duplicates ignored)
2026-07-27 04:55:00,194 - INFO - Inserted 70 rows for ITC.NS
2026-07-27 04:55:00,350 - INFO - [HINDUNILVR_NS] Inserted 70 rows (duplicates ignored)
2026-07-27 04:55:00,350 - INFO - Inserted 70 rows for HINDUNILVR.NS
2026-07-27 04:55:00,504 - INFO - [SBIN_NS] Inserted 70 rows (duplicates ignored)
2026-07-27 04:55:00,504 - INFO - Inserted 70 rows for SBIN.NS
2026-07-27 04:55:00,640 - INFO - [BHARTIARTL_NS] Inserted 70 rows (duplicates ignored)
2026-07-27 04:55:00,640 - INFO - Inserted 70 rows for BHARTIARTL.NS
2026-07-27 04:55:00,795 - INFO - [KOTAKBANK_NS] Inserted 70 rows (duplicates ignored)
2026-07-27 04:55:00,795 - INFO - Inserted 70 rows for KOTAKBANK.NS
2026-07-27 04:55:00,953 - INFO - [LT_NS] Inserted 70 rows (duplicates ignored)
2026-07-27 04:55:00,953 - INFO - Inserted 70 rows for LT.NS
2026-07-27 04:55:01,122 - INFO - [AXISBANK_NS] Inserted 70 rows (duplicates ignored)
2026-07-27 04:55:01,122 - INFO - Inserted 70 rows for AXISBANK.NS
2026-07-27 04:55:01,298 - INFO - [BAJFINANCE_NS] Inserted 70 rows (duplicates ignored)
2026-07-27 04:55:01,298 - INFO - Inserted 70 rows for BAJFINANCE.NS
2026-07-27 04:55:01,464 - INFO - [ASIANPAINT_NS] Inserted 70 rows (duplicates ignored)
2026-07-27 04:55:01,464 - INFO - Inserted 70 rows for ASIANPAINT.NS
2026-07-27 04:55:01,610 - INFO - [MARUTI_NS] Inserted 70 rows (duplicates ignored)
2026-07-27 04:55:01,610 - INFO - Inserted 70 rows for MARUTI.NS
2026-07-27 04:55:01,804 - INFO - [SUNPHARMA_NS] Inserted 70 rows (duplicates ignored)
2026-07-27 04:55:01,804 - INFO - Inserted 70 rows for SUNPHARMA.NS
2026-07-27 04:55:01,960 - INFO - [WIPRO_NS] Inserted 70 rows (duplicates ignored)
2026-07-27 04:55:01,960 - INFO - Inserted 70 rows for WIPRO.NS
2026-07-27 04:55:02,115 - INFO - [POWERGRID_NS] Inserted 70 rows (duplicates ignored)
2026-07-27 04:55:02,116 - INFO - Inserted 70 rows for POWERGRID.NS
2026-07-27 04:55:02,262 - INFO - [NTPC_NS] Inserted 70 rows (duplicates ignored)
2026-07-27 04:55:02,263 - INFO - Inserted 70 rows for NTPC.NS
2026-07-27 04:55:02,428 - INFO - [ONGC_NS] Inserted 70 rows (duplicates ignored)
2026-07-27 04:55:02,429 - INFO - Inserted 70 rows for ONGC.NS
2026-07-27 04:55:02,440 - INFO - Cycle complete. README updated.
2026-07-27 08:32:55,385 - INFO - Starting data fetch cycle...
2026-07-27 08:32:55,746 - INFO - [RELIANCE_NS] Inserted 288 rows (duplicates ignored)
2026-07-27 08:32:55,746 - INFO - Inserted 288 rows for RELIANCE.NS
2026-07-27 08:32:55,969 - INFO - [HDFCBANK_NS] Inserted 288 rows (duplicates ignored)
2026-07-27 08:32:55,969 - INFO - Inserted 288 rows for HDFCBANK.NS
2026-07-27 08:32:56,160 - INFO - [ICICIBANK_NS] Inserted 288 rows (duplicates ignored)
2026-07-27 08:32:56,160 - INFO - Inserted 288 rows for ICICIBANK.NS
2026-07-27 08:32:56,383 - INFO - [INFY_NS] Inserted 288 rows (duplicates ignored)
2026-07-27 08:32:56,383 - INFO - Inserted 288 rows for INFY.NS
2026-07-27 08:32:56,586 - INFO - [TCS_NS] Inserted 288 rows (duplicates ignored)
2026-07-27 08:32:56,586 - INFO - Inserted 288 rows for TCS.NS
2026-07-27 08:32:56,860 - INFO - [ITC_NS] Inserted 288 rows (duplicates ignored)
2026-07-27 08:32:56,860 - INFO - Inserted 288 rows for ITC.NS
2026-07-27 08:32:57,012 - INFO - [HINDUNILVR_NS] Inserted 288 rows (duplicates ignored)
2026-07-27 08:32:57,012 - INFO - Inserted 288 rows for HINDUNILVR.NS
2026-07-27 08:32:57,213 - INFO - [SBIN_NS] Inserted 288 rows (duplicates ignored)
2026-07-27 08:32:57,214 - INFO - Inserted 288 rows for SBIN.NS
2026-07-27 08:32:57,343 - INFO - [BHARTIARTL_NS] Inserted 288 rows (duplicates ignored)
2026-07-27 08:32:57,343 - INFO - Inserted 288 rows for BHARTIARTL.NS
2026-07-27 08:32:57,472 - INFO - [KOTAKBANK_NS] Inserted 288 rows (duplicates ignored)
2026-07-27 08:32:57,472 - INFO - Inserted 288 rows for KOTAKBANK.NS
2026-07-27 08:32:57,755 - INFO - [LT_NS] Inserted 288 rows (duplicates ignored)
2026-07-27 08:32:57,755 - INFO - Inserted 288 rows for LT.NS
2026-07-27 08:32:57,963 - INFO - [AXISBANK_NS] Inserted 288 rows (duplicates ignored)
2026-07-27 08:32:57,963 - INFO - Inserted 288 rows for AXISBANK.NS
2026-07-27 08:32:58,201 - INFO - [BAJFINANCE_NS] Inserted 288 rows (duplicates ignored)
2026-07-27 08:32:58,201 - INFO - Inserted 288 rows for BAJFINANCE.NS
2026-07-27 08:32:58,340 - INFO - [ASIANPAINT_NS] Inserted 288 rows (duplicates ignored)
2026-07-27 08:32:58,340 - INFO - Inserted 288 rows for ASIANPAINT.NS
2026-07-27 08:32:58,641 - INFO - [MARUTI_NS] Inserted 288 rows (duplicates ignored)
2026-07-27 08:32:58,642 - INFO - Inserted 288 rows for MARUTI.NS
2026-07-27 08:32:58,974 - INFO - [SUNPHARMA_NS] Inserted 288 rows (duplicates ignored)
2026-07-27 08:32:58,974 - INFO - Inserted 288 rows for SUNPHARMA.NS
2026-07-27 08:32:59,228 - INFO - [WIPRO_NS] Inserted 288 rows (duplicates ignored)
2026-07-27 08:32:59,228 - INFO - Inserted 288 rows for WIPRO.NS
2026-07-27 08:32:59,483 - INFO - [POWERGRID_NS] Inserted 288 rows (duplicates ignored)
2026-07-27 08:32:59,483 - INFO - Inserted 288 rows for POWERGRID.NS
2026-07-27 08:32:59,696 - INFO - [NTPC_NS] Inserted 288 rows (duplicates ignored)
2026-07-27 08:32:59,696 - INFO - Inserted 288 rows for NTPC.NS
2026-07-27 08:32:59,952 - INFO - [ONGC_NS] Inserted 288 rows (duplicates ignored)
2026-07-27 08:32:59,952 - INFO - Inserted 288 rows for ONGC.NS
2026-07-27 08:32:59,965 - INFO - Cycle complete. README updated.
2026-07-27 23:35:34,683 - INFO - Starting data fetch cycle...
2026-07-27 23:35:35,076 - INFO - [RELIANCE_NS] Inserted 375 rows (duplicates ignored)
2026-07-27 23:35:35,076 - INFO - Inserted 375 rows for RELIANCE.NS
2026-07-27 23:35:35,245 - INFO - [HDFCBANK_NS] Inserted 375 rows (duplicates ignored)
2026-07-27 23:35:35,245 - INFO - Inserted 375 rows for HDFCBANK.NS
2026-07-27 23:35:35,406 - INFO - [ICICIBANK_NS] Inserted 375 rows (duplicates ignored)
2026-07-27 23:35:35,406 - INFO - Inserted 375 rows for ICICIBANK.NS
2026-07-27 23:35:35,573 - INFO - [INFY_NS] Inserted 375 rows (duplicates ignored)
2026-07-27 23:35:35,573 - INFO - Inserted 375 rows for INFY.NS
2026-07-27 23:35:35,781 - INFO - [TCS_NS] Inserted 375 rows (duplicates ignored)
2026-07-27 23:35:35,781 - INFO - Inserted 375 rows for TCS.NS
2026-07-27 23:35:35,978 - INFO - [ITC_NS] Inserted 375 rows (duplicates ignored)
2026-07-27 23:35:35,978 - INFO - Inserted 375 rows for ITC.NS
2026-07-27 23:35:36,187 - INFO - [HINDUNILVR_NS] Inserted 375 rows (duplicates ignored)
2026-07-27 23:35:36,187 - INFO - Inserted 375 rows for HINDUNILVR.NS
2026-07-27 23:35:36,363 - INFO - [SBIN_NS] Inserted 375 rows (duplicates ignored)
2026-07-27 23:35:36,363 - INFO - Inserted 375 rows for SBIN.NS
2026-07-27 23:35:36,509 - INFO - [BHARTIARTL_NS] Inserted 375 rows (duplicates ignored)
2026-07-27 23:35:36,509 - INFO - Inserted 375 rows for BHARTIARTL.NS
2026-07-27 23:35:36,685 - INFO - [KOTAKBANK_NS] Inserted 375 rows (duplicates ignored)
2026-07-27 23:35:36,685 - INFO - Inserted 375 rows for KOTAKBANK.NS
2026-07-27 23:35:36,852 - INFO - [LT_NS] Inserted 375 rows (duplicates ignored)
2026-07-27 23:35:36,852 - INFO - Inserted 375 rows for LT.NS
2026-07-27 23:35:37,019 - INFO - [AXISBANK_NS] Inserted 375 rows (duplicates ignored)
2026-07-27 23:35:37,020 - INFO - Inserted 375 rows for AXISBANK.NS
2026-07-27 23:35:37,178 - INFO - [BAJFINANCE_NS] Inserted 375 rows (duplicates ignored)
2026-07-27 23:35:37,178 - INFO - Inserted 375 rows for BAJFINANCE.NS
2026-07-27 23:35:37,327 - INFO - [ASIANPAINT_NS] Inserted 375 rows (duplicates ignored)
2026-07-27 23:35:37,327 - INFO - Inserted 375 rows for ASIANPAINT.NS
2026-07-27 23:35:37,473 - INFO - [MARUTI_NS] Inserted 375 rows (duplicates ignored)
2026-07-27 23:35:37,473 - INFO - Inserted 375 rows for MARUTI.NS
2026-07-27 23:35:37,643 - INFO - [SUNPHARMA_NS] Inserted 375 rows (duplicates ignored)
2026-07-27 23:35:37,643 - INFO - Inserted 375 rows for SUNPHARMA.NS
2026-07-27 23:35:37,843 - INFO - [WIPRO_NS] Inserted 375 rows (duplicates ignored)
2026-07-27 23:35:37,843 - INFO - Inserted 375 rows for WIPRO.NS
2026-07-27 23:35:37,991 - INFO - [POWERGRID_NS] Inserted 375 rows (duplicates ignored)
2026-07-27 23:35:37,991 - INFO - Inserted 375 rows for POWERGRID.NS
2026-07-27 23:35:38,140 - INFO - [NTPC_NS] Inserted 375 rows (duplicates ignored)
2026-07-27 23:35:38,140 - INFO - Inserted 375 rows for NTPC.NS
2026-07-27 23:35:38,307 - INFO - [ONGC_NS] Inserted 375 rows (duplicates ignored)
2026-07-27 23:35:38,307 - INFO - Inserted 375 rows for ONGC.NS
2026-07-27 23:35:38,319 - INFO - Cycle complete. README updated.
2026-07-28 01:01:41,095 - INFO - Starting data fetch cycle...
2026-07-28 01:01:45,071 - INFO - [RELIANCE_NS] Inserted 375 rows (duplicates ignored)
2026-07-28 01:01:45,071 - INFO - Inserted 375 rows for RELIANCE.NS
2026-07-28 01:01:45,219 - INFO - [HDFCBANK_NS] Inserted 375 rows (duplicates ignored)
2026-07-28 01:01:45,219 - INFO - Inserted 375 rows for HDFCBANK.NS
2026-07-28 01:01:45,375 - INFO - [ICICIBANK_NS] Inserted 375 rows (duplicates ignored)
2026-07-28 01:01:45,375 - INFO - Inserted 375 rows for ICICIBANK.NS
2026-07-28 01:01:45,559 - INFO - [INFY_NS] Inserted 375 rows (duplicates ignored)
2026-07-28 01:01:45,559 - INFO - Inserted 375 rows for INFY.NS
2026-07-28 01:01:45,725 - INFO - [TCS_NS] Inserted 375 rows (duplicates ignored)
2026-07-28 01:01:45,725 - INFO - Inserted 375 rows for TCS.NS
2026-07-28 01:01:45,882 - INFO - [ITC_NS] Inserted 375 rows (duplicates ignored)
2026-07-28 01:01:45,882 - INFO - Inserted 375 rows for ITC.NS
2026-07-28 01:01:46,049 - INFO - [HINDUNILVR_NS] Inserted 375 rows (duplicates ignored)
2026-07-28 01:01:46,049 - INFO - Inserted 375 rows for HINDUNILVR.NS
2026-07-28 01:01:46,253 - INFO - [SBIN_NS] Inserted 375 rows (duplicates ignored)
2026-07-28 01:01:46,253 - INFO - Inserted 375 rows for SBIN.NS
2026-07-28 01:01:46,440 - INFO - [BHARTIARTL_NS] Inserted 375 rows (duplicates ignored)
2026-07-28 01:01:46,440 - INFO - Inserted 375 rows for BHARTIARTL.NS
2026-07-28 01:01:46,614 - INFO - [KOTAKBANK_NS] Inserted 375 rows (duplicates ignored)
2026-07-28 01:01:46,614 - INFO - Inserted 375 rows for KOTAKBANK.NS
2026-07-28 01:01:46,780 - INFO - [LT_NS] Inserted 375 rows (duplicates ignored)
2026-07-28 01:01:46,780 - INFO - Inserted 375 rows for LT.NS
2026-07-28 01:01:46,944 - INFO - [AXISBANK_NS] Inserted 375 rows (duplicates ignored)
2026-07-28 01:01:46,944 - INFO - Inserted 375 rows for AXISBANK.NS
2026-07-28 01:01:47,110 - INFO - [BAJFINANCE_NS] Inserted 375 rows (duplicates ignored)
2026-07-28 01:01:47,110 - INFO - Inserted 375 rows for BAJFINANCE.NS
2026-07-28 01:01:47,612 - INFO - [ASIANPAINT_NS] Inserted 375 rows (duplicates ignored)
2026-07-28 01:01:47,612 - INFO - Inserted 375 rows for ASIANPAINT.NS
2026-07-28 01:01:47,797 - INFO - [MARUTI_NS] Inserted 375 rows (duplicates ignored)
2026-07-28 01:01:47,797 - INFO - Inserted 375 rows for MARUTI.NS
2026-07-28 01:01:47,958 - INFO - [SUNPHARMA_NS] Inserted 375 rows (duplicates ignored)
2026-07-28 01:01:47,958 - INFO - Inserted 375 rows for SUNPHARMA.NS
2026-07-28 01:01:48,123 - INFO - [WIPRO_NS] Inserted 375 rows (duplicates ignored)
2026-07-28 01:01:48,123 - INFO - Inserted 375 rows for WIPRO.NS
2026-07-28 01:01:48,269 - INFO - [POWERGRID_NS] Inserted 375 rows (duplicates ignored)
2026-07-28 01:01:48,269 - INFO - Inserted 375 rows for POWERGRID.NS
2026-07-28 01:01:48,418 - INFO - [NTPC_NS] Inserted 375 rows (duplicates ignored)
2026-07-28 01:01:48,418 - INFO - Inserted 375 rows for NTPC.NS
2026-07-28 01:01:48,588 - INFO - [ONGC_NS] Inserted 375 rows (duplicates ignored)
2026-07-28 01:01:48,588 - INFO - Inserted 375 rows for ONGC.NS
2026-07-28 01:01:48,600 - INFO - Cycle complete. README updated.
2026-07-28 04:20:51,025 - INFO - Starting data fetch cycle...
2026-07-28 04:20:52,666 - INFO - [RELIANCE_NS] Inserted 36 rows (duplicates ignored)
2026-07-28 04:20:52,667 - INFO - Inserted 36 rows for RELIANCE.NS
2026-07-28 04:20:53,155 - INFO - [HDFCBANK_NS] Inserted 36 rows (duplicates ignored)
2026-07-28 04:20:53,155 - INFO - Inserted 36 rows for HDFCBANK.NS
2026-07-28 04:20:53,458 - INFO - [ICICIBANK_NS] Inserted 36 rows (duplicates ignored)
2026-07-28 04:20:53,459 - INFO - Inserted 36 rows for ICICIBANK.NS
2026-07-28 04:20:53,773 - INFO - [INFY_NS] Inserted 36 rows (duplicates ignored)
2026-07-28 04:20:53,773 - INFO - Inserted 36 rows for INFY.NS
2026-07-28 04:20:54,086 - INFO - [TCS_NS] Inserted 36 rows (duplicates ignored)
2026-07-28 04:20:54,086 - INFO - Inserted 36 rows for TCS.NS
2026-07-28 04:20:54,400 - INFO - [ITC_NS] Inserted 36 rows (duplicates ignored)
2026-07-28 04:20:54,400 - INFO - Inserted 36 rows for ITC.NS
2026-07-28 04:20:54,724 - INFO - [HINDUNILVR_NS] Inserted 36 rows (duplicates ignored)
2026-07-28 04:20:54,724 - INFO - Inserted 36 rows for HINDUNILVR.NS
2026-07-28 04:20:55,028 - INFO - [SBIN_NS] Inserted 36 rows (duplicates ignored)
2026-07-28 04:20:55,028 - INFO - Inserted 36 rows for SBIN.NS
2026-07-28 04:20:55,404 - INFO - [BHARTIARTL_NS] Inserted 36 rows (duplicates ignored)
2026-07-28 04:20:55,404 - INFO - Inserted 36 rows for BHARTIARTL.NS
2026-07-28 04:20:55,698 - INFO - [KOTAKBANK_NS] Inserted 36 rows (duplicates ignored)
2026-07-28 04:20:55,698 - INFO - Inserted 36 rows for KOTAKBANK.NS
2026-07-28 04:20:56,001 - INFO - [LT_NS] Inserted 36 rows (duplicates ignored)
2026-07-28 04:20:56,001 - INFO - Inserted 36 rows for LT.NS
2026-07-28 04:20:56,315 - INFO - [AXISBANK_NS] Inserted 36 rows (duplicates ignored)
2026-07-28 04:20:56,315 - INFO - Inserted 36 rows for AXISBANK.NS
2026-07-28 04:20:56,689 - INFO - [BAJFINANCE_NS] Inserted 36 rows (duplicates ignored)
2026-07-28 04:20:56,689 - INFO - Inserted 36 rows for BAJFINANCE.NS
2026-07-28 04:20:56,982 - INFO - [ASIANPAINT_NS] Inserted 36 rows (duplicates ignored)
2026-07-28 04:20:56,982 - INFO - Inserted 36 rows for ASIANPAINT.NS
2026-07-28 04:20:57,286 - INFO - [MARUTI_NS] Inserted 36 rows (duplicates ignored)
2026-07-28 04:20:57,286 - INFO - Inserted 36 rows for MARUTI.NS
2026-07-28 04:20:57,610 - INFO - [SUNPHARMA_NS] Inserted 36 rows (duplicates ignored)
2026-07-28 04:20:57,610 - INFO - Inserted 36 rows for SUNPHARMA.NS
2026-07-28 04:20:57,943 - INFO - [WIPRO_NS] Inserted 36 rows (duplicates ignored)
2026-07-28 04:20:57,944 - INFO - Inserted 36 rows for WIPRO.NS
2026-07-28 04:20:58,267 - INFO - [POWERGRID_NS] Inserted 36 rows (duplicates ignored)
2026-07-28 04:20:58,267 - INFO - Inserted 36 rows for POWERGRID.NS
2026-07-28 04:20:58,551 - INFO - [NTPC_NS] Inserted 36 rows (duplicates ignored)
2026-07-28 04:20:58,552 - INFO - Inserted 36 rows for NTPC.NS
2026-07-28 04:20:58,869 - INFO - [ONGC_NS] Inserted 36 rows (duplicates ignored)
2026-07-28 04:20:58,869 - INFO - Inserted 36 rows for ONGC.NS
2026-07-28 04:20:58,879 - INFO - Cycle complete. README updated.
2026-07-28 07:07:58,162 - INFO - Starting data fetch cycle...
2026-07-28 07:07:58,581 - INFO - [RELIANCE_NS] Inserted 203 rows (duplicates ignored)
2026-07-28 07:07:58,581 - INFO - Inserted 203 rows for RELIANCE.NS
2026-07-28 07:07:58,753 - INFO - [HDFCBANK_NS] Inserted 203 rows (duplicates ignored)
2026-07-28 07:07:58,753 - INFO - Inserted 203 rows for HDFCBANK.NS
2026-07-28 07:07:58,913 - INFO - [ICICIBANK_NS] Inserted 203 rows (duplicates ignored)
2026-07-28 07:07:58,913 - INFO - Inserted 203 rows for ICICIBANK.NS
2026-07-28 07:07:59,093 - INFO - [INFY_NS] Inserted 203 rows (duplicates ignored)
2026-07-28 07:07:59,094 - INFO - Inserted 203 rows for INFY.NS
2026-07-28 07:07:59,255 - INFO - [TCS_NS] Inserted 203 rows (duplicates ignored)
2026-07-28 07:07:59,256 - INFO - Inserted 203 rows for TCS.NS
2026-07-28 07:07:59,426 - INFO - [ITC_NS] Inserted 203 rows (duplicates ignored)
2026-07-28 07:07:59,427 - INFO - Inserted 203 rows for ITC.NS
2026-07-28 07:07:59,639 - INFO - [HINDUNILVR_NS] Inserted 203 rows (duplicates ignored)
2026-07-28 07:07:59,639 - INFO - Inserted 203 rows for HINDUNILVR.NS
2026-07-28 07:07:59,812 - INFO - [SBIN_NS] Inserted 203 rows (duplicates ignored)
2026-07-28 07:07:59,812 - INFO - Inserted 203 rows for SBIN.NS
2026-07-28 07:07:59,958 - INFO - [BHARTIARTL_NS] Inserted 203 rows (duplicates ignored)
2026-07-28 07:07:59,958 - INFO - Inserted 203 rows for BHARTIARTL.NS
2026-07-28 07:08:00,127 - INFO - [KOTAKBANK_NS] Inserted 203 rows (duplicates ignored)
2026-07-28 07:08:00,127 - INFO - Inserted 203 rows for KOTAKBANK.NS
2026-07-28 07:08:00,275 - INFO - [LT_NS] Inserted 203 rows (duplicates ignored)
2026-07-28 07:08:00,275 - INFO - Inserted 203 rows for LT.NS
2026-07-28 07:08:00,444 - INFO - [AXISBANK_NS] Inserted 203 rows (duplicates ignored)
2026-07-28 07:08:00,444 - INFO - Inserted 203 rows for AXISBANK.NS
2026-07-28 07:08:00,623 - INFO - [BAJFINANCE_NS] Inserted 203 rows (duplicates ignored)
2026-07-28 07:08:00,623 - INFO - Inserted 203 rows for BAJFINANCE.NS
2026-07-28 07:08:00,798 - INFO - [ASIANPAINT_NS] Inserted 203 rows (duplicates ignored)
2026-07-28 07:08:00,799 - INFO - Inserted 203 rows for ASIANPAINT.NS
2026-07-28 07:08:00,962 - INFO - [MARUTI_NS] Inserted 203 rows (duplicates ignored)
2026-07-28 07:08:00,962 - INFO - Inserted 203 rows for MARUTI.NS
2026-07-28 07:08:01,133 - INFO - [SUNPHARMA_NS] Inserted 203 rows (duplicates ignored)
2026-07-28 07:08:01,133 - INFO - Inserted 203 rows for SUNPHARMA.NS
2026-07-28 07:08:01,300 - INFO - [WIPRO_NS] Inserted 203 rows (duplicates ignored)
2026-07-28 07:08:01,300 - INFO - Inserted 203 rows for WIPRO.NS
2026-07-28 07:08:01,497 - INFO - [POWERGRID_NS] Inserted 203 rows (duplicates ignored)
2026-07-28 07:08:01,497 - INFO - Inserted 203 rows for POWERGRID.NS
2026-07-28 07:08:01,703 - INFO - [NTPC_NS] Inserted 203 rows (duplicates ignored)
2026-07-28 07:08:01,703 - INFO - Inserted 203 rows for NTPC.NS
2026-07-28 07:08:01,891 - INFO - [ONGC_NS] Inserted 204 rows (duplicates ignored)
2026-07-28 07:08:01,891 - INFO - Inserted 204 rows for ONGC.NS
2026-07-28 07:08:01,904 - INFO - Cycle complete. README updated.
2026-07-28 23:31:31,102 - INFO - Starting data fetch cycle...
2026-07-28 23:31:31,396 - INFO - [RELIANCE_NS] Inserted 375 rows (duplicates ignored)
2026-07-28 23:31:31,396 - INFO - Inserted 375 rows for RELIANCE.NS
2026-07-28 23:31:31,642 - INFO - [HDFCBANK_NS] Inserted 375 rows (duplicates ignored)
2026-07-28 23:31:31,643 - INFO - Inserted 375 rows for HDFCBANK.NS
2026-07-28 23:31:31,824 - INFO - [ICICIBANK_NS] Inserted 375 rows (duplicates ignored)
2026-07-28 23:31:31,824 - INFO - Inserted 375 rows for ICICIBANK.NS
2026-07-28 23:31:32,007 - INFO - [INFY_NS] Inserted 375 rows (duplicates ignored)
2026-07-28 23:31:32,008 - INFO - Inserted 375 rows for INFY.NS
2026-07-28 23:31:32,193 - INFO - [TCS_NS] Inserted 375 rows (duplicates ignored)
2026-07-28 23:31:32,194 - INFO - Inserted 375 rows for TCS.NS
2026-07-28 23:31:32,409 - INFO - [ITC_NS] Inserted 375 rows (duplicates ignored)
2026-07-28 23:31:32,410 - INFO - Inserted 375 rows for ITC.NS
2026-07-28 23:31:32,604 - INFO - [HINDUNILVR_NS] Inserted 375 rows (duplicates ignored)
2026-07-28 23:31:32,604 - INFO - Inserted 375 rows for HINDUNILVR.NS
2026-07-28 23:31:32,785 - INFO - [SBIN_NS] Inserted 375 rows (duplicates ignored)
2026-07-28 23:31:32,785 - INFO - Inserted 375 rows for SBIN.NS
2026-07-28 23:31:32,946 - INFO - [BHARTIARTL_NS] Inserted 375 rows (duplicates ignored)
2026-07-28 23:31:32,946 - INFO - Inserted 375 rows for BHARTIARTL.NS
2026-07-28 23:31:33,181 - INFO - [KOTAKBANK_NS] Inserted 375 rows (duplicates ignored)
2026-07-28 23:31:33,181 - INFO - Inserted 375 rows for KOTAKBANK.NS
2026-07-28 23:31:33,365 - INFO - [LT_NS] Inserted 375 rows (duplicates ignored)
2026-07-28 23:31:33,365 - INFO - Inserted 375 rows for LT.NS
2026-07-28 23:31:33,545 - INFO - [AXISBANK_NS] Inserted 375 rows (duplicates ignored)
2026-07-28 23:31:33,545 - INFO - Inserted 375 rows for AXISBANK.NS
2026-07-28 23:31:33,758 - INFO - [BAJFINANCE_NS] Inserted 375 rows (duplicates ignored)
2026-07-28 23:31:33,758 - INFO - Inserted 375 rows for BAJFINANCE.NS
2026-07-28 23:31:33,968 - INFO - [ASIANPAINT_NS] Inserted 375 rows (duplicates ignored)
2026-07-28 23:31:33,968 - INFO - Inserted 375 rows for ASIANPAINT.NS
2026-07-28 23:31:34,191 - INFO - [MARUTI_NS] Inserted 375 rows (duplicates ignored)
2026-07-28 23:31:34,191 - INFO - Inserted 375 rows for MARUTI.NS
2026-07-28 23:31:34,413 - INFO - [SUNPHARMA_NS] Inserted 375 rows (duplicates ignored)
2026-07-28 23:31:34,413 - INFO - Inserted 375 rows for SUNPHARMA.NS
2026-07-28 23:31:34,586 - INFO - [WIPRO_NS] Inserted 375 rows (duplicates ignored)
2026-07-28 23:31:34,586 - INFO - Inserted 375 rows for WIPRO.NS
2026-07-28 23:31:34,746 - INFO - [POWERGRID_NS] Inserted 375 rows (duplicates ignored)
2026-07-28 23:31:34,746 - INFO - Inserted 375 rows for POWERGRID.NS
2026-07-28 23:31:34,903 - INFO - [NTPC_NS] Inserted 375 rows (duplicates ignored)
2026-07-28 23:31:34,903 - INFO - Inserted 375 rows for NTPC.NS
2026-07-28 23:31:35,083 - INFO - [ONGC_NS] Inserted 375 rows (duplicates ignored)
2026-07-28 23:31:35,084 - INFO - Inserted 375 rows for ONGC.NS
2026-07-28 23:31:35,097 - INFO - Cycle complete. README updated.
2026-07-29 01:03:52,792 - INFO - Starting data fetch cycle...
2026-07-29 01:03:53,514 - INFO - [RELIANCE_NS] Inserted 375 rows (duplicates ignored)
2026-07-29 01:03:53,514 - INFO - Inserted 375 rows for RELIANCE.NS
2026-07-29 01:03:53,769 - INFO - [HDFCBANK_NS] Inserted 375 rows (duplicates ignored)
2026-07-29 01:03:53,769 - INFO - Inserted 375 rows for HDFCBANK.NS
2026-07-29 01:03:54,233 - INFO - [ICICIBANK_NS] Inserted 375 rows (duplicates ignored)
2026-07-29 01:03:54,233 - INFO - Inserted 375 rows for ICICIBANK.NS
2026-07-29 01:03:54,548 - INFO - [INFY_NS] Inserted 375 rows (duplicates ignored)
2026-07-29 01:03:54,548 - INFO - Inserted 375 rows for INFY.NS
2026-07-29 01:03:54,783 - INFO - [TCS_NS] Inserted 375 rows (duplicates ignored)
2026-07-29 01:03:54,784 - INFO - Inserted 375 rows for TCS.NS
2026-07-29 01:03:55,056 - INFO - [ITC_NS] Inserted 375 rows (duplicates ignored)
2026-07-29 01:03:55,056 - INFO - Inserted 375 rows for ITC.NS
2026-07-29 01:03:55,288 - INFO - [HINDUNILVR_NS] Inserted 375 rows (duplicates ignored)
2026-07-29 01:03:55,288 - INFO - Inserted 375 rows for HINDUNILVR.NS
2026-07-29 01:03:55,532 - INFO - [SBIN_NS] Inserted 375 rows (duplicates ignored)
2026-07-29 01:03:55,532 - INFO - Inserted 375 rows for SBIN.NS
2026-07-29 01:03:55,767 - INFO - [BHARTIARTL_NS] Inserted 375 rows (duplicates ignored)
2026-07-29 01:03:55,767 - INFO - Inserted 375 rows for BHARTIARTL.NS
2026-07-29 01:03:56,135 - INFO - [KOTAKBANK_NS] Inserted 375 rows (duplicates ignored)
2026-07-29 01:03:56,135 - INFO - Inserted 375 rows for KOTAKBANK.NS
2026-07-29 01:03:56,598 - INFO - [LT_NS] Inserted 375 rows (duplicates ignored)
2026-07-29 01:03:56,598 - INFO - Inserted 375 rows for LT.NS
2026-07-29 01:03:56,850 - INFO - [AXISBANK_NS] Inserted 375 rows (duplicates ignored)
2026-07-29 01:03:56,850 - INFO - Inserted 375 rows for AXISBANK.NS
2026-07-29 01:03:57,123 - INFO - [BAJFINANCE_NS] Inserted 375 rows (duplicates ignored)
2026-07-29 01:03:57,124 - INFO - Inserted 375 rows for BAJFINANCE.NS
2026-07-29 01:03:57,376 - INFO - [ASIANPAINT_NS] Inserted 375 rows (duplicates ignored)
2026-07-29 01:03:57,376 - INFO - Inserted 375 rows for ASIANPAINT.NS
2026-07-29 01:03:57,620 - INFO - [MARUTI_NS] Inserted 375 rows (duplicates ignored)
2026-07-29 01:03:57,620 - INFO - Inserted 375 rows for MARUTI.NS
2026-07-29 01:03:57,933 - INFO - [SUNPHARMA_NS] Inserted 375 rows (duplicates ignored)
2026-07-29 01:03:57,934 - INFO - Inserted 375 rows for SUNPHARMA.NS
2026-07-29 01:03:58,171 - INFO - [WIPRO_NS] Inserted 375 rows (duplicates ignored)
2026-07-29 01:03:58,171 - INFO - Inserted 375 rows for WIPRO.NS
2026-07-29 01:03:58,403 - INFO - [POWERGRID_NS] Inserted 375 rows (duplicates ignored)
2026-07-29 01:03:58,404 - INFO - Inserted 375 rows for POWERGRID.NS
2026-07-29 01:03:58,646 - INFO - [NTPC_NS] Inserted 375 rows (duplicates ignored)
2026-07-29 01:03:58,647 - INFO - Inserted 375 rows for NTPC.NS
2026-07-29 01:03:58,931 - INFO - [ONGC_NS] Inserted 375 rows (duplicates ignored)
2026-07-29 01:03:58,931 - INFO - Inserted 375 rows for ONGC.NS
2026-07-29 01:03:58,941 - INFO - Cycle complete. README updated.
2026-07-29 04:26:27,756 - INFO - Starting data fetch cycle...
2026-07-29 04:26:28,087 - INFO - [RELIANCE_NS] Inserted 42 rows (duplicates ignored)
2026-07-29 04:26:28,087 - INFO - Inserted 42 rows for RELIANCE.NS
2026-07-29 04:26:28,245 - INFO - [HDFCBANK_NS] Inserted 42 rows (duplicates ignored)
2026-07-29 04:26:28,245 - INFO - Inserted 42 rows for HDFCBANK.NS
2026-07-29 04:26:28,408 - INFO - [ICICIBANK_NS] Inserted 42 rows (duplicates ignored)
2026-07-29 04:26:28,408 - INFO - Inserted 42 rows for ICICIBANK.NS
2026-07-29 04:26:28,577 - INFO - [INFY_NS] Inserted 42 rows (duplicates ignored)
2026-07-29 04:26:28,577 - INFO - Inserted 42 rows for INFY.NS
2026-07-29 04:26:28,725 - INFO - [TCS_NS] Inserted 42 rows (duplicates ignored)
2026-07-29 04:26:28,725 - INFO - Inserted 42 rows for TCS.NS
2026-07-29 04:26:28,884 - INFO - [ITC_NS] Inserted 42 rows (duplicates ignored)
2026-07-29 04:26:28,884 - INFO - Inserted 42 rows for ITC.NS
2026-07-29 04:26:29,095 - INFO - [HINDUNILVR_NS] Inserted 42 rows (duplicates ignored)
2026-07-29 04:26:29,095 - INFO - Inserted 42 rows for HINDUNILVR.NS
2026-07-29 04:26:29,264 - INFO - [SBIN_NS] Inserted 42 rows (duplicates ignored)
2026-07-29 04:26:29,264 - INFO - Inserted 42 rows for SBIN.NS
2026-07-29 04:26:29,416 - INFO - [BHARTIARTL_NS] Inserted 42 rows (duplicates ignored)
2026-07-29 04:26:29,417 - INFO - Inserted 42 rows for BHARTIARTL.NS
2026-07-29 04:26:29,586 - INFO - [KOTAKBANK_NS] Inserted 42 rows (duplicates ignored)
2026-07-29 04:26:29,586 - INFO - Inserted 42 rows for KOTAKBANK.NS
2026-07-29 04:26:29,744 - INFO - [LT_NS] Inserted 42 rows (duplicates ignored)
2026-07-29 04:26:29,744 - INFO - Inserted 42 rows for LT.NS
2026-07-29 04:26:29,905 - INFO - [AXISBANK_NS] Inserted 42 rows (duplicates ignored)
2026-07-29 04:26:29,905 - INFO - Inserted 42 rows for AXISBANK.NS
2026-07-29 04:26:30,072 - INFO - [BAJFINANCE_NS] Inserted 42 rows (duplicates ignored)
2026-07-29 04:26:30,073 - INFO - Inserted 42 rows for BAJFINANCE.NS
2026-07-29 04:26:30,230 - INFO - [ASIANPAINT_NS] Inserted 42 rows (duplicates ignored)
2026-07-29 04:26:30,230 - INFO - Inserted 42 rows for ASIANPAINT.NS
2026-07-29 04:26:30,390 - INFO - [MARUTI_NS] Inserted 42 rows (duplicates ignored)
2026-07-29 04:26:30,390 - INFO - Inserted 42 rows for MARUTI.NS
2026-07-29 04:26:30,548 - INFO - [SUNPHARMA_NS] Inserted 42 rows (duplicates ignored)
2026-07-29 04:26:30,548 - INFO - Inserted 42 rows for SUNPHARMA.NS
2026-07-29 04:26:30,719 - INFO - [WIPRO_NS] Inserted 42 rows (duplicates ignored)
2026-07-29 04:26:30,719 - INFO - Inserted 42 rows for WIPRO.NS
2026-07-29 04:26:30,869 - INFO - [POWERGRID_NS] Inserted 42 rows (duplicates ignored)
2026-07-29 04:26:30,869 - INFO - Inserted 42 rows for POWERGRID.NS
2026-07-29 04:26:31,027 - INFO - [NTPC_NS] Inserted 42 rows (duplicates ignored)
2026-07-29 04:26:31,028 - INFO - Inserted 42 rows for NTPC.NS
2026-07-29 04:26:31,188 - INFO - [ONGC_NS] Inserted 42 rows (duplicates ignored)
2026-07-29 04:26:31,188 - INFO - Inserted 42 rows for ONGC.NS
2026-07-29 04:26:31,201 - INFO - Cycle complete. README updated.
2026-07-29 07:22:22,903 - INFO - Starting data fetch cycle...
2026-07-29 07:22:23,341 - INFO - [RELIANCE_NS] Inserted 218 rows (duplicates ignored)
2026-07-29 07:22:23,341 - INFO - Inserted 218 rows for RELIANCE.NS
2026-07-29 07:22:23,555 - INFO - [HDFCBANK_NS] Inserted 218 rows (duplicates ignored)
2026-07-29 07:22:23,555 - INFO - Inserted 218 rows for HDFCBANK.NS
2026-07-29 07:22:23,723 - INFO - [ICICIBANK_NS] Inserted 218 rows (duplicates ignored)
2026-07-29 07:22:23,723 - INFO - Inserted 218 rows for ICICIBANK.NS
2026-07-29 07:22:23,875 - INFO - [INFY_NS] Inserted 218 rows (duplicates ignored)
2026-07-29 07:22:23,876 - INFO - Inserted 218 rows for INFY.NS
2026-07-29 07:22:24,032 - INFO - [TCS_NS] Inserted 218 rows (duplicates ignored)
2026-07-29 07:22:24,032 - INFO - Inserted 218 rows for TCS.NS
2026-07-29 07:22:24,228 - INFO - [ITC_NS] Inserted 218 rows (duplicates ignored)
2026-07-29 07:22:24,228 - INFO - Inserted 218 rows for ITC.NS
2026-07-29 07:22:24,381 - INFO - [HINDUNILVR_NS] Inserted 218 rows (duplicates ignored)
2026-07-29 07:22:24,381 - INFO - Inserted 218 rows for HINDUNILVR.NS
2026-07-29 07:22:24,557 - INFO - [SBIN_NS] Inserted 218 rows (duplicates ignored)
2026-07-29 07:22:24,557 - INFO - Inserted 218 rows for SBIN.NS
2026-07-29 07:22:24,701 - INFO - [BHARTIARTL_NS] Inserted 218 rows (duplicates ignored)
2026-07-29 07:22:24,701 - INFO - Inserted 218 rows for BHARTIARTL.NS
2026-07-29 07:22:24,865 - INFO - [KOTAKBANK_NS] Inserted 218 rows (duplicates ignored)
2026-07-29 07:22:24,865 - INFO - Inserted 218 rows for KOTAKBANK.NS
2026-07-29 07:22:25,018 - INFO - [LT_NS] Inserted 218 rows (duplicates ignored)
2026-07-29 07:22:25,018 - INFO - Inserted 218 rows for LT.NS
2026-07-29 07:22:25,226 - INFO - [AXISBANK_NS] Inserted 218 rows (duplicates ignored)
2026-07-29 07:22:25,227 - INFO - Inserted 218 rows for AXISBANK.NS
2026-07-29 07:22:25,381 - INFO - [BAJFINANCE_NS] Inserted 218 rows (duplicates ignored)
2026-07-29 07:22:25,381 - INFO - Inserted 218 rows for BAJFINANCE.NS
2026-07-29 07:22:25,545 - INFO - [ASIANPAINT_NS] Inserted 218 rows (duplicates ignored)
2026-07-29 07:22:25,545 - INFO - Inserted 218 rows for ASIANPAINT.NS
2026-07-29 07:22:25,699 - INFO - [MARUTI_NS] Inserted 218 rows (duplicates ignored)
2026-07-29 07:22:25,699 - INFO - Inserted 218 rows for MARUTI.NS
2026-07-29 07:22:25,864 - INFO - [SUNPHARMA_NS] Inserted 218 rows (duplicates ignored)
2026-07-29 07:22:25,864 - INFO - Inserted 218 rows for SUNPHARMA.NS
2026-07-29 07:22:26,041 - INFO - [WIPRO_NS] Inserted 218 rows (duplicates ignored)
2026-07-29 07:22:26,041 - INFO - Inserted 218 rows for WIPRO.NS
2026-07-29 07:22:26,201 - INFO - [POWERGRID_NS] Inserted 218 rows (duplicates ignored)
2026-07-29 07:22:26,201 - INFO - Inserted 218 rows for POWERGRID.NS
2026-07-29 07:22:26,496 - INFO - [NTPC_NS] Inserted 218 rows (duplicates ignored)
2026-07-29 07:22:26,496 - INFO - Inserted 218 rows for NTPC.NS
2026-07-29 07:22:26,699 - INFO - [ONGC_NS] Inserted 218 rows (duplicates ignored)
2026-07-29 07:22:26,699 - INFO - Inserted 218 rows for ONGC.NS
2026-07-29 07:22:26,708 - INFO - Cycle complete. README updated.
2026-07-29 23:31:51,214 - INFO - Starting data fetch cycle...
2026-07-29 23:31:52,074 - INFO - [RELIANCE_NS] Inserted 375 rows (duplicates ignored)
2026-07-29 23:31:52,075 - INFO - Inserted 375 rows for RELIANCE.NS
2026-07-29 23:31:52,370 - INFO - [HDFCBANK_NS] Inserted 375 rows (duplicates ignored)
2026-07-29 23:31:52,370 - INFO - Inserted 375 rows for HDFCBANK.NS
2026-07-29 23:31:52,701 - INFO - [ICICIBANK_NS] Inserted 375 rows (duplicates ignored)
2026-07-29 23:31:52,701 - INFO - Inserted 375 rows for ICICIBANK.NS
2026-07-29 23:31:52,956 - INFO - [INFY_NS] Inserted 375 rows (duplicates ignored)
2026-07-29 23:31:52,956 - INFO - Inserted 375 rows for INFY.NS
2026-07-29 23:31:53,193 - INFO - [TCS_NS] Inserted 375 rows (duplicates ignored)
2026-07-29 23:31:53,194 - INFO - Inserted 375 rows for TCS.NS
2026-07-29 23:31:53,664 - INFO - [ITC_NS] Inserted 375 rows (duplicates ignored)
2026-07-29 23:31:53,664 - INFO - Inserted 375 rows for ITC.NS
2026-07-29 23:31:54,254 - INFO - [HINDUNILVR_NS] Inserted 375 rows (duplicates ignored)
2026-07-29 23:31:54,254 - INFO - Inserted 375 rows for HINDUNILVR.NS
2026-07-29 23:31:54,646 - INFO - [SBIN_NS] Inserted 375 rows (duplicates ignored)
2026-07-29 23:31:54,646 - INFO - Inserted 375 rows for SBIN.NS
2026-07-29 23:31:54,871 - INFO - [BHARTIARTL_NS] Inserted 375 rows (duplicates ignored)
2026-07-29 23:31:54,871 - INFO - Inserted 375 rows for BHARTIARTL.NS
2026-07-29 23:31:55,117 - INFO - [KOTAKBANK_NS] Inserted 375 rows (duplicates ignored)
2026-07-29 23:31:55,117 - INFO - Inserted 375 rows for KOTAKBANK.NS
2026-07-29 23:31:55,356 - INFO - [LT_NS] Inserted 375 rows (duplicates ignored)
2026-07-29 23:31:55,356 - INFO - Inserted 375 rows for LT.NS
2026-07-29 23:31:55,580 - INFO - [AXISBANK_NS] Inserted 375 rows (duplicates ignored)
2026-07-29 23:31:55,580 - INFO - Inserted 375 rows for AXISBANK.NS
2026-07-29 23:31:55,816 - INFO - [BAJFINANCE_NS] Inserted 375 rows (duplicates ignored)
2026-07-29 23:31:55,816 - INFO - Inserted 375 rows for BAJFINANCE.NS
2026-07-29 23:31:56,059 - INFO - [ASIANPAINT_NS] Inserted 375 rows (duplicates ignored)
2026-07-29 23:31:56,060 - INFO - Inserted 375 rows for ASIANPAINT.NS
2026-07-29 23:31:56,316 - INFO - [MARUTI_NS] Inserted 375 rows (duplicates ignored)
2026-07-29 23:31:56,316 - INFO - Inserted 375 rows for MARUTI.NS
2026-07-29 23:31:56,834 - INFO - [SUNPHARMA_NS] Inserted 375 rows (duplicates ignored)
2026-07-29 23:31:56,834 - INFO - Inserted 375 rows for SUNPHARMA.NS
2026-07-29 23:31:57,149 - INFO - [WIPRO_NS] Inserted 375 rows (duplicates ignored)
2026-07-29 23:31:57,149 - INFO - Inserted 375 rows for WIPRO.NS
2026-07-29 23:31:57,383 - INFO - [POWERGRID_NS] Inserted 375 rows (duplicates ignored)
2026-07-29 23:31:57,383 - INFO - Inserted 375 rows for POWERGRID.NS
2026-07-29 23:31:57,620 - INFO - [NTPC_NS] Inserted 375 rows (duplicates ignored)
2026-07-29 23:31:57,620 - INFO - Inserted 375 rows for NTPC.NS
2026-07-29 23:31:57,907 - INFO - [ONGC_NS] Inserted 375 rows (duplicates ignored)
2026-07-29 23:31:57,907 - INFO - Inserted 375 rows for ONGC.NS
2026-07-29 23:31:57,916 - INFO - Cycle complete. README updated.
2026-07-30 00:59:04,847 - INFO - Starting data fetch cycle...
2026-07-30 00:59:05,229 - INFO - [RELIANCE_NS] Inserted 375 rows (duplicates ignored)
2026-07-30 00:59:05,229 - INFO - Inserted 375 rows for RELIANCE.NS
2026-07-30 00:59:05,426 - INFO - [HDFCBANK_NS] Inserted 375 rows (duplicates ignored)
2026-07-30 00:59:05,426 - INFO - Inserted 375 rows for HDFCBANK.NS
2026-07-30 00:59:05,682 - INFO - [ICICIBANK_NS] Inserted 375 rows (duplicates ignored)
2026-07-30 00:59:05,682 - INFO - Inserted 375 rows for ICICIBANK.NS
2026-07-30 00:59:05,872 - INFO - [INFY_NS] Inserted 375 rows (duplicates ignored)
2026-07-30 00:59:05,872 - INFO - Inserted 375 rows for INFY.NS
2026-07-30 00:59:06,008 - INFO - [TCS_NS] Inserted 375 rows (duplicates ignored)
2026-07-30 00:59:06,008 - INFO - Inserted 375 rows for TCS.NS
2026-07-30 00:59:06,212 - INFO - [ITC_NS] Inserted 375 rows (duplicates ignored)
2026-07-30 00:59:06,212 - INFO - Inserted 375 rows for ITC.NS
2026-07-30 00:59:06,411 - INFO - [HINDUNILVR_NS] Inserted 375 rows (duplicates ignored)
2026-07-30 00:59:06,411 - INFO - Inserted 375 rows for HINDUNILVR.NS
2026-07-30 00:59:06,663 - INFO - [SBIN_NS] Inserted 375 rows (duplicates ignored)
2026-07-30 00:59:06,663 - INFO - Inserted 375 rows for SBIN.NS
2026-07-30 00:59:06,811 - INFO - [BHARTIARTL_NS] Inserted 375 rows (duplicates ignored)
2026-07-30 00:59:06,811 - INFO - Inserted 375 rows for BHARTIARTL.NS
2026-07-30 00:59:07,085 - INFO - [KOTAKBANK_NS] Inserted 375 rows (duplicates ignored)
2026-07-30 00:59:07,085 - INFO - Inserted 375 rows for KOTAKBANK.NS
2026-07-30 00:59:07,292 - INFO - [LT_NS] Inserted 375 rows (duplicates ignored)
2026-07-30 00:59:07,292 - INFO - Inserted 375 rows for LT.NS
2026-07-30 00:59:07,428 - INFO - [AXISBANK_NS] Inserted 375 rows (duplicates ignored)
2026-07-30 00:59:07,428 - INFO - Inserted 375 rows for AXISBANK.NS
2026-07-30 00:59:07,576 - INFO - [BAJFINANCE_NS] Inserted 375 rows (duplicates ignored)
2026-07-30 00:59:07,576 - INFO - Inserted 375 rows for BAJFINANCE.NS
2026-07-30 00:59:07,787 - INFO - [ASIANPAINT_NS] Inserted 375 rows (duplicates ignored)
2026-07-30 00:59:07,787 - INFO - Inserted 375 rows for ASIANPAINT.NS
2026-07-30 00:59:07,972 - INFO - [MARUTI_NS] Inserted 375 rows (duplicates ignored)
2026-07-30 00:59:07,972 - INFO - Inserted 375 rows for MARUTI.NS
2026-07-30 00:59:08,193 - INFO - [SUNPHARMA_NS] Inserted 375 rows (duplicates ignored)
2026-07-30 00:59:08,193 - INFO - Inserted 375 rows for SUNPHARMA.NS
2026-07-30 00:59:08,408 - INFO - [WIPRO_NS] Inserted 375 rows (duplicates ignored)
2026-07-30 00:59:08,408 - INFO - Inserted 375 rows for WIPRO.NS
2026-07-30 00:59:08,532 - INFO - [POWERGRID_NS] Inserted 375 rows (duplicates ignored)
2026-07-30 00:59:08,532 - INFO - Inserted 375 rows for POWERGRID.NS
2026-07-30 00:59:08,676 - INFO - [NTPC_NS] Inserted 375 rows (duplicates ignored)
2026-07-30 00:59:08,676 - INFO - Inserted 375 rows for NTPC.NS
2026-07-30 00:59:08,824 - INFO - [ONGC_NS] Inserted 375 rows (duplicates ignored)
2026-07-30 00:59:08,825 - INFO - Inserted 375 rows for ONGC.NS
2026-07-30 00:59:08,838 - INFO - Cycle complete. README updated.
2026-07-30 04:13:30,615 - INFO - Starting data fetch cycle...
2026-07-30 04:13:31,379 - INFO - [RELIANCE_NS] Inserted 29 rows (duplicates ignored)
2026-07-30 04:13:31,379 - INFO - Inserted 29 rows for RELIANCE.NS
2026-07-30 04:13:31,617 - INFO - [HDFCBANK_NS] Inserted 29 rows (duplicates ignored)
2026-07-30 04:13:31,617 - INFO - Inserted 29 rows for HDFCBANK.NS
2026-07-30 04:13:31,796 - INFO - [ICICIBANK_NS] Inserted 29 rows (duplicates ignored)
2026-07-30 04:13:31,796 - INFO - Inserted 29 rows for ICICIBANK.NS
2026-07-30 04:13:32,043 - INFO - [INFY_NS] Inserted 29 rows (duplicates ignored)
2026-07-30 04:13:32,043 - INFO - Inserted 29 rows for INFY.NS
2026-07-30 04:13:32,249 - INFO - [TCS_NS] Inserted 29 rows (duplicates ignored)
2026-07-30 04:13:32,249 - INFO - Inserted 29 rows for TCS.NS
2026-07-30 04:13:32,467 - INFO - [ITC_NS] Inserted 29 rows (duplicates ignored)
2026-07-30 04:13:32,467 - INFO - Inserted 29 rows for ITC.NS
2026-07-30 04:13:32,766 - INFO - [HINDUNILVR_NS] Inserted 29 rows (duplicates ignored)
2026-07-30 04:13:32,766 - INFO - Inserted 29 rows for HINDUNILVR.NS
2026-07-30 04:13:33,003 - INFO - [SBIN_NS] Inserted 29 rows (duplicates ignored)
2026-07-30 04:13:33,003 - INFO - Inserted 29 rows for SBIN.NS
2026-07-30 04:13:33,249 - INFO - [BHARTIARTL_NS] Inserted 29 rows (duplicates ignored)
2026-07-30 04:13:33,249 - INFO - Inserted 29 rows for BHARTIARTL.NS
2026-07-30 04:13:33,565 - INFO - [KOTAKBANK_NS] Inserted 29 rows (duplicates ignored)
2026-07-30 04:13:33,566 - INFO - Inserted 29 rows for KOTAKBANK.NS
2026-07-30 04:13:33,878 - INFO - [LT_NS] Inserted 29 rows (duplicates ignored)
2026-07-30 04:13:33,878 - INFO - Inserted 29 rows for LT.NS
2026-07-30 04:13:34,136 - INFO - [AXISBANK_NS] Inserted 29 rows (duplicates ignored)
2026-07-30 04:13:34,137 - INFO - Inserted 29 rows for AXISBANK.NS
2026-07-30 04:13:34,448 - INFO - [BAJFINANCE_NS] Inserted 29 rows (duplicates ignored)
2026-07-30 04:13:34,448 - INFO - Inserted 29 rows for BAJFINANCE.NS
2026-07-30 04:13:34,735 - INFO - [ASIANPAINT_NS] Inserted 29 rows (duplicates ignored)
2026-07-30 04:13:34,736 - INFO - Inserted 29 rows for ASIANPAINT.NS
2026-07-30 04:13:35,012 - INFO - [MARUTI_NS] Inserted 29 rows (duplicates ignored)
2026-07-30 04:13:35,013 - INFO - Inserted 29 rows for MARUTI.NS
2026-07-30 04:13:35,291 - INFO - [SUNPHARMA_NS] Inserted 29 rows (duplicates ignored)
2026-07-30 04:13:35,291 - INFO - Inserted 29 rows for SUNPHARMA.NS
2026-07-30 04:13:35,519 - INFO - [WIPRO_NS] Inserted 29 rows (duplicates ignored)
2026-07-30 04:13:35,519 - INFO - Inserted 29 rows for WIPRO.NS
2026-07-30 04:13:35,825 - INFO - [POWERGRID_NS] Inserted 29 rows (duplicates ignored)
2026-07-30 04:13:35,825 - INFO - Inserted 29 rows for POWERGRID.NS
2026-07-30 04:13:36,032 - INFO - [NTPC_NS] Inserted 29 rows (duplicates ignored)
2026-07-30 04:13:36,032 - INFO - Inserted 29 rows for NTPC.NS
2026-07-30 04:13:36,251 - INFO - [ONGC_NS] Inserted 29 rows (duplicates ignored)
2026-07-30 04:13:36,251 - INFO - Inserted 29 rows for ONGC.NS
2026-07-30 04:13:36,266 - INFO - Cycle complete. README updated.
2026-07-30 06:44:37,212 - INFO - Starting data fetch cycle...
2026-07-30 06:44:37,527 - INFO - [RELIANCE_NS] Inserted 180 rows (duplicates ignored)
2026-07-30 06:44:37,527 - INFO - Inserted 180 rows for RELIANCE.NS
2026-07-30 06:44:37,668 - INFO - [HDFCBANK_NS] Inserted 180 rows (duplicates ignored)
2026-07-30 06:44:37,669 - INFO - Inserted 180 rows for HDFCBANK.NS
2026-07-30 06:44:37,817 - INFO - [ICICIBANK_NS] Inserted 180 rows (duplicates ignored)
2026-07-30 06:44:37,817 - INFO - Inserted 180 rows for ICICIBANK.NS
2026-07-30 06:44:38,005 - INFO - [INFY_NS] Inserted 180 rows (duplicates ignored)
2026-07-30 06:44:38,005 - INFO - Inserted 180 rows for INFY.NS
2026-07-30 06:44:38,145 - INFO - [TCS_NS] Inserted 180 rows (duplicates ignored)
2026-07-30 06:44:38,145 - INFO - Inserted 180 rows for TCS.NS
2026-07-30 06:44:38,283 - INFO - [ITC_NS] Inserted 180 rows (duplicates ignored)
2026-07-30 06:44:38,283 - INFO - Inserted 180 rows for ITC.NS
2026-07-30 06:44:38,446 - INFO - [HINDUNILVR_NS] Inserted 180 rows (duplicates ignored)
2026-07-30 06:44:38,446 - INFO - Inserted 180 rows for HINDUNILVR.NS
2026-07-30 06:44:38,597 - INFO - [SBIN_NS] Inserted 180 rows (duplicates ignored)
2026-07-30 06:44:38,598 - INFO - Inserted 180 rows for SBIN.NS
2026-07-30 06:44:38,723 - INFO - [BHARTIARTL_NS] Inserted 180 rows (duplicates ignored)
2026-07-30 06:44:38,724 - INFO - Inserted 180 rows for BHARTIARTL.NS
2026-07-30 06:44:38,875 - INFO - [KOTAKBANK_NS] Inserted 180 rows (duplicates ignored)
2026-07-30 06:44:38,875 - INFO - Inserted 180 rows for KOTAKBANK.NS
2026-07-30 06:44:39,014 - INFO - [LT_NS] Inserted 180 rows (duplicates ignored)
2026-07-30 06:44:39,014 - INFO - Inserted 180 rows for LT.NS
2026-07-30 06:44:39,166 - INFO - [AXISBANK_NS] Inserted 180 rows (duplicates ignored)
2026-07-30 06:44:39,166 - INFO - Inserted 180 rows for AXISBANK.NS
2026-07-30 06:44:39,338 - INFO - [BAJFINANCE_NS] Inserted 180 rows (duplicates ignored)
2026-07-30 06:44:39,338 - INFO - Inserted 180 rows for BAJFINANCE.NS
2026-07-30 06:44:39,499 - INFO - [ASIANPAINT_NS] Inserted 180 rows (duplicates ignored)
2026-07-30 06:44:39,499 - INFO - Inserted 180 rows for ASIANPAINT.NS
2026-07-30 06:44:39,647 - INFO - [MARUTI_NS] Inserted 180 rows (duplicates ignored)
2026-07-30 06:44:39,648 - INFO - Inserted 180 rows for MARUTI.NS
2026-07-30 06:44:39,829 - INFO - [SUNPHARMA_NS] Inserted 180 rows (duplicates ignored)
2026-07-30 06:44:39,829 - INFO - Inserted 180 rows for SUNPHARMA.NS
2026-07-30 06:44:39,978 - INFO - [WIPRO_NS] Inserted 180 rows (duplicates ignored)
2026-07-30 06:44:39,978 - INFO - Inserted 180 rows for WIPRO.NS
2026-07-30 06:44:40,126 - INFO - [POWERGRID_NS] Inserted 180 rows (duplicates ignored)
2026-07-30 06:44:40,126 - INFO - Inserted 180 rows for POWERGRID.NS
2026-07-30 06:44:40,264 - INFO - [NTPC_NS] Inserted 180 rows (duplicates ignored)
2026-07-30 06:44:40,265 - INFO - Inserted 180 rows for NTPC.NS
2026-07-30 06:44:40,416 - INFO - [ONGC_NS] Inserted 180 rows (duplicates ignored)
2026-07-30 06:44:40,416 - INFO - Inserted 180 rows for ONGC.NS
2026-07-30 06:44:40,431 - INFO - Cycle complete. README updated.
2026-07-30 23:34:19,309 - INFO - Starting data fetch cycle...
2026-07-30 23:34:19,599 - INFO - [RELIANCE_NS] Inserted 375 rows (duplicates ignored)
2026-07-30 23:34:19,599 - INFO - Inserted 375 rows for RELIANCE.NS
2026-07-30 23:34:19,776 - INFO - [HDFCBANK_NS] Inserted 375 rows (duplicates ignored)
2026-07-30 23:34:19,777 - INFO - Inserted 375 rows for HDFCBANK.NS
2026-07-30 23:34:19,978 - INFO - [ICICIBANK_NS] Inserted 375 rows (duplicates ignored)
2026-07-30 23:34:19,978 - INFO - Inserted 375 rows for ICICIBANK.NS
2026-07-30 23:34:20,156 - INFO - [INFY_NS] Inserted 375 rows (duplicates ignored)
2026-07-30 23:34:20,156 - INFO - Inserted 375 rows for INFY.NS
2026-07-30 23:34:20,319 - INFO - [TCS_NS] Inserted 375 rows (duplicates ignored)
2026-07-30 23:34:20,319 - INFO - Inserted 375 rows for TCS.NS
2026-07-30 23:34:20,486 - INFO - [ITC_NS] Inserted 375 rows (duplicates ignored)
2026-07-30 23:34:20,486 - INFO - Inserted 375 rows for ITC.NS
2026-07-30 23:34:20,656 - INFO - [HINDUNILVR_NS] Inserted 375 rows (duplicates ignored)
2026-07-30 23:34:20,656 - INFO - Inserted 375 rows for HINDUNILVR.NS
2026-07-30 23:34:20,821 - INFO - [SBIN_NS] Inserted 375 rows (duplicates ignored)
2026-07-30 23:34:20,821 - INFO - Inserted 375 rows for SBIN.NS
2026-07-30 23:34:20,973 - INFO - [BHARTIARTL_NS] Inserted 375 rows (duplicates ignored)
2026-07-30 23:34:20,973 - INFO - Inserted 375 rows for BHARTIARTL.NS
2026-07-30 23:34:21,137 - INFO - [KOTAKBANK_NS] Inserted 375 rows (duplicates ignored)
2026-07-30 23:34:21,137 - INFO - Inserted 375 rows for KOTAKBANK.NS
2026-07-30 23:34:21,305 - INFO - [LT_NS] Inserted 375 rows (duplicates ignored)
2026-07-30 23:34:21,306 - INFO - Inserted 375 rows for LT.NS
2026-07-30 23:34:21,473 - INFO - [AXISBANK_NS] Inserted 375 rows (duplicates ignored)
2026-07-30 23:34:21,473 - INFO - Inserted 375 rows for AXISBANK.NS
2026-07-30 23:34:21,633 - INFO - [BAJFINANCE_NS] Inserted 375 rows (duplicates ignored)
2026-07-30 23:34:21,633 - INFO - Inserted 375 rows for BAJFINANCE.NS
2026-07-30 23:34:21,795 - INFO - [ASIANPAINT_NS] Inserted 375 rows (duplicates ignored)
2026-07-30 23:34:21,795 - INFO - Inserted 375 rows for ASIANPAINT.NS
2026-07-30 23:34:21,962 - INFO - [MARUTI_NS] Inserted 375 rows (duplicates ignored)
2026-07-30 23:34:21,963 - INFO - Inserted 375 rows for MARUTI.NS
2026-07-30 23:34:22,135 - INFO - [SUNPHARMA_NS] Inserted 375 rows (duplicates ignored)
2026-07-30 23:34:22,136 - INFO - Inserted 375 rows for SUNPHARMA.NS
2026-07-30 23:34:22,305 - INFO - [WIPRO_NS] Inserted 375 rows (duplicates ignored)
2026-07-30 23:34:22,305 - INFO - Inserted 375 rows for WIPRO.NS
2026-07-30 23:34:22,452 - INFO - [POWERGRID_NS] Inserted 375 rows (duplicates ignored)
2026-07-30 23:34:22,452 - INFO - Inserted 375 rows for POWERGRID.NS
2026-07-30 23:34:22,609 - INFO - [NTPC_NS] Inserted 375 rows (duplicates ignored)
2026-07-30 23:34:22,609 - INFO - Inserted 375 rows for NTPC.NS
2026-07-30 23:34:22,879 - INFO - [ONGC_NS] Inserted 375 rows (duplicates ignored)
2026-07-30 23:34:22,879 - INFO - Inserted 375 rows for ONGC.NS
2026-07-30 23:34:22,894 - INFO - Cycle complete. README updated.
2026-07-31 01:10:33,806 - INFO - Starting data fetch cycle...
2026-07-31 01:10:34,104 - INFO - [RELIANCE_NS] Inserted 375 rows (duplicates ignored)
2026-07-31 01:10:34,105 - INFO - Inserted 375 rows for RELIANCE.NS
2026-07-31 01:10:34,274 - INFO - [HDFCBANK_NS] Inserted 375 rows (duplicates ignored)
2026-07-31 01:10:34,275 - INFO - Inserted 375 rows for HDFCBANK.NS
2026-07-31 01:10:34,445 - INFO - [ICICIBANK_NS] Inserted 375 rows (duplicates ignored)
2026-07-31 01:10:34,445 - INFO - Inserted 375 rows for ICICIBANK.NS
2026-07-31 01:10:34,636 - INFO - [INFY_NS] Inserted 375 rows (duplicates ignored)
2026-07-31 01:10:34,636 - INFO - Inserted 375 rows for INFY.NS
2026-07-31 01:10:34,804 - INFO - [TCS_NS] Inserted 375 rows (duplicates ignored)
2026-07-31 01:10:34,804 - INFO - Inserted 375 rows for TCS.NS
2026-07-31 01:10:34,996 - INFO - [ITC_NS] Inserted 375 rows (duplicates ignored)
2026-07-31 01:10:34,996 - INFO - Inserted 375 rows for ITC.NS
2026-07-31 01:10:35,177 - INFO - [HINDUNILVR_NS] Inserted 375 rows (duplicates ignored)
2026-07-31 01:10:35,177 - INFO - Inserted 375 rows for HINDUNILVR.NS
2026-07-31 01:10:35,350 - INFO - [SBIN_NS] Inserted 375 rows (duplicates ignored)
2026-07-31 01:10:35,350 - INFO - Inserted 375 rows for SBIN.NS
2026-07-31 01:10:35,559 - INFO - [BHARTIARTL_NS] Inserted 375 rows (duplicates ignored)
2026-07-31 01:10:35,559 - INFO - Inserted 375 rows for BHARTIARTL.NS
2026-07-31 01:10:35,711 - INFO - [KOTAKBANK_NS] Inserted 375 rows (duplicates ignored)
2026-07-31 01:10:35,711 - INFO - Inserted 375 rows for KOTAKBANK.NS
2026-07-31 01:10:35,883 - INFO - [LT_NS] Inserted 375 rows (duplicates ignored)
2026-07-31 01:10:35,883 - INFO - Inserted 375 rows for LT.NS
2026-07-31 01:10:36,052 - INFO - [AXISBANK_NS] Inserted 375 rows (duplicates ignored)
2026-07-31 01:10:36,052 - INFO - Inserted 375 rows for AXISBANK.NS
2026-07-31 01:10:36,250 - INFO - [BAJFINANCE_NS] Inserted 375 rows (duplicates ignored)
2026-07-31 01:10:36,251 - INFO - Inserted 375 rows for BAJFINANCE.NS
2026-07-31 01:10:36,422 - INFO - [ASIANPAINT_NS] Inserted 375 rows (duplicates ignored)
2026-07-31 01:10:36,422 - INFO - Inserted 375 rows for ASIANPAINT.NS
2026-07-31 01:10:36,590 - INFO - [MARUTI_NS] Inserted 375 rows (duplicates ignored)
2026-07-31 01:10:36,590 - INFO - Inserted 375 rows for MARUTI.NS
2026-07-31 01:10:36,787 - INFO - [SUNPHARMA_NS] Inserted 375 rows (duplicates ignored)
2026-07-31 01:10:36,788 - INFO - Inserted 375 rows for SUNPHARMA.NS
2026-07-31 01:10:36,974 - INFO - [WIPRO_NS] Inserted 375 rows (duplicates ignored)
2026-07-31 01:10:36,974 - INFO - Inserted 375 rows for WIPRO.NS
2026-07-31 01:10:37,188 - INFO - [POWERGRID_NS] Inserted 375 rows (duplicates ignored)
2026-07-31 01:10:37,188 - INFO - Inserted 375 rows for POWERGRID.NS
2026-07-31 01:10:37,354 - INFO - [NTPC_NS] Inserted 375 rows (duplicates ignored)
2026-07-31 01:10:37,354 - INFO - Inserted 375 rows for NTPC.NS
2026-07-31 01:10:37,525 - INFO - [ONGC_NS] Inserted 375 rows (duplicates ignored)
2026-07-31 01:10:37,526 - INFO - Inserted 375 rows for ONGC.NS
2026-07-31 01:10:37,541 - INFO - Cycle complete. README updated.
2026-07-31 04:42:55,193 - INFO - Starting data fetch cycle...
2026-07-31 04:42:55,549 - INFO - [RELIANCE_NS] Inserted 58 rows (duplicates ignored)
2026-07-31 04:42:55,549 - INFO - Inserted 58 rows for RELIANCE.NS
2026-07-31 04:42:55,757 - INFO - [HDFCBANK_NS] Inserted 58 rows (duplicates ignored)
2026-07-31 04:42:55,758 - INFO - Inserted 58 rows for HDFCBANK.NS
2026-07-31 04:42:55,925 - INFO - [ICICIBANK_NS] Inserted 58 rows (duplicates ignored)
2026-07-31 04:42:55,925 - INFO - Inserted 58 rows for ICICIBANK.NS
2026-07-31 04:42:56,091 - INFO - [INFY_NS] Inserted 58 rows (duplicates ignored)
2026-07-31 04:42:56,091 - INFO - Inserted 58 rows for INFY.NS
2026-07-31 04:42:56,239 - INFO - [TCS_NS] Inserted 58 rows (duplicates ignored)
2026-07-31 04:42:56,239 - INFO - Inserted 58 rows for TCS.NS
2026-07-31 04:42:56,397 - INFO - [ITC_NS] Inserted 58 rows (duplicates ignored)
2026-07-31 04:42:56,397 - INFO - Inserted 58 rows for ITC.NS
2026-07-31 04:42:56,555 - INFO - [HINDUNILVR_NS] Inserted 58 rows (duplicates ignored)
2026-07-31 04:42:56,556 - INFO - Inserted 58 rows for HINDUNILVR.NS
2026-07-31 04:42:56,727 - INFO - [SBIN_NS] Inserted 58 rows (duplicates ignored)
2026-07-31 04:42:56,727 - INFO - Inserted 58 rows for SBIN.NS
2026-07-31 04:42:56,869 - INFO - [BHARTIARTL_NS] Inserted 58 rows (duplicates ignored)
2026-07-31 04:42:56,869 - INFO - Inserted 58 rows for BHARTIARTL.NS
2026-07-31 04:42:57,182 - INFO - [KOTAKBANK_NS] Inserted 58 rows (duplicates ignored)
2026-07-31 04:42:57,182 - INFO - Inserted 58 rows for KOTAKBANK.NS
2026-07-31 04:42:57,332 - INFO - [LT_NS] Inserted 58 rows (duplicates ignored)
2026-07-31 04:42:57,332 - INFO - Inserted 58 rows for LT.NS
2026-07-31 04:42:57,478 - INFO - [AXISBANK_NS] Inserted 58 rows (duplicates ignored)
2026-07-31 04:42:57,478 - INFO - Inserted 58 rows for AXISBANK.NS
2026-07-31 04:42:57,647 - INFO - [BAJFINANCE_NS] Inserted 58 rows (duplicates ignored)
2026-07-31 04:42:57,647 - INFO - Inserted 58 rows for BAJFINANCE.NS
2026-07-31 04:42:57,809 - INFO - [ASIANPAINT_NS] Inserted 58 rows (duplicates ignored)
2026-07-31 04:42:57,809 - INFO - Inserted 58 rows for ASIANPAINT.NS
2026-07-31 04:42:57,966 - INFO - [MARUTI_NS] Inserted 58 rows (duplicates ignored)
2026-07-31 04:42:57,966 - INFO - Inserted 58 rows for MARUTI.NS
2026-07-31 04:42:58,132 - INFO - [SUNPHARMA_NS] Inserted 58 rows (duplicates ignored)
2026-07-31 04:42:58,133 - INFO - Inserted 58 rows for SUNPHARMA.NS
2026-07-31 04:42:58,295 - INFO - [WIPRO_NS] Inserted 58 rows (duplicates ignored)
2026-07-31 04:42:58,295 - INFO - Inserted 58 rows for WIPRO.NS
2026-07-31 04:42:58,450 - INFO - [POWERGRID_NS] Inserted 58 rows (duplicates ignored)
2026-07-31 04:42:58,450 - INFO - Inserted 58 rows for POWERGRID.NS
2026-07-31 04:42:58,614 - INFO - [NTPC_NS] Inserted 58 rows (duplicates ignored)
2026-07-31 04:42:58,614 - INFO - Inserted 58 rows for NTPC.NS
2026-07-31 04:42:58,789 - INFO - [ONGC_NS] Inserted 58 rows (duplicates ignored)
2026-07-31 04:42:58,789 - INFO - Inserted 58 rows for ONGC.NS
2026-07-31 04:42:58,805 - INFO - Cycle complete. README updated.
2026-07-31 07:37:40,067 - INFO - Starting data fetch cycle...
2026-07-31 07:37:40,390 - INFO - [RELIANCE_NS] Inserted 233 rows (duplicates ignored)
2026-07-31 07:37:40,390 - INFO - Inserted 233 rows for RELIANCE.NS
2026-07-31 07:37:40,608 - INFO - [HDFCBANK_NS] Inserted 233 rows (duplicates ignored)
2026-07-31 07:37:40,609 - INFO - Inserted 233 rows for HDFCBANK.NS
2026-07-31 07:37:40,764 - INFO - [ICICIBANK_NS] Inserted 233 rows (duplicates ignored)
2026-07-31 07:37:40,765 - INFO - Inserted 233 rows for ICICIBANK.NS
2026-07-31 07:37:40,964 - INFO - [INFY_NS] Inserted 233 rows (duplicates ignored)
2026-07-31 07:37:40,964 - INFO - Inserted 233 rows for INFY.NS
2026-07-31 07:37:41,112 - INFO - [TCS_NS] Inserted 233 rows (duplicates ignored)
2026-07-31 07:37:41,112 - INFO - Inserted 233 rows for TCS.NS
2026-07-31 07:37:41,309 - INFO - [ITC_NS] Inserted 233 rows (duplicates ignored)
2026-07-31 07:37:41,310 - INFO - Inserted 233 rows for ITC.NS
2026-07-31 07:37:41,476 - INFO - [HINDUNILVR_NS] Inserted 233 rows (duplicates ignored)
2026-07-31 07:37:41,476 - INFO - Inserted 233 rows for HINDUNILVR.NS
2026-07-31 07:37:41,625 - INFO - [SBIN_NS] Inserted 233 rows (duplicates ignored)
2026-07-31 07:37:41,625 - INFO - Inserted 233 rows for SBIN.NS
2026-07-31 07:37:41,764 - INFO - [BHARTIARTL_NS] Inserted 233 rows (duplicates ignored)
2026-07-31 07:37:41,764 - INFO - Inserted 233 rows for BHARTIARTL.NS
2026-07-31 07:37:41,921 - INFO - [KOTAKBANK_NS] Inserted 233 rows (duplicates ignored)
2026-07-31 07:37:41,921 - INFO - Inserted 233 rows for KOTAKBANK.NS
2026-07-31 07:37:42,069 - INFO - [LT_NS] Inserted 233 rows (duplicates ignored)
2026-07-31 07:37:42,070 - INFO - Inserted 233 rows for LT.NS
2026-07-31 07:37:42,216 - INFO - [AXISBANK_NS] Inserted 233 rows (duplicates ignored)
2026-07-31 07:37:42,216 - INFO - Inserted 233 rows for AXISBANK.NS
2026-07-31 07:37:42,376 - INFO - [BAJFINANCE_NS] Inserted 233 rows (duplicates ignored)
2026-07-31 07:37:42,376 - INFO - Inserted 233 rows for BAJFINANCE.NS
2026-07-31 07:37:42,542 - INFO - [ASIANPAINT_NS] Inserted 233 rows (duplicates ignored)
2026-07-31 07:37:42,542 - INFO - Inserted 233 rows for ASIANPAINT.NS
2026-07-31 07:37:42,720 - INFO - [MARUTI_NS] Inserted 233 rows (duplicates ignored)
2026-07-31 07:37:42,720 - INFO - Inserted 233 rows for MARUTI.NS
2026-07-31 07:37:42,877 - INFO - [SUNPHARMA_NS] Inserted 233 rows (duplicates ignored)
2026-07-31 07:37:42,877 - INFO - Inserted 233 rows for SUNPHARMA.NS
2026-07-31 07:37:43,034 - INFO - [WIPRO_NS] Inserted 233 rows (duplicates ignored)
2026-07-31 07:37:43,034 - INFO - Inserted 233 rows for WIPRO.NS
2026-07-31 07:37:43,180 - INFO - [POWERGRID_NS] Inserted 233 rows (duplicates ignored)
2026-07-31 07:37:43,180 - INFO - Inserted 233 rows for POWERGRID.NS
2026-07-31 07:37:43,328 - INFO - [NTPC_NS] Inserted 233 rows (duplicates ignored)
2026-07-31 07:37:43,328 - INFO - Inserted 233 rows for NTPC.NS
2026-07-31 07:37:43,504 - INFO - [ONGC_NS] Inserted 233 rows (duplicates ignored)
2026-07-31 07:37:43,505 - INFO - Inserted 233 rows for ONGC.NS
2026-07-31 07:37:43,519 - INFO - Cycle complete. README updated.
2026-08-02 23:30:20,503 - INFO - Starting data fetch cycle...
2026-08-02 23:30:20,823 - INFO - [RELIANCE_NS] Inserted 375 rows (duplicates ignored)
2026-08-02 23:30:20,823 - INFO - Inserted 375 rows for RELIANCE.NS
2026-08-02 23:30:21,019 - INFO - [HDFCBANK_NS] Inserted 375 rows (duplicates ignored)
2026-08-02 23:30:21,019 - INFO - Inserted 375 rows for HDFCBANK.NS
2026-08-02 23:30:21,185 - INFO - [ICICIBANK_NS] Inserted 375 rows (duplicates ignored)
2026-08-02 23:30:21,185 - INFO - Inserted 375 rows for ICICIBANK.NS
2026-08-02 23:30:21,353 - INFO - [INFY_NS] Inserted 375 rows (duplicates ignored)
2026-08-02 23:30:21,353 - INFO - Inserted 375 rows for INFY.NS
2026-08-02 23:30:21,528 - INFO - [TCS_NS] Inserted 375 rows (duplicates ignored)
2026-08-02 23:30:21,528 - INFO - Inserted 375 rows for TCS.NS
2026-08-02 23:30:21,717 - INFO - [ITC_NS] Inserted 375 rows (duplicates ignored)
2026-08-02 23:30:21,717 - INFO - Inserted 375 rows for ITC.NS
2026-08-02 23:30:21,885 - INFO - [HINDUNILVR_NS] Inserted 375 rows (duplicates ignored)
2026-08-02 23:30:21,885 - INFO - Inserted 375 rows for HINDUNILVR.NS
2026-08-02 23:30:22,057 - INFO - [SBIN_NS] Inserted 375 rows (duplicates ignored)
2026-08-02 23:30:22,057 - INFO - Inserted 375 rows for SBIN.NS
2026-08-02 23:30:22,224 - INFO - [BHARTIARTL_NS] Inserted 375 rows (duplicates ignored)
2026-08-02 23:30:22,224 - INFO - Inserted 375 rows for BHARTIARTL.NS
2026-08-02 23:30:22,401 - INFO - [KOTAKBANK_NS] Inserted 375 rows (duplicates ignored)
2026-08-02 23:30:22,401 - INFO - Inserted 375 rows for KOTAKBANK.NS
2026-08-02 23:30:22,570 - INFO - [LT_NS] Inserted 375 rows (duplicates ignored)
2026-08-02 23:30:22,570 - INFO - Inserted 375 rows for LT.NS
2026-08-02 23:30:22,747 - INFO - [AXISBANK_NS] Inserted 375 rows (duplicates ignored)
2026-08-02 23:30:22,748 - INFO - Inserted 375 rows for AXISBANK.NS
2026-08-02 23:30:22,916 - INFO - [BAJFINANCE_NS] Inserted 375 rows (duplicates ignored)
2026-08-02 23:30:22,916 - INFO - Inserted 375 rows for BAJFINANCE.NS
2026-08-02 23:30:23,108 - INFO - [ASIANPAINT_NS] Inserted 375 rows (duplicates ignored)
2026-08-02 23:30:23,108 - INFO - Inserted 375 rows for ASIANPAINT.NS
2026-08-02 23:30:23,265 - INFO - [MARUTI_NS] Inserted 375 rows (duplicates ignored)
2026-08-02 23:30:23,265 - INFO - Inserted 375 rows for MARUTI.NS
2026-08-02 23:30:23,431 - INFO - [SUNPHARMA_NS] Inserted 375 rows (duplicates ignored)
2026-08-02 23:30:23,432 - INFO - Inserted 375 rows for SUNPHARMA.NS
2026-08-02 23:30:23,621 - INFO - [WIPRO_NS] Inserted 375 rows (duplicates ignored)
2026-08-02 23:30:23,622 - INFO - Inserted 375 rows for WIPRO.NS
2026-08-02 23:30:23,818 - INFO - [POWERGRID_NS] Inserted 375 rows (duplicates ignored)
2026-08-02 23:30:23,818 - INFO - Inserted 375 rows for POWERGRID.NS
2026-08-02 23:30:23,964 - INFO - [NTPC_NS] Inserted 375 rows (duplicates ignored)
2026-08-02 23:30:23,964 - INFO - Inserted 375 rows for NTPC.NS
2026-08-02 23:30:24,131 - INFO - [ONGC_NS] Inserted 375 rows (duplicates ignored)
2026-08-02 23:30:24,132 - INFO - Inserted 375 rows for ONGC.NS
2026-08-02 23:30:24,143 - INFO - Cycle complete. README updated.
2026-08-03 01:10:24,377 - INFO - Starting data fetch cycle...
2026-08-03 01:10:24,739 - INFO - [RELIANCE_NS] Inserted 375 rows (duplicates ignored)
2026-08-03 01:10:24,739 - INFO - Inserted 375 rows for RELIANCE.NS
2026-08-03 01:10:24,959 - INFO - [HDFCBANK_NS] Inserted 375 rows (duplicates ignored)
2026-08-03 01:10:24,959 - INFO - Inserted 375 rows for HDFCBANK.NS
2026-08-03 01:10:25,108 - INFO - [ICICIBANK_NS] Inserted 375 rows (duplicates ignored)
2026-08-03 01:10:25,108 - INFO - Inserted 375 rows for ICICIBANK.NS
2026-08-03 01:10:25,417 - INFO - [INFY_NS] Inserted 375 rows (duplicates ignored)
2026-08-03 01:10:25,417 - INFO - Inserted 375 rows for INFY.NS
2026-08-03 01:10:25,565 - INFO - [TCS_NS] Inserted 375 rows (duplicates ignored)
2026-08-03 01:10:25,565 - INFO - Inserted 375 rows for TCS.NS
2026-08-03 01:10:25,841 - INFO - [ITC_NS] Inserted 375 rows (duplicates ignored)
2026-08-03 01:10:25,841 - INFO - Inserted 375 rows for ITC.NS
2026-08-03 01:10:25,998 - INFO - [HINDUNILVR_NS] Inserted 375 rows (duplicates ignored)
2026-08-03 01:10:25,998 - INFO - Inserted 375 rows for HINDUNILVR.NS
2026-08-03 01:10:26,267 - INFO - [SBIN_NS] Inserted 375 rows (duplicates ignored)
2026-08-03 01:10:26,267 - INFO - Inserted 375 rows for SBIN.NS
2026-08-03 01:10:26,414 - INFO - [BHARTIARTL_NS] Inserted 375 rows (duplicates ignored)
2026-08-03 01:10:26,415 - INFO - Inserted 375 rows for BHARTIARTL.NS
2026-08-03 01:10:26,557 - INFO - [KOTAKBANK_NS] Inserted 375 rows (duplicates ignored)
2026-08-03 01:10:26,557 - INFO - Inserted 375 rows for KOTAKBANK.NS
2026-08-03 01:10:26,760 - INFO - [LT_NS] Inserted 375 rows (duplicates ignored)
2026-08-03 01:10:26,760 - INFO - Inserted 375 rows for LT.NS
2026-08-03 01:10:26,925 - INFO - [AXISBANK_NS] Inserted 375 rows (duplicates ignored)
2026-08-03 01:10:26,925 - INFO - Inserted 375 rows for AXISBANK.NS
2026-08-03 01:10:27,091 - INFO - [BAJFINANCE_NS] Inserted 375 rows (duplicates ignored)
2026-08-03 01:10:27,092 - INFO - Inserted 375 rows for BAJFINANCE.NS
2026-08-03 01:10:27,239 - INFO - [ASIANPAINT_NS] Inserted 375 rows (duplicates ignored)
2026-08-03 01:10:27,239 - INFO - Inserted 375 rows for ASIANPAINT.NS
2026-08-03 01:10:27,359 - INFO - [MARUTI_NS] Inserted 375 rows (duplicates ignored)
2026-08-03 01:10:27,360 - INFO - Inserted 375 rows for MARUTI.NS
2026-08-03 01:10:27,516 - INFO - [SUNPHARMA_NS] Inserted 375 rows (duplicates ignored)
2026-08-03 01:10:27,516 - INFO - Inserted 375 rows for SUNPHARMA.NS
2026-08-03 01:10:27,675 - INFO - [WIPRO_NS] Inserted 375 rows (duplicates ignored)
2026-08-03 01:10:27,676 - INFO - Inserted 375 rows for WIPRO.NS
2026-08-03 01:10:27,885 - INFO - [POWERGRID_NS] Inserted 375 rows (duplicates ignored)
2026-08-03 01:10:27,885 - INFO - Inserted 375 rows for POWERGRID.NS
2026-08-03 01:10:28,072 - INFO - [NTPC_NS] Inserted 375 rows (duplicates ignored)
2026-08-03 01:10:28,072 - INFO - Inserted 375 rows for NTPC.NS
2026-08-03 01:10:28,281 - INFO - [ONGC_NS] Inserted 375 rows (duplicates ignored)
2026-08-03 01:10:28,281 - INFO - Inserted 375 rows for ONGC.NS
2026-08-03 01:10:28,295 - INFO - Cycle complete. README updated.
2026-08-03 04:47:47,969 - INFO - Starting data fetch cycle...
2026-08-03 04:47:48,328 - INFO - [RELIANCE_NS] Inserted 63 rows (duplicates ignored)
2026-08-03 04:47:48,329 - INFO - Inserted 63 rows for RELIANCE.NS
2026-08-03 04:47:48,556 - INFO - [HDFCBANK_NS] Inserted 63 rows (duplicates ignored)
2026-08-03 04:47:48,557 - INFO - Inserted 63 rows for HDFCBANK.NS
2026-08-03 04:47:48,743 - INFO - [ICICIBANK_NS] Inserted 63 rows (duplicates ignored)
2026-08-03 04:47:48,743 - INFO - Inserted 63 rows for ICICIBANK.NS
2026-08-03 04:47:48,911 - INFO - [INFY_NS] Inserted 63 rows (duplicates ignored)
2026-08-03 04:47:48,911 - INFO - Inserted 63 rows for INFY.NS
2026-08-03 04:47:49,067 - INFO - [TCS_NS] Inserted 63 rows (duplicates ignored)
2026-08-03 04:47:49,068 - INFO - Inserted 63 rows for TCS.NS
2026-08-03 04:47:49,238 - INFO - [ITC_NS] Inserted 63 rows (duplicates ignored)
2026-08-03 04:47:49,238 - INFO - Inserted 63 rows for ITC.NS
2026-08-03 04:47:49,411 - INFO - [HINDUNILVR_NS] Inserted 63 rows (duplicates ignored)
2026-08-03 04:47:49,411 - INFO - Inserted 63 rows for HINDUNILVR.NS
2026-08-03 04:47:49,575 - INFO - [SBIN_NS] Inserted 63 rows (duplicates ignored)
2026-08-03 04:47:49,575 - INFO - Inserted 63 rows for SBIN.NS
2026-08-03 04:47:49,711 - INFO - [BHARTIARTL_NS] Inserted 63 rows (duplicates ignored)
2026-08-03 04:47:49,712 - INFO - Inserted 63 rows for BHARTIARTL.NS
2026-08-03 04:47:49,952 - INFO - [KOTAKBANK_NS] Inserted 63 rows (duplicates ignored)
2026-08-03 04:47:49,952 - INFO - Inserted 63 rows for KOTAKBANK.NS
2026-08-03 04:47:50,099 - INFO - [LT_NS] Inserted 63 rows (duplicates ignored)
2026-08-03 04:47:50,099 - INFO - Inserted 63 rows for LT.NS
2026-08-03 04:47:50,244 - INFO - [AXISBANK_NS] Inserted 63 rows (duplicates ignored)
2026-08-03 04:47:50,245 - INFO - Inserted 63 rows for AXISBANK.NS
2026-08-03 04:47:50,400 - INFO - [BAJFINANCE_NS] Inserted 63 rows (duplicates ignored)
2026-08-03 04:47:50,400 - INFO - Inserted 63 rows for BAJFINANCE.NS
2026-08-03 04:47:50,600 - INFO - [ASIANPAINT_NS] Inserted 63 rows (duplicates ignored)
2026-08-03 04:47:50,600 - INFO - Inserted 63 rows for ASIANPAINT.NS
2026-08-03 04:47:50,750 - INFO - [MARUTI_NS] Inserted 63 rows (duplicates ignored)
2026-08-03 04:47:50,750 - INFO - Inserted 63 rows for MARUTI.NS
2026-08-03 04:47:50,919 - INFO - [SUNPHARMA_NS] Inserted 63 rows (duplicates ignored)
2026-08-03 04:47:50,919 - INFO - Inserted 63 rows for SUNPHARMA.NS
2026-08-03 04:47:51,079 - INFO - [WIPRO_NS] Inserted 63 rows (duplicates ignored)
2026-08-03 04:47:51,079 - INFO - Inserted 63 rows for WIPRO.NS
2026-08-03 04:47:51,238 - INFO - [POWERGRID_NS] Inserted 63 rows (duplicates ignored)
2026-08-03 04:47:51,238 - INFO - Inserted 63 rows for POWERGRID.NS
2026-08-03 04:47:51,394 - INFO - [NTPC_NS] Inserted 63 rows (duplicates ignored)
2026-08-03 04:47:51,394 - INFO - Inserted 63 rows for NTPC.NS
2026-08-03 04:47:51,553 - INFO - [ONGC_NS] Inserted 63 rows (duplicates ignored)
2026-08-03 04:47:51,553 - INFO - Inserted 63 rows for ONGC.NS
2026-08-03 04:47:51,566 - INFO - Cycle complete. README updated.
2026-08-03 08:16:42,777 - INFO - Starting data fetch cycle...
2026-08-03 08:16:43,554 - INFO - [RELIANCE_NS] Inserted 272 rows (duplicates ignored)
2026-08-03 08:16:43,554 - INFO - Inserted 272 rows for RELIANCE.NS
2026-08-03 08:16:43,774 - INFO - [HDFCBANK_NS] Inserted 272 rows (duplicates ignored)
2026-08-03 08:16:43,774 - INFO - Inserted 272 rows for HDFCBANK.NS
2026-08-03 08:16:43,991 - INFO - [ICICIBANK_NS] Inserted 272 rows (duplicates ignored)
2026-08-03 08:16:43,991 - INFO - Inserted 272 rows for ICICIBANK.NS
2026-08-03 08:16:44,165 - INFO - [INFY_NS] Inserted 272 rows (duplicates ignored)
2026-08-03 08:16:44,165 - INFO - Inserted 272 rows for INFY.NS
2026-08-03 08:16:44,346 - INFO - [TCS_NS] Inserted 272 rows (duplicates ignored)
2026-08-03 08:16:44,346 - INFO - Inserted 272 rows for TCS.NS
2026-08-03 08:16:44,561 - INFO - [ITC_NS] Inserted 272 rows (duplicates ignored)
2026-08-03 08:16:44,561 - INFO - Inserted 272 rows for ITC.NS
2026-08-03 08:16:44,875 - INFO - [HINDUNILVR_NS] Inserted 272 rows (duplicates ignored)
2026-08-03 08:16:44,875 - INFO - Inserted 272 rows for HINDUNILVR.NS
2026-08-03 08:16:45,139 - INFO - [SBIN_NS] Inserted 272 rows (duplicates ignored)
2026-08-03 08:16:45,139 - INFO - Inserted 272 rows for SBIN.NS
2026-08-03 08:16:45,385 - INFO - [BHARTIARTL_NS] Inserted 272 rows (duplicates ignored)
2026-08-03 08:16:45,385 - INFO - Inserted 272 rows for BHARTIARTL.NS
2026-08-03 08:16:45,654 - INFO - [KOTAKBANK_NS] Inserted 272 rows (duplicates ignored)
2026-08-03 08:16:45,654 - INFO - Inserted 272 rows for KOTAKBANK.NS
2026-08-03 08:16:45,929 - INFO - [LT_NS] Inserted 272 rows (duplicates ignored)
2026-08-03 08:16:45,929 - INFO - Inserted 272 rows for LT.NS
2026-08-03 08:16:46,134 - INFO - [AXISBANK_NS] Inserted 272 rows (duplicates ignored)
2026-08-03 08:16:46,134 - INFO - Inserted 272 rows for AXISBANK.NS
2026-08-03 08:16:46,403 - INFO - [BAJFINANCE_NS] Inserted 272 rows (duplicates ignored)
2026-08-03 08:16:46,403 - INFO - Inserted 272 rows for BAJFINANCE.NS
2026-08-03 08:16:46,566 - INFO - [ASIANPAINT_NS] Inserted 272 rows (duplicates ignored)
2026-08-03 08:16:46,567 - INFO - Inserted 272 rows for ASIANPAINT.NS
2026-08-03 08:16:46,772 - INFO - [MARUTI_NS] Inserted 272 rows (duplicates ignored)
2026-08-03 08:16:46,772 - INFO - Inserted 272 rows for MARUTI.NS
2026-08-03 08:16:47,055 - INFO - [SUNPHARMA_NS] Inserted 272 rows (duplicates ignored)
2026-08-03 08:16:47,056 - INFO - Inserted 272 rows for SUNPHARMA.NS
2026-08-03 08:16:47,273 - INFO - [WIPRO_NS] Inserted 272 rows (duplicates ignored)
2026-08-03 08:16:47,273 - INFO - Inserted 272 rows for WIPRO.NS
2026-08-03 08:16:47,501 - INFO - [POWERGRID_NS] Inserted 272 rows (duplicates ignored)
2026-08-03 08:16:47,501 - INFO - Inserted 272 rows for POWERGRID.NS
2026-08-03 08:16:47,656 - INFO - [NTPC_NS] Inserted 272 rows (duplicates ignored)
2026-08-03 08:16:47,656 - INFO - Inserted 272 rows for NTPC.NS
2026-08-03 08:16:47,921 - INFO - [ONGC_NS] Inserted 272 rows (duplicates ignored)
2026-08-03 08:16:47,921 - INFO - Inserted 272 rows for ONGC.NS
2026-08-03 08:16:47,933 - INFO - Cycle complete. README updated.
2026-08-03 23:37:47,802 - INFO - Starting data fetch cycle...
2026-08-03 23:37:48,208 - INFO - [RELIANCE_NS] Inserted 361 rows (duplicates ignored)
2026-08-03 23:37:48,208 - INFO - Inserted 361 rows for RELIANCE.NS
2026-08-03 23:37:48,393 - INFO - [HDFCBANK_NS] Inserted 361 rows (duplicates ignored)
2026-08-03 23:37:48,393 - INFO - Inserted 361 rows for HDFCBANK.NS
2026-08-03 23:37:48,553 - INFO - [ICICIBANK_NS] Inserted 361 rows (duplicates ignored)
2026-08-03 23:37:48,553 - INFO - Inserted 361 rows for ICICIBANK.NS
2026-08-03 23:37:48,758 - INFO - [INFY_NS] Inserted 361 rows (duplicates ignored)
2026-08-03 23:37:48,759 - INFO - Inserted 361 rows for INFY.NS
2026-08-03 23:37:48,958 - INFO - [TCS_NS] Inserted 361 rows (duplicates ignored)
2026-08-03 23:37:48,959 - INFO - Inserted 361 rows for TCS.NS
2026-08-03 23:37:49,130 - INFO - [ITC_NS] Inserted 361 rows (duplicates ignored)
2026-08-03 23:37:49,130 - INFO - Inserted 361 rows for ITC.NS
2026-08-03 23:37:49,308 - INFO - [HINDUNILVR_NS] Inserted 361 rows (duplicates ignored)
2026-08-03 23:37:49,309 - INFO - Inserted 361 rows for HINDUNILVR.NS
2026-08-03 23:37:49,478 - INFO - [SBIN_NS] Inserted 360 rows (duplicates ignored)
2026-08-03 23:37:49,478 - INFO - Inserted 360 rows for SBIN.NS
2026-08-03 23:37:49,625 - INFO - [BHARTIARTL_NS] Inserted 361 rows (duplicates ignored)
2026-08-03 23:37:49,625 - INFO - Inserted 361 rows for BHARTIARTL.NS
2026-08-03 23:37:49,921 - INFO - [KOTAKBANK_NS] Inserted 361 rows (duplicates ignored)
2026-08-03 23:37:49,922 - INFO - Inserted 361 rows for KOTAKBANK.NS
2026-08-03 23:37:50,111 - INFO - [LT_NS] Inserted 361 rows (duplicates ignored)
2026-08-03 23:37:50,112 - INFO - Inserted 361 rows for LT.NS
2026-08-03 23:37:50,272 - INFO - [AXISBANK_NS] Inserted 361 rows (duplicates ignored)
2026-08-03 23:37:50,272 - INFO - Inserted 361 rows for AXISBANK.NS
2026-08-03 23:37:50,462 - INFO - [BAJFINANCE_NS] Inserted 361 rows (duplicates ignored)
2026-08-03 23:37:50,462 - INFO - Inserted 361 rows for BAJFINANCE.NS
2026-08-03 23:37:50,618 - INFO - [ASIANPAINT_NS] Inserted 361 rows (duplicates ignored)
2026-08-03 23:37:50,619 - INFO - Inserted 361 rows for ASIANPAINT.NS
2026-08-03 23:37:50,786 - INFO - [MARUTI_NS] Inserted 361 rows (duplicates ignored)
2026-08-03 23:37:50,786 - INFO - Inserted 361 rows for MARUTI.NS
2026-08-03 23:37:50,956 - INFO - [SUNPHARMA_NS] Inserted 361 rows (duplicates ignored)
2026-08-03 23:37:50,956 - INFO - Inserted 361 rows for SUNPHARMA.NS
2026-08-03 23:37:51,116 - INFO - [WIPRO_NS] Inserted 361 rows (duplicates ignored)
2026-08-03 23:37:51,116 - INFO - Inserted 361 rows for WIPRO.NS
2026-08-03 23:37:51,274 - INFO - [POWERGRID_NS] Inserted 361 rows (duplicates ignored)
2026-08-03 23:37:51,274 - INFO - Inserted 361 rows for POWERGRID.NS
2026-08-03 23:37:51,420 - INFO - [NTPC_NS] Inserted 360 rows (duplicates ignored)
2026-08-03 23:37:51,420 - INFO - Inserted 360 rows for NTPC.NS
2026-08-03 23:37:51,618 - INFO - [ONGC_NS] Inserted 361 rows (duplicates ignored)
2026-08-03 23:37:51,618 - INFO - Inserted 361 rows for ONGC.NS
2026-08-03 23:37:51,632 - INFO - Cycle complete. README updated.
2026-08-04 01:05:36,307 - INFO - Starting data fetch cycle...
2026-08-04 01:05:36,605 - INFO - [RELIANCE_NS] Inserted 361 rows (duplicates ignored)
2026-08-04 01:05:36,606 - INFO - Inserted 361 rows for RELIANCE.NS
2026-08-04 01:05:36,779 - INFO - [HDFCBANK_NS] Inserted 361 rows (duplicates ignored)
2026-08-04 01:05:36,779 - INFO - Inserted 361 rows for HDFCBANK.NS
2026-08-04 01:05:36,923 - INFO - [ICICIBANK_NS] Inserted 361 rows (duplicates ignored)
2026-08-04 01:05:36,923 - INFO - Inserted 361 rows for ICICIBANK.NS
2026-08-04 01:05:37,088 - INFO - [INFY_NS] Inserted 361 rows (duplicates ignored)
2026-08-04 01:05:37,088 - INFO - Inserted 361 rows for INFY.NS
2026-08-04 01:05:37,233 - INFO - [TCS_NS] Inserted 361 rows (duplicates ignored)
2026-08-04 01:05:37,233 - INFO - Inserted 361 rows for TCS.NS
2026-08-04 01:05:37,397 - INFO - [ITC_NS] Inserted 361 rows (duplicates ignored)
2026-08-04 01:05:37,397 - INFO - Inserted 361 rows for ITC.NS
2026-08-04 01:05:37,553 - INFO - [HINDUNILVR_NS] Inserted 361 rows (duplicates ignored)
2026-08-04 01:05:37,553 - INFO - Inserted 361 rows for HINDUNILVR.NS
2026-08-04 01:05:37,702 - INFO - [SBIN_NS] Inserted 360 rows (duplicates ignored)
2026-08-04 01:05:37,702 - INFO - Inserted 360 rows for SBIN.NS
2026-08-04 01:05:37,847 - INFO - [BHARTIARTL_NS] Inserted 361 rows (duplicates ignored)
2026-08-04 01:05:37,847 - INFO - Inserted 361 rows for BHARTIARTL.NS
2026-08-04 01:05:38,011 - INFO - [KOTAKBANK_NS] Inserted 361 rows (duplicates ignored)
2026-08-04 01:05:38,011 - INFO - Inserted 361 rows for KOTAKBANK.NS
2026-08-04 01:05:38,184 - INFO - [LT_NS] Inserted 361 rows (duplicates ignored)
2026-08-04 01:05:38,185 - INFO - Inserted 361 rows for LT.NS
2026-08-04 01:05:38,371 - INFO - [AXISBANK_NS] Inserted 361 rows (duplicates ignored)
2026-08-04 01:05:38,371 - INFO - Inserted 361 rows for AXISBANK.NS
2026-08-04 01:05:38,527 - INFO - [BAJFINANCE_NS] Inserted 361 rows (duplicates ignored)
2026-08-04 01:05:38,527 - INFO - Inserted 361 rows for BAJFINANCE.NS
2026-08-04 01:05:38,671 - INFO - [ASIANPAINT_NS] Inserted 361 rows (duplicates ignored)
2026-08-04 01:05:38,671 - INFO - Inserted 361 rows for ASIANPAINT.NS
2026-08-04 01:05:38,806 - INFO - [MARUTI_NS] Inserted 361 rows (duplicates ignored)
2026-08-04 01:05:38,807 - INFO - Inserted 361 rows for MARUTI.NS
2026-08-04 01:05:38,961 - INFO - [SUNPHARMA_NS] Inserted 361 rows (duplicates ignored)
2026-08-04 01:05:38,961 - INFO - Inserted 361 rows for SUNPHARMA.NS
2026-08-04 01:05:39,150 - INFO - [WIPRO_NS] Inserted 361 rows (duplicates ignored)
2026-08-04 01:05:39,150 - INFO - Inserted 361 rows for WIPRO.NS
2026-08-04 01:05:39,285 - INFO - [POWERGRID_NS] Inserted 361 rows (duplicates ignored)
2026-08-04 01:05:39,286 - INFO - Inserted 361 rows for POWERGRID.NS
2026-08-04 01:05:39,419 - INFO - [NTPC_NS] Inserted 360 rows (duplicates ignored)
2026-08-04 01:05:39,419 - INFO - Inserted 360 rows for NTPC.NS
2026-08-04 01:05:39,556 - INFO - [ONGC_NS] Inserted 361 rows (duplicates ignored)
2026-08-04 01:05:39,556 - INFO - Inserted 361 rows for ONGC.NS
2026-08-04 01:05:39,570 - INFO - Cycle complete. README updated.
2026-08-04 04:28:46,648 - INFO - Starting data fetch cycle...
2026-08-04 04:28:46,964 - INFO - [RELIANCE_NS] Inserted 44 rows (duplicates ignored)
2026-08-04 04:28:46,964 - INFO - Inserted 44 rows for RELIANCE.NS
2026-08-04 04:28:47,110 - INFO - [HDFCBANK_NS] Inserted 44 rows (duplicates ignored)
2026-08-04 04:28:47,110 - INFO - Inserted 44 rows for HDFCBANK.NS
2026-08-04 04:28:47,263 - INFO - [ICICIBANK_NS] Inserted 44 rows (duplicates ignored)
2026-08-04 04:28:47,263 - INFO - Inserted 44 rows for ICICIBANK.NS
2026-08-04 04:28:47,410 - INFO - [INFY_NS] Inserted 44 rows (duplicates ignored)
2026-08-04 04:28:47,410 - INFO - Inserted 44 rows for INFY.NS
2026-08-04 04:28:47,555 - INFO - [TCS_NS] Inserted 44 rows (duplicates ignored)
2026-08-04 04:28:47,555 - INFO - Inserted 44 rows for TCS.NS
2026-08-04 04:28:47,703 - INFO - [ITC_NS] Inserted 44 rows (duplicates ignored)
2026-08-04 04:28:47,703 - INFO - Inserted 44 rows for ITC.NS
2026-08-04 04:28:47,849 - INFO - [HINDUNILVR_NS] Inserted 44 rows (duplicates ignored)
2026-08-04 04:28:47,849 - INFO - Inserted 44 rows for HINDUNILVR.NS
2026-08-04 04:28:47,998 - INFO - [SBIN_NS] Inserted 44 rows (duplicates ignored)
2026-08-04 04:28:47,998 - INFO - Inserted 44 rows for SBIN.NS
2026-08-04 04:28:48,139 - INFO - [BHARTIARTL_NS] Inserted 44 rows (duplicates ignored)
2026-08-04 04:28:48,139 - INFO - Inserted 44 rows for BHARTIARTL.NS
2026-08-04 04:28:48,289 - INFO - [KOTAKBANK_NS] Inserted 44 rows (duplicates ignored)
2026-08-04 04:28:48,289 - INFO - Inserted 44 rows for KOTAKBANK.NS
2026-08-04 04:28:48,432 - INFO - [LT_NS] Inserted 44 rows (duplicates ignored)
2026-08-04 04:28:48,432 - INFO - Inserted 44 rows for LT.NS
2026-08-04 04:28:48,583 - INFO - [AXISBANK_NS] Inserted 44 rows (duplicates ignored)
2026-08-04 04:28:48,583 - INFO - Inserted 44 rows for AXISBANK.NS
2026-08-04 04:28:48,720 - INFO - [BAJFINANCE_NS] Inserted 44 rows (duplicates ignored)
2026-08-04 04:28:48,720 - INFO - Inserted 44 rows for BAJFINANCE.NS
2026-08-04 04:28:48,860 - INFO - [ASIANPAINT_NS] Inserted 44 rows (duplicates ignored)
2026-08-04 04:28:48,861 - INFO - Inserted 44 rows for ASIANPAINT.NS
2026-08-04 04:28:49,004 - INFO - [MARUTI_NS] Inserted 44 rows (duplicates ignored)
2026-08-04 04:28:49,004 - INFO - Inserted 44 rows for MARUTI.NS
2026-08-04 04:28:49,184 - INFO - [SUNPHARMA_NS] Inserted 44 rows (duplicates ignored)
2026-08-04 04:28:49,184 - INFO - Inserted 44 rows for SUNPHARMA.NS
2026-08-04 04:28:49,323 - INFO - [WIPRO_NS] Inserted 44 rows (duplicates ignored)
2026-08-04 04:28:49,324 - INFO - Inserted 44 rows for WIPRO.NS
2026-08-04 04:28:49,452 - INFO - [POWERGRID_NS] Inserted 44 rows (duplicates ignored)
2026-08-04 04:28:49,452 - INFO - Inserted 44 rows for POWERGRID.NS
2026-08-04 04:28:49,587 - INFO - [NTPC_NS] Inserted 44 rows (duplicates ignored)
2026-08-04 04:28:49,587 - INFO - Inserted 44 rows for NTPC.NS
2026-08-04 04:28:49,756 - INFO - [ONGC_NS] Inserted 44 rows (duplicates ignored)
2026-08-04 04:28:49,757 - INFO - Inserted 44 rows for ONGC.NS
2026-08-04 04:28:49,770 - INFO - Cycle complete. README updated.
2026-08-04 07:18:26,421 - INFO - Starting data fetch cycle...
2026-08-04 07:18:26,768 - INFO - [RELIANCE_NS] Inserted 214 rows (duplicates ignored)
2026-08-04 07:18:26,768 - INFO - Inserted 214 rows for RELIANCE.NS
2026-08-04 07:18:26,943 - INFO - [HDFCBANK_NS] Inserted 214 rows (duplicates ignored)
2026-08-04 07:18:26,944 - INFO - Inserted 214 rows for HDFCBANK.NS
2026-08-04 07:18:27,117 - INFO - [ICICIBANK_NS] Inserted 214 rows (duplicates ignored)
2026-08-04 07:18:27,117 - INFO - Inserted 214 rows for ICICIBANK.NS
2026-08-04 07:18:27,297 - INFO - [INFY_NS] Inserted 214 rows (duplicates ignored)
2026-08-04 07:18:27,297 - INFO - Inserted 214 rows for INFY.NS
2026-08-04 07:18:27,457 - INFO - [TCS_NS] Inserted 214 rows (duplicates ignored)
2026-08-04 07:18:27,457 - INFO - Inserted 214 rows for TCS.NS
2026-08-04 07:18:27,631 - INFO - [ITC_NS] Inserted 214 rows (duplicates ignored)
2026-08-04 07:18:27,631 - INFO - Inserted 214 rows for ITC.NS
2026-08-04 07:18:27,854 - INFO - [HINDUNILVR_NS] Inserted 214 rows (duplicates ignored)
2026-08-04 07:18:27,854 - INFO - Inserted 214 rows for HINDUNILVR.NS
2026-08-04 07:18:28,032 - INFO - [SBIN_NS] Inserted 214 rows (duplicates ignored)
2026-08-04 07:18:28,032 - INFO - Inserted 214 rows for SBIN.NS
2026-08-04 07:18:28,182 - INFO - [BHARTIARTL_NS] Inserted 214 rows (duplicates ignored)
2026-08-04 07:18:28,182 - INFO - Inserted 214 rows for BHARTIARTL.NS
2026-08-04 07:18:28,343 - INFO - [KOTAKBANK_NS] Inserted 214 rows (duplicates ignored)
2026-08-04 07:18:28,344 - INFO - Inserted 214 rows for KOTAKBANK.NS
2026-08-04 07:18:28,504 - INFO - [LT_NS] Inserted 214 rows (duplicates ignored)
2026-08-04 07:18:28,504 - INFO - Inserted 214 rows for LT.NS
2026-08-04 07:18:28,664 - INFO - [AXISBANK_NS] Inserted 214 rows (duplicates ignored)
2026-08-04 07:18:28,664 - INFO - Inserted 214 rows for AXISBANK.NS
2026-08-04 07:18:28,887 - INFO - [BAJFINANCE_NS] Inserted 214 rows (duplicates ignored)
2026-08-04 07:18:28,887 - INFO - Inserted 214 rows for BAJFINANCE.NS
2026-08-04 07:18:29,047 - INFO - [ASIANPAINT_NS] Inserted 214 rows (duplicates ignored)
2026-08-04 07:18:29,047 - INFO - Inserted 214 rows for ASIANPAINT.NS
2026-08-04 07:18:29,270 - INFO - [MARUTI_NS] Inserted 214 rows (duplicates ignored)
2026-08-04 07:18:29,270 - INFO - Inserted 214 rows for MARUTI.NS
2026-08-04 07:18:29,450 - INFO - [SUNPHARMA_NS] Inserted 214 rows (duplicates ignored)
2026-08-04 07:18:29,450 - INFO - Inserted 214 rows for SUNPHARMA.NS
2026-08-04 07:18:29,628 - INFO - [WIPRO_NS] Inserted 214 rows (duplicates ignored)
2026-08-04 07:18:29,628 - INFO - Inserted 214 rows for WIPRO.NS
2026-08-04 07:18:29,786 - INFO - [POWERGRID_NS] Inserted 214 rows (duplicates ignored)
2026-08-04 07:18:29,786 - INFO - Inserted 214 rows for POWERGRID.NS
2026-08-04 07:18:29,938 - INFO - [NTPC_NS] Inserted 214 rows (duplicates ignored)
2026-08-04 07:18:29,938 - INFO - Inserted 214 rows for NTPC.NS
2026-08-04 07:18:30,124 - INFO - [ONGC_NS] Inserted 214 rows (duplicates ignored)
2026-08-04 07:18:30,125 - INFO - Inserted 214 rows for ONGC.NS
2026-08-04 07:18:30,139 - INFO - Cycle complete. README updated.
2026-08-04 23:34:03,914 - INFO - Starting data fetch cycle...
2026-08-04 23:34:04,300 - INFO - [RELIANCE_NS] Inserted 361 rows (duplicates ignored)
2026-08-04 23:34:04,301 - INFO - Inserted 361 rows for RELIANCE.NS
2026-08-04 23:34:04,460 - INFO - [HDFCBANK_NS] Inserted 361 rows (duplicates ignored)
2026-08-04 23:34:04,460 - INFO - Inserted 361 rows for HDFCBANK.NS
2026-08-04 23:34:04,629 - INFO - [ICICIBANK_NS] Inserted 361 rows (duplicates ignored)
2026-08-04 23:34:04,629 - INFO - Inserted 361 rows for ICICIBANK.NS
2026-08-04 23:34:04,796 - INFO - [INFY_NS] Inserted 361 rows (duplicates ignored)
2026-08-04 23:34:04,796 - INFO - Inserted 361 rows for INFY.NS
2026-08-04 23:34:04,956 - INFO - [TCS_NS] Inserted 361 rows (duplicates ignored)
2026-08-04 23:34:04,956 - INFO - Inserted 361 rows for TCS.NS
2026-08-04 23:34:05,189 - INFO - [ITC_NS] Inserted 360 rows (duplicates ignored)
2026-08-04 23:34:05,189 - INFO - Inserted 360 rows for ITC.NS
2026-08-04 23:34:05,399 - INFO - [HINDUNILVR_NS] Inserted 360 rows (duplicates ignored)
2026-08-04 23:34:05,399 - INFO - Inserted 360 rows for HINDUNILVR.NS
2026-08-04 23:34:05,559 - INFO - [SBIN_NS] Inserted 361 rows (duplicates ignored)
2026-08-04 23:34:05,559 - INFO - Inserted 361 rows for SBIN.NS
2026-08-04 23:34:05,961 - INFO - [BHARTIARTL_NS] Inserted 360 rows (duplicates ignored)
2026-08-04 23:34:05,961 - INFO - Inserted 360 rows for BHARTIARTL.NS
2026-08-04 23:34:06,128 - INFO - [KOTAKBANK_NS] Inserted 360 rows (duplicates ignored)
2026-08-04 23:34:06,128 - INFO - Inserted 360 rows for KOTAKBANK.NS
2026-08-04 23:34:06,286 - INFO - [LT_NS] Inserted 360 rows (duplicates ignored)
2026-08-04 23:34:06,286 - INFO - Inserted 360 rows for LT.NS
2026-08-04 23:34:06,444 - INFO - [AXISBANK_NS] Inserted 360 rows (duplicates ignored)
2026-08-04 23:34:06,445 - INFO - Inserted 360 rows for AXISBANK.NS
2026-08-04 23:34:06,607 - INFO - [BAJFINANCE_NS] Inserted 360 rows (duplicates ignored)
2026-08-04 23:34:06,607 - INFO - Inserted 360 rows for BAJFINANCE.NS
2026-08-04 23:34:06,837 - INFO - [ASIANPAINT_NS] Inserted 360 rows (duplicates ignored)
2026-08-04 23:34:06,838 - INFO - Inserted 360 rows for ASIANPAINT.NS
2026-08-04 23:34:07,037 - INFO - [MARUTI_NS] Inserted 361 rows (duplicates ignored)
2026-08-04 23:34:07,037 - INFO - Inserted 361 rows for MARUTI.NS
2026-08-04 23:34:07,209 - INFO - [SUNPHARMA_NS] Inserted 360 rows (duplicates ignored)
2026-08-04 23:34:07,210 - INFO - Inserted 360 rows for SUNPHARMA.NS
2026-08-04 23:34:07,380 - INFO - [WIPRO_NS] Inserted 361 rows (duplicates ignored)
2026-08-04 23:34:07,380 - INFO - Inserted 361 rows for WIPRO.NS
2026-08-04 23:34:07,606 - INFO - [POWERGRID_NS] Inserted 361 rows (duplicates ignored)
2026-08-04 23:34:07,606 - INFO - Inserted 361 rows for POWERGRID.NS
2026-08-04 23:34:07,818 - INFO - [NTPC_NS] Inserted 361 rows (duplicates ignored)
2026-08-04 23:34:07,818 - INFO - Inserted 361 rows for NTPC.NS
2026-08-04 23:34:08,008 - INFO - [ONGC_NS] Inserted 360 rows (duplicates ignored)
2026-08-04 23:34:08,008 - INFO - Inserted 360 rows for ONGC.NS
2026-08-04 23:34:08,022 - INFO - Cycle complete. README updated.
2026-08-05 01:00:48,027 - INFO - Starting data fetch cycle...
2026-08-05 01:00:48,420 - INFO - [RELIANCE_NS] Inserted 361 rows (duplicates ignored)
2026-08-05 01:00:48,420 - INFO - Inserted 361 rows for RELIANCE.NS
2026-08-05 01:00:48,587 - INFO - [HDFCBANK_NS] Inserted 361 rows (duplicates ignored)
2026-08-05 01:00:48,588 - INFO - Inserted 361 rows for HDFCBANK.NS
2026-08-05 01:00:48,763 - INFO - [ICICIBANK_NS] Inserted 361 rows (duplicates ignored)
2026-08-05 01:00:48,763 - INFO - Inserted 361 rows for ICICIBANK.NS
2026-08-05 01:00:48,939 - INFO - [INFY_NS] Inserted 361 rows (duplicates ignored)
2026-08-05 01:00:48,940 - INFO - Inserted 361 rows for INFY.NS
2026-08-05 01:00:49,106 - INFO - [TCS_NS] Inserted 361 rows (duplicates ignored)
2026-08-05 01:00:49,106 - INFO - Inserted 361 rows for TCS.NS
2026-08-05 01:00:49,271 - INFO - [ITC_NS] Inserted 360 rows (duplicates ignored)
2026-08-05 01:00:49,271 - INFO - Inserted 360 rows for ITC.NS
2026-08-05 01:00:49,508 - INFO - [HINDUNILVR_NS] Inserted 360 rows (duplicates ignored)
2026-08-05 01:00:49,508 - INFO - Inserted 360 rows for HINDUNILVR.NS
2026-08-05 01:00:49,682 - INFO - [SBIN_NS] Inserted 361 rows (duplicates ignored)
2026-08-05 01:00:49,682 - INFO - Inserted 361 rows for SBIN.NS
2026-08-05 01:00:49,828 - INFO - [BHARTIARTL_NS] Inserted 360 rows (duplicates ignored)
2026-08-05 01:00:49,828 - INFO - Inserted 360 rows for BHARTIARTL.NS
2026-08-05 01:00:50,045 - INFO - [KOTAKBANK_NS] Inserted 360 rows (duplicates ignored)
2026-08-05 01:00:50,046 - INFO - Inserted 360 rows for KOTAKBANK.NS
2026-08-05 01:00:50,200 - INFO - [LT_NS] Inserted 360 rows (duplicates ignored)
2026-08-05 01:00:50,201 - INFO - Inserted 360 rows for LT.NS
2026-08-05 01:00:50,367 - INFO - [AXISBANK_NS] Inserted 360 rows (duplicates ignored)
2026-08-05 01:00:50,367 - INFO - Inserted 360 rows for AXISBANK.NS
2026-08-05 01:00:50,542 - INFO - [BAJFINANCE_NS] Inserted 360 rows (duplicates ignored)
2026-08-05 01:00:50,543 - INFO - Inserted 360 rows for BAJFINANCE.NS
2026-08-05 01:00:50,741 - INFO - [ASIANPAINT_NS] Inserted 360 rows (duplicates ignored)
2026-08-05 01:00:50,741 - INFO - Inserted 360 rows for ASIANPAINT.NS
2026-08-05 01:00:50,929 - INFO - [MARUTI_NS] Inserted 361 rows (duplicates ignored)
2026-08-05 01:00:50,929 - INFO - Inserted 361 rows for MARUTI.NS
2026-08-05 01:00:51,107 - INFO - [SUNPHARMA_NS] Inserted 360 rows (duplicates ignored)
2026-08-05 01:00:51,108 - INFO - Inserted 360 rows for SUNPHARMA.NS
2026-08-05 01:00:51,303 - INFO - [WIPRO_NS] Inserted 361 rows (duplicates ignored)
2026-08-05 01:00:51,303 - INFO - Inserted 361 rows for WIPRO.NS
2026-08-05 01:00:51,456 - INFO - [POWERGRID_NS] Inserted 361 rows (duplicates ignored)
2026-08-05 01:00:51,456 - INFO - Inserted 361 rows for POWERGRID.NS
2026-08-05 01:00:51,611 - INFO - [NTPC_NS] Inserted 361 rows (duplicates ignored)
2026-08-05 01:00:51,611 - INFO - Inserted 361 rows for NTPC.NS
2026-08-05 01:00:51,797 - INFO - [ONGC_NS] Inserted 360 rows (duplicates ignored)
2026-08-05 01:00:51,797 - INFO - Inserted 360 rows for ONGC.NS
2026-08-05 01:00:51,809 - INFO - Cycle complete. README updated.
2026-08-05 04:21:28,959 - INFO - Starting data fetch cycle...
2026-08-05 04:21:29,237 - INFO - [RELIANCE_NS] Inserted 37 rows (duplicates ignored)
2026-08-05 04:21:29,238 - INFO - Inserted 37 rows for RELIANCE.NS
2026-08-05 04:21:29,369 - INFO - [HDFCBANK_NS] Inserted 37 rows (duplicates ignored)
2026-08-05 04:21:29,369 - INFO - Inserted 37 rows for HDFCBANK.NS
2026-08-05 04:21:29,506 - INFO - [ICICIBANK_NS] Inserted 37 rows (duplicates ignored)
2026-08-05 04:21:29,506 - INFO - Inserted 37 rows for ICICIBANK.NS
2026-08-05 04:21:29,641 - INFO - [INFY_NS] Inserted 37 rows (duplicates ignored)
2026-08-05 04:21:29,641 - INFO - Inserted 37 rows for INFY.NS
2026-08-05 04:21:29,797 - INFO - [TCS_NS] Inserted 37 rows (duplicates ignored)
2026-08-05 04:21:29,797 - INFO - Inserted 37 rows for TCS.NS
2026-08-05 04:21:30,014 - INFO - [ITC_NS] Inserted 37 rows (duplicates ignored)
2026-08-05 04:21:30,014 - INFO - Inserted 37 rows for ITC.NS
2026-08-05 04:21:30,159 - INFO - [HINDUNILVR_NS] Inserted 37 rows (duplicates ignored)
2026-08-05 04:21:30,159 - INFO - Inserted 37 rows for HINDUNILVR.NS
2026-08-05 04:21:30,303 - INFO - [SBIN_NS] Inserted 37 rows (duplicates ignored)
2026-08-05 04:21:30,303 - INFO - Inserted 37 rows for SBIN.NS
2026-08-05 04:21:30,426 - INFO - [BHARTIARTL_NS] Inserted 37 rows (duplicates ignored)
2026-08-05 04:21:30,426 - INFO - Inserted 37 rows for BHARTIARTL.NS
2026-08-05 04:21:30,581 - INFO - [KOTAKBANK_NS] Inserted 37 rows (duplicates ignored)
2026-08-05 04:21:30,581 - INFO - Inserted 37 rows for KOTAKBANK.NS
2026-08-05 04:21:30,716 - INFO - [LT_NS] Inserted 37 rows (duplicates ignored)
2026-08-05 04:21:30,717 - INFO - Inserted 37 rows for LT.NS
2026-08-05 04:21:30,840 - INFO - [AXISBANK_NS] Inserted 37 rows (duplicates ignored)
2026-08-05 04:21:30,840 - INFO - Inserted 37 rows for AXISBANK.NS
2026-08-05 04:21:30,988 - INFO - [BAJFINANCE_NS] Inserted 37 rows (duplicates ignored)
2026-08-05 04:21:30,989 - INFO - Inserted 37 rows for BAJFINANCE.NS
2026-08-05 04:21:31,133 - INFO - [ASIANPAINT_NS] Inserted 37 rows (duplicates ignored)
2026-08-05 04:21:31,133 - INFO - Inserted 37 rows for ASIANPAINT.NS
2026-08-05 04:21:31,297 - INFO - [MARUTI_NS] Inserted 37 rows (duplicates ignored)
2026-08-05 04:21:31,298 - INFO - Inserted 37 rows for MARUTI.NS
2026-08-05 04:21:31,460 - INFO - [SUNPHARMA_NS] Inserted 37 rows (duplicates ignored)
2026-08-05 04:21:31,460 - INFO - Inserted 37 rows for SUNPHARMA.NS
2026-08-05 04:21:31,605 - INFO - [WIPRO_NS] Inserted 37 rows (duplicates ignored)
2026-08-05 04:21:31,605 - INFO - Inserted 37 rows for WIPRO.NS
2026-08-05 04:21:31,734 - INFO - [POWERGRID_NS] Inserted 37 rows (duplicates ignored)
2026-08-05 04:21:31,734 - INFO - Inserted 37 rows for POWERGRID.NS
2026-08-05 04:21:31,868 - INFO - [NTPC_NS] Inserted 37 rows (duplicates ignored)
2026-08-05 04:21:31,868 - INFO - Inserted 37 rows for NTPC.NS
2026-08-05 04:21:32,038 - INFO - [ONGC_NS] Inserted 37 rows (duplicates ignored)
2026-08-05 04:21:32,038 - INFO - Inserted 37 rows for ONGC.NS
2026-08-05 04:21:32,050 - INFO - Cycle complete. README updated.
2026-08-05 07:09:51,351 - INFO - Starting data fetch cycle...
2026-08-05 07:09:51,741 - INFO - [RELIANCE_NS] Inserted 205 rows (duplicates ignored)
2026-08-05 07:09:51,742 - INFO - Inserted 205 rows for RELIANCE.NS
2026-08-05 07:09:51,891 - INFO - [HDFCBANK_NS] Inserted 205 rows (duplicates ignored)
2026-08-05 07:09:51,891 - INFO - Inserted 205 rows for HDFCBANK.NS
2026-08-05 07:09:52,027 - INFO - [ICICIBANK_NS] Inserted 205 rows (duplicates ignored)
2026-08-05 07:09:52,027 - INFO - Inserted 205 rows for ICICIBANK.NS
2026-08-05 07:09:52,171 - INFO - [INFY_NS] Inserted 205 rows (duplicates ignored)
2026-08-05 07:09:52,171 - INFO - Inserted 205 rows for INFY.NS
2026-08-05 07:09:52,309 - INFO - [TCS_NS] Inserted 205 rows (duplicates ignored)
2026-08-05 07:09:52,309 - INFO - Inserted 205 rows for TCS.NS
2026-08-05 07:09:52,449 - INFO - [ITC_NS] Inserted 205 rows (duplicates ignored)
2026-08-05 07:09:52,449 - INFO - Inserted 205 rows for ITC.NS
2026-08-05 07:09:52,589 - INFO - [HINDUNILVR_NS] Inserted 205 rows (duplicates ignored)
2026-08-05 07:09:52,589 - INFO - Inserted 205 rows for HINDUNILVR.NS
2026-08-05 07:09:52,727 - INFO - [SBIN_NS] Inserted 205 rows (duplicates ignored)
2026-08-05 07:09:52,727 - INFO - Inserted 205 rows for SBIN.NS
2026-08-05 07:09:52,847 - INFO - [BHARTIARTL_NS] Inserted 205 rows (duplicates ignored)
2026-08-05 07:09:52,847 - INFO - Inserted 205 rows for BHARTIARTL.NS
2026-08-05 07:09:52,967 - INFO - [KOTAKBANK_NS] Inserted 205 rows (duplicates ignored)
2026-08-05 07:09:52,967 - INFO - Inserted 205 rows for KOTAKBANK.NS
2026-08-05 07:09:53,109 - INFO - [LT_NS] Inserted 205 rows (duplicates ignored)
2026-08-05 07:09:53,109 - INFO - Inserted 205 rows for LT.NS
2026-08-05 07:09:53,236 - INFO - [AXISBANK_NS] Inserted 205 rows (duplicates ignored)
2026-08-05 07:09:53,236 - INFO - Inserted 205 rows for AXISBANK.NS
2026-08-05 07:09:53,369 - INFO - [BAJFINANCE_NS] Inserted 205 rows (duplicates ignored)
2026-08-05 07:09:53,369 - INFO - Inserted 205 rows for BAJFINANCE.NS
2026-08-05 07:09:53,506 - INFO - [ASIANPAINT_NS] Inserted 204 rows (duplicates ignored)
2026-08-05 07:09:53,506 - INFO - Inserted 204 rows for ASIANPAINT.NS
2026-08-05 07:09:53,631 - INFO - [MARUTI_NS] Inserted 205 rows (duplicates ignored)
2026-08-05 07:09:53,632 - INFO - Inserted 205 rows for MARUTI.NS
2026-08-05 07:09:53,788 - INFO - [SUNPHARMA_NS] Inserted 205 rows (duplicates ignored)
2026-08-05 07:09:53,788 - INFO - Inserted 205 rows for SUNPHARMA.NS
2026-08-05 07:09:53,928 - INFO - [WIPRO_NS] Inserted 205 rows (duplicates ignored)
2026-08-05 07:09:53,928 - INFO - Inserted 205 rows for WIPRO.NS
2026-08-05 07:09:54,080 - INFO - [POWERGRID_NS] Inserted 205 rows (duplicates ignored)
2026-08-05 07:09:54,080 - INFO - Inserted 205 rows for POWERGRID.NS
2026-08-05 07:09:54,219 - INFO - [NTPC_NS] Inserted 205 rows (duplicates ignored)
2026-08-05 07:09:54,219 - INFO - Inserted 205 rows for NTPC.NS
2026-08-05 07:09:54,356 - INFO - [ONGC_NS] Inserted 205 rows (duplicates ignored)
2026-08-05 07:09:54,356 - INFO - Inserted 205 rows for ONGC.NS
2026-08-05 07:09:54,371 - INFO - Cycle complete. README updated.
2026-08-05 23:29:56,824 - INFO - Starting data fetch cycle...
2026-08-05 23:29:57,496 - INFO - [RELIANCE_NS] Inserted 361 rows (duplicates ignored)
2026-08-05 23:29:57,496 - INFO - Inserted 361 rows for RELIANCE.NS
2026-08-05 23:29:57,736 - INFO - [HDFCBANK_NS] Inserted 360 rows (duplicates ignored)
2026-08-05 23:29:57,736 - INFO - Inserted 360 rows for HDFCBANK.NS
2026-08-05 23:29:57,975 - INFO - [ICICIBANK_NS] Inserted 360 rows (duplicates ignored)
2026-08-05 23:29:57,975 - INFO - Inserted 360 rows for ICICIBANK.NS
2026-08-05 23:29:58,130 - INFO - [INFY_NS] Inserted 360 rows (duplicates ignored)
2026-08-05 23:29:58,131 - INFO - Inserted 360 rows for INFY.NS
2026-08-05 23:29:58,346 - INFO - [TCS_NS] Inserted 361 rows (duplicates ignored)
2026-08-05 23:29:58,346 - INFO - Inserted 361 rows for TCS.NS
2026-08-05 23:29:58,493 - INFO - [ITC_NS] Inserted 361 rows (duplicates ignored)
2026-08-05 23:29:58,494 - INFO - Inserted 361 rows for ITC.NS
2026-08-05 23:29:58,881 - INFO - [HINDUNILVR_NS] Inserted 361 rows (duplicates ignored)
2026-08-05 23:29:58,881 - INFO - Inserted 361 rows for HINDUNILVR.NS
2026-08-05 23:29:59,107 - INFO - [SBIN_NS] Inserted 361 rows (duplicates ignored)
2026-08-05 23:29:59,108 - INFO - Inserted 361 rows for SBIN.NS
2026-08-05 23:29:59,263 - INFO - [BHARTIARTL_NS] Inserted 361 rows (duplicates ignored)
2026-08-05 23:29:59,263 - INFO - Inserted 361 rows for BHARTIARTL.NS
2026-08-05 23:29:59,409 - INFO - [KOTAKBANK_NS] Inserted 361 rows (duplicates ignored)
2026-08-05 23:29:59,409 - INFO - Inserted 361 rows for KOTAKBANK.NS
2026-08-05 23:29:59,574 - INFO - [LT_NS] Inserted 361 rows (duplicates ignored)
2026-08-05 23:29:59,574 - INFO - Inserted 361 rows for LT.NS
2026-08-05 23:29:59,709 - INFO - [AXISBANK_NS] Inserted 361 rows (duplicates ignored)
2026-08-05 23:29:59,709 - INFO - Inserted 361 rows for AXISBANK.NS
2026-08-05 23:29:59,904 - INFO - [BAJFINANCE_NS] Inserted 361 rows (duplicates ignored)
2026-08-05 23:29:59,904 - INFO - Inserted 361 rows for BAJFINANCE.NS
2026-08-05 23:30:00,181 - INFO - [ASIANPAINT_NS] Inserted 361 rows (duplicates ignored)
2026-08-05 23:30:00,181 - INFO - Inserted 361 rows for ASIANPAINT.NS
2026-08-05 23:30:00,333 - INFO - [MARUTI_NS] Inserted 361 rows (duplicates ignored)
2026-08-05 23:30:00,334 - INFO - Inserted 361 rows for MARUTI.NS
2026-08-05 23:30:00,489 - INFO - [SUNPHARMA_NS] Inserted 361 rows (duplicates ignored)
2026-08-05 23:30:00,489 - INFO - Inserted 361 rows for SUNPHARMA.NS
2026-08-05 23:30:00,756 - INFO - [WIPRO_NS] Inserted 361 rows (duplicates ignored)
2026-08-05 23:30:00,757 - INFO - Inserted 361 rows for WIPRO.NS
2026-08-05 23:30:00,901 - INFO - [POWERGRID_NS] Inserted 361 rows (duplicates ignored)
2026-08-05 23:30:00,901 - INFO - Inserted 361 rows for POWERGRID.NS
2026-08-05 23:30:01,097 - INFO - [NTPC_NS] Inserted 361 rows (duplicates ignored)
2026-08-05 23:30:01,097 - INFO - Inserted 361 rows for NTPC.NS
2026-08-05 23:30:01,307 - INFO - [ONGC_NS] Inserted 361 rows (duplicates ignored)
2026-08-05 23:30:01,307 - INFO - Inserted 361 rows for ONGC.NS
2026-08-05 23:30:01,318 - INFO - Cycle complete. README updated.
2026-08-06 00:57:34,574 - INFO - Starting data fetch cycle...
2026-08-06 00:57:35,017 - INFO - [RELIANCE_NS] Inserted 361 rows (duplicates ignored)
2026-08-06 00:57:35,017 - INFO - Inserted 361 rows for RELIANCE.NS
2026-08-06 00:57:35,161 - INFO - [HDFCBANK_NS] Inserted 360 rows (duplicates ignored)
2026-08-06 00:57:35,161 - INFO - Inserted 360 rows for HDFCBANK.NS
2026-08-06 00:57:35,305 - INFO - [ICICIBANK_NS] Inserted 360 rows (duplicates ignored)
2026-08-06 00:57:35,306 - INFO - Inserted 360 rows for ICICIBANK.NS
2026-08-06 00:57:35,479 - INFO - [INFY_NS] Inserted 360 rows (duplicates ignored)
2026-08-06 00:57:35,480 - INFO - Inserted 360 rows for INFY.NS
2026-08-06 00:57:35,633 - INFO - [TCS_NS] Inserted 361 rows (duplicates ignored)
2026-08-06 00:57:35,633 - INFO - Inserted 361 rows for TCS.NS
2026-08-06 00:57:35,778 - INFO - [ITC_NS] Inserted 361 rows (duplicates ignored)
2026-08-06 00:57:35,778 - INFO - Inserted 361 rows for ITC.NS
2026-08-06 00:57:35,967 - INFO - [HINDUNILVR_NS] Inserted 361 rows (duplicates ignored)
2026-08-06 00:57:35,967 - INFO - Inserted 361 rows for HINDUNILVR.NS
2026-08-06 00:57:36,120 - INFO - [SBIN_NS] Inserted 361 rows (duplicates ignored)
2026-08-06 00:57:36,120 - INFO - Inserted 361 rows for SBIN.NS
2026-08-06 00:57:36,252 - INFO - [BHARTIARTL_NS] Inserted 361 rows (duplicates ignored)
2026-08-06 00:57:36,253 - INFO - Inserted 361 rows for BHARTIARTL.NS
2026-08-06 00:57:36,449 - INFO - [KOTAKBANK_NS] Inserted 361 rows (duplicates ignored)
2026-08-06 00:57:36,449 - INFO - Inserted 361 rows for KOTAKBANK.NS
2026-08-06 00:57:36,713 - INFO - [LT_NS] Inserted 361 rows (duplicates ignored)
2026-08-06 00:57:36,713 - INFO - Inserted 361 rows for LT.NS
2026-08-06 00:57:36,866 - INFO - [AXISBANK_NS] Inserted 361 rows (duplicates ignored)
2026-08-06 00:57:36,866 - INFO - Inserted 361 rows for AXISBANK.NS
2026-08-06 00:57:37,082 - INFO - [BAJFINANCE_NS] Inserted 361 rows (duplicates ignored)
2026-08-06 00:57:37,082 - INFO - Inserted 361 rows for BAJFINANCE.NS
2026-08-06 00:57:37,341 - INFO - [ASIANPAINT_NS] Inserted 361 rows (duplicates ignored)
2026-08-06 00:57:37,341 - INFO - Inserted 361 rows for ASIANPAINT.NS
2026-08-06 00:57:37,555 - INFO - [MARUTI_NS] Inserted 361 rows (duplicates ignored)
2026-08-06 00:57:37,555 - INFO - Inserted 361 rows for MARUTI.NS
2026-08-06 00:57:37,781 - INFO - [SUNPHARMA_NS] Inserted 361 rows (duplicates ignored)
2026-08-06 00:57:37,781 - INFO - Inserted 361 rows for SUNPHARMA.NS
2026-08-06 00:57:37,927 - INFO - [WIPRO_NS] Inserted 361 rows (duplicates ignored)
2026-08-06 00:57:37,927 - INFO - Inserted 361 rows for WIPRO.NS
2026-08-06 00:57:38,062 - INFO - [POWERGRID_NS] Inserted 361 rows (duplicates ignored)
2026-08-06 00:57:38,062 - INFO - Inserted 361 rows for POWERGRID.NS
2026-08-06 00:57:38,208 - INFO - [NTPC_NS] Inserted 361 rows (duplicates ignored)
2026-08-06 00:57:38,209 - INFO - Inserted 361 rows for NTPC.NS
2026-08-06 00:57:38,354 - INFO - [ONGC_NS] Inserted 361 rows (duplicates ignored)
2026-08-06 00:57:38,354 - INFO - Inserted 361 rows for ONGC.NS
2026-08-06 00:57:38,365 - INFO - Cycle complete. README updated.
2026-08-06 04:21:00,130 - INFO - Starting data fetch cycle...
2026-08-06 04:21:00,432 - INFO - [RELIANCE_NS] Inserted 36 rows (duplicates ignored)
2026-08-06 04:21:00,432 - INFO - Inserted 36 rows for RELIANCE.NS
2026-08-06 04:21:00,566 - INFO - [HDFCBANK_NS] Inserted 36 rows (duplicates ignored)
2026-08-06 04:21:00,566 - INFO - Inserted 36 rows for HDFCBANK.NS
2026-08-06 04:21:00,706 - INFO - [ICICIBANK_NS] Inserted 36 rows (duplicates ignored)
2026-08-06 04:21:00,706 - INFO - Inserted 36 rows for ICICIBANK.NS
2026-08-06 04:21:00,902 - INFO - [INFY_NS] Inserted 36 rows (duplicates ignored)
2026-08-06 04:21:00,902 - INFO - Inserted 36 rows for INFY.NS
2026-08-06 04:21:01,059 - INFO - [TCS_NS] Inserted 36 rows (duplicates ignored)
2026-08-06 04:21:01,059 - INFO - Inserted 36 rows for TCS.NS
2026-08-06 04:21:01,233 - INFO - [ITC_NS] Inserted 36 rows (duplicates ignored)
2026-08-06 04:21:01,233 - INFO - Inserted 36 rows for ITC.NS
2026-08-06 04:21:01,380 - INFO - [HINDUNILVR_NS] Inserted 36 rows (duplicates ignored)
2026-08-06 04:21:01,381 - INFO - Inserted 36 rows for HINDUNILVR.NS
2026-08-06 04:21:01,515 - INFO - [SBIN_NS] Inserted 36 rows (duplicates ignored)
2026-08-06 04:21:01,516 - INFO - Inserted 36 rows for SBIN.NS
2026-08-06 04:21:01,642 - INFO - [BHARTIARTL_NS] Inserted 36 rows (duplicates ignored)
2026-08-06 04:21:01,642 - INFO - Inserted 36 rows for BHARTIARTL.NS
2026-08-06 04:21:01,817 - INFO - [KOTAKBANK_NS] Inserted 36 rows (duplicates ignored)
2026-08-06 04:21:01,817 - INFO - Inserted 36 rows for KOTAKBANK.NS
2026-08-06 04:21:01,943 - INFO - [LT_NS] Inserted 36 rows (duplicates ignored)
2026-08-06 04:21:01,943 - INFO - Inserted 36 rows for LT.NS
2026-08-06 04:21:02,087 - INFO - [AXISBANK_NS] Inserted 36 rows (duplicates ignored)
2026-08-06 04:21:02,087 - INFO - Inserted 36 rows for AXISBANK.NS
2026-08-06 04:21:02,223 - INFO - [BAJFINANCE_NS] Inserted 36 rows (duplicates ignored)
2026-08-06 04:21:02,223 - INFO - Inserted 36 rows for BAJFINANCE.NS
2026-08-06 04:21:02,398 - INFO - [ASIANPAINT_NS] Inserted 36 rows (duplicates ignored)
2026-08-06 04:21:02,398 - INFO - Inserted 36 rows for ASIANPAINT.NS
2026-08-06 04:21:02,545 - INFO - [MARUTI_NS] Inserted 36 rows (duplicates ignored)
2026-08-06 04:21:02,545 - INFO - Inserted 36 rows for MARUTI.NS
2026-08-06 04:21:02,679 - INFO - [SUNPHARMA_NS] Inserted 36 rows (duplicates ignored)
2026-08-06 04:21:02,680 - INFO - Inserted 36 rows for SUNPHARMA.NS
2026-08-06 04:21:02,837 - INFO - [WIPRO_NS] Inserted 36 rows (duplicates ignored)
2026-08-06 04:21:02,837 - INFO - Inserted 36 rows for WIPRO.NS
2026-08-06 04:21:02,963 - INFO - [POWERGRID_NS] Inserted 36 rows (duplicates ignored)
2026-08-06 04:21:02,963 - INFO - Inserted 36 rows for POWERGRID.NS
2026-08-06 04:21:03,090 - INFO - [NTPC_NS] Inserted 36 rows (duplicates ignored)
2026-08-06 04:21:03,090 - INFO - Inserted 36 rows for NTPC.NS
2026-08-06 04:21:03,236 - INFO - [ONGC_NS] Inserted 36 rows (duplicates ignored)
2026-08-06 04:21:03,236 - INFO - Inserted 36 rows for ONGC.NS
2026-08-06 04:21:03,248 - INFO - Cycle complete. README updated.
2026-08-06 07:11:37,987 - INFO - Starting data fetch cycle...
2026-08-06 07:11:38,401 - INFO - [RELIANCE_NS] Inserted 207 rows (duplicates ignored)
2026-08-06 07:11:38,402 - INFO - Inserted 207 rows for RELIANCE.NS
2026-08-06 07:11:38,558 - INFO - [HDFCBANK_NS] Inserted 207 rows (duplicates ignored)
2026-08-06 07:11:38,558 - INFO - Inserted 207 rows for HDFCBANK.NS
2026-08-06 07:11:38,716 - INFO - [ICICIBANK_NS] Inserted 207 rows (duplicates ignored)
2026-08-06 07:11:38,717 - INFO - Inserted 207 rows for ICICIBANK.NS
2026-08-06 07:11:38,873 - INFO - [INFY_NS] Inserted 207 rows (duplicates ignored)
2026-08-06 07:11:38,874 - INFO - Inserted 207 rows for INFY.NS
2026-08-06 07:11:39,041 - INFO - [TCS_NS] Inserted 207 rows (duplicates ignored)
2026-08-06 07:11:39,041 - INFO - Inserted 207 rows for TCS.NS
2026-08-06 07:11:39,210 - INFO - [ITC_NS] Inserted 207 rows (duplicates ignored)
2026-08-06 07:11:39,210 - INFO - Inserted 207 rows for ITC.NS
2026-08-06 07:11:39,376 - INFO - [HINDUNILVR_NS] Inserted 207 rows (duplicates ignored)
2026-08-06 07:11:39,376 - INFO - Inserted 207 rows for HINDUNILVR.NS
2026-08-06 07:11:39,560 - INFO - [SBIN_NS] Inserted 207 rows (duplicates ignored)
2026-08-06 07:11:39,560 - INFO - Inserted 207 rows for SBIN.NS
2026-08-06 07:11:40,380 - INFO - [BHARTIARTL_NS] Inserted 207 rows (duplicates ignored)
2026-08-06 07:11:40,380 - INFO - Inserted 207 rows for BHARTIARTL.NS
2026-08-06 07:11:40,543 - INFO - [KOTAKBANK_NS] Inserted 207 rows (duplicates ignored)
2026-08-06 07:11:40,543 - INFO - Inserted 207 rows for KOTAKBANK.NS
2026-08-06 07:11:40,733 - INFO - [LT_NS] Inserted 207 rows (duplicates ignored)
2026-08-06 07:11:40,733 - INFO - Inserted 207 rows for LT.NS
2026-08-06 07:11:40,891 - INFO - [AXISBANK_NS] Inserted 207 rows (duplicates ignored)
2026-08-06 07:11:40,891 - INFO - Inserted 207 rows for AXISBANK.NS
2026-08-06 07:11:41,048 - INFO - [BAJFINANCE_NS] Inserted 207 rows (duplicates ignored)
2026-08-06 07:11:41,048 - INFO - Inserted 207 rows for BAJFINANCE.NS
2026-08-06 07:11:41,211 - INFO - [ASIANPAINT_NS] Inserted 207 rows (duplicates ignored)
2026-08-06 07:11:41,211 - INFO - Inserted 207 rows for ASIANPAINT.NS
2026-08-06 07:11:41,360 - INFO - [MARUTI_NS] Inserted 207 rows (duplicates ignored)
2026-08-06 07:11:41,360 - INFO - Inserted 207 rows for MARUTI.NS
2026-08-06 07:11:41,517 - INFO - [SUNPHARMA_NS] Inserted 207 rows (duplicates ignored)
2026-08-06 07:11:41,517 - INFO - Inserted 207 rows for SUNPHARMA.NS
2026-08-06 07:11:41,684 - INFO - [WIPRO_NS] Inserted 207 rows (duplicates ignored)
2026-08-06 07:11:41,684 - INFO - Inserted 207 rows for WIPRO.NS
2026-08-06 07:11:41,841 - INFO - [POWERGRID_NS] Inserted 207 rows (duplicates ignored)
2026-08-06 07:11:41,841 - INFO - Inserted 207 rows for POWERGRID.NS
2026-08-06 07:11:41,999 - INFO - [NTPC_NS] Inserted 207 rows (duplicates ignored)
2026-08-06 07:11:41,999 - INFO - Inserted 207 rows for NTPC.NS
2026-08-06 07:11:42,179 - INFO - [ONGC_NS] Inserted 207 rows (duplicates ignored)
2026-08-06 07:11:42,179 - INFO - Inserted 207 rows for ONGC.NS
2026-08-06 07:11:42,191 - INFO - Cycle complete. README updated.
2026-08-07 01:37:03,870 - INFO - Starting data fetch cycle...
2026-08-07 01:37:04,340 - INFO - [RELIANCE_NS] Inserted 358 rows (duplicates ignored)
2026-08-07 01:37:04,341 - INFO - Inserted 358 rows for RELIANCE.NS
2026-08-07 01:37:04,509 - INFO - [HDFCBANK_NS] Inserted 361 rows (duplicates ignored)
2026-08-07 01:37:04,509 - INFO - Inserted 361 rows for HDFCBANK.NS
2026-08-07 01:37:04,650 - INFO - [ICICIBANK_NS] Inserted 361 rows (duplicates ignored)
2026-08-07 01:37:04,651 - INFO - Inserted 361 rows for ICICIBANK.NS
2026-08-07 01:37:04,802 - INFO - [INFY_NS] Inserted 361 rows (duplicates ignored)
2026-08-07 01:37:04,802 - INFO - Inserted 361 rows for INFY.NS
2026-08-07 01:37:04,937 - INFO - [TCS_NS] Inserted 361 rows (duplicates ignored)
2026-08-07 01:37:04,937 - INFO - Inserted 361 rows for TCS.NS
2026-08-07 01:37:05,095 - INFO - [ITC_NS] Inserted 361 rows (duplicates ignored)
2026-08-07 01:37:05,095 - INFO - Inserted 361 rows for ITC.NS
2026-08-07 01:37:05,255 - INFO - [HINDUNILVR_NS] Inserted 359 rows (duplicates ignored)
2026-08-07 01:37:05,255 - INFO - Inserted 359 rows for HINDUNILVR.NS
2026-08-07 01:37:05,406 - INFO - [SBIN_NS] Inserted 358 rows (duplicates ignored)
2026-08-07 01:37:05,407 - INFO - Inserted 358 rows for SBIN.NS
2026-08-07 01:37:05,544 - INFO - [BHARTIARTL_NS] Inserted 358 rows (duplicates ignored)
2026-08-07 01:37:05,544 - INFO - Inserted 358 rows for BHARTIARTL.NS
2026-08-07 01:37:05,680 - INFO - [KOTAKBANK_NS] Inserted 361 rows (duplicates ignored)
2026-08-07 01:37:05,680 - INFO - Inserted 361 rows for KOTAKBANK.NS
2026-08-07 01:37:05,829 - INFO - [LT_NS] Inserted 358 rows (duplicates ignored)
2026-08-07 01:37:05,829 - INFO - Inserted 358 rows for LT.NS
2026-08-07 01:37:05,980 - INFO - [AXISBANK_NS] Inserted 361 rows (duplicates ignored)
2026-08-07 01:37:05,980 - INFO - Inserted 361 rows for AXISBANK.NS
2026-08-07 01:37:06,119 - INFO - [BAJFINANCE_NS] Inserted 361 rows (duplicates ignored)
2026-08-07 01:37:06,119 - INFO - Inserted 361 rows for BAJFINANCE.NS
2026-08-07 01:37:06,276 - INFO - [ASIANPAINT_NS] Inserted 361 rows (duplicates ignored)
2026-08-07 01:37:06,276 - INFO - Inserted 361 rows for ASIANPAINT.NS
2026-08-07 01:37:06,404 - INFO - [MARUTI_NS] Inserted 359 rows (duplicates ignored)
2026-08-07 01:37:06,404 - INFO - Inserted 359 rows for MARUTI.NS
2026-08-07 01:37:06,553 - INFO - [SUNPHARMA_NS] Inserted 358 rows (duplicates ignored)
2026-08-07 01:37:06,553 - INFO - Inserted 358 rows for SUNPHARMA.NS
2026-08-07 01:37:06,701 - INFO - [WIPRO_NS] Inserted 361 rows (duplicates ignored)
2026-08-07 01:37:06,701 - INFO - Inserted 361 rows for WIPRO.NS
2026-08-07 01:37:06,819 - INFO - [POWERGRID_NS] Inserted 361 rows (duplicates ignored)
2026-08-07 01:37:06,819 - INFO - Inserted 361 rows for POWERGRID.NS
2026-08-07 01:37:06,959 - INFO - [NTPC_NS] Inserted 358 rows (duplicates ignored)
2026-08-07 01:37:06,960 - INFO - Inserted 358 rows for NTPC.NS
2026-08-07 01:37:07,119 - INFO - [ONGC_NS] Inserted 361 rows (duplicates ignored)
2026-08-07 01:37:07,119 - INFO - Inserted 361 rows for ONGC.NS
2026-08-07 01:37:07,133 - INFO - Cycle complete. README updated.
2026-08-07 04:14:41,700 - INFO - Starting data fetch cycle...
2026-08-07 04:14:42,001 - INFO - [RELIANCE_NS] Inserted 30 rows (duplicates ignored)
2026-08-07 04:14:42,001 - INFO - Inserted 30 rows for RELIANCE.NS
2026-08-07 04:14:42,139 - INFO - [HDFCBANK_NS] Inserted 30 rows (duplicates ignored)
2026-08-07 04:14:42,140 - INFO - Inserted 30 rows for HDFCBANK.NS
2026-08-07 04:14:42,283 - INFO - [ICICIBANK_NS] Inserted 30 rows (duplicates ignored)
2026-08-07 04:14:42,283 - INFO - Inserted 30 rows for ICICIBANK.NS
2026-08-07 04:14:42,722 - INFO - [INFY_NS] Inserted 30 rows (duplicates ignored)
2026-08-07 04:14:42,722 - INFO - Inserted 30 rows for INFY.NS
2026-08-07 04:14:42,853 - INFO - [TCS_NS] Inserted 30 rows (duplicates ignored)
2026-08-07 04:14:42,853 - INFO - Inserted 30 rows for TCS.NS
2026-08-07 04:14:42,999 - INFO - [ITC_NS] Inserted 30 rows (duplicates ignored)
2026-08-07 04:14:42,999 - INFO - Inserted 30 rows for ITC.NS
2026-08-07 04:14:43,146 - INFO - [HINDUNILVR_NS] Inserted 30 rows (duplicates ignored)
2026-08-07 04:14:43,146 - INFO - Inserted 30 rows for HINDUNILVR.NS
2026-08-07 04:14:43,303 - INFO - [SBIN_NS] Inserted 30 rows (duplicates ignored)
2026-08-07 04:14:43,303 - INFO - Inserted 30 rows for SBIN.NS
2026-08-07 04:14:43,441 - INFO - [BHARTIARTL_NS] Inserted 30 rows (duplicates ignored)
2026-08-07 04:14:43,441 - INFO - Inserted 30 rows for BHARTIARTL.NS
2026-08-07 04:14:43,592 - INFO - [KOTAKBANK_NS] Inserted 30 rows (duplicates ignored)
2026-08-07 04:14:43,592 - INFO - Inserted 30 rows for KOTAKBANK.NS
2026-08-07 04:14:43,725 - INFO - [LT_NS] Inserted 30 rows (duplicates ignored)
2026-08-07 04:14:43,725 - INFO - Inserted 30 rows for LT.NS
2026-08-07 04:14:43,869 - INFO - [AXISBANK_NS] Inserted 30 rows (duplicates ignored)
2026-08-07 04:14:43,869 - INFO - Inserted 30 rows for AXISBANK.NS
2026-08-07 04:14:44,005 - INFO - [BAJFINANCE_NS] Inserted 30 rows (duplicates ignored)
2026-08-07 04:14:44,005 - INFO - Inserted 30 rows for BAJFINANCE.NS
2026-08-07 04:14:44,148 - INFO - [ASIANPAINT_NS] Inserted 30 rows (duplicates ignored)
2026-08-07 04:14:44,148 - INFO - Inserted 30 rows for ASIANPAINT.NS
2026-08-07 04:14:44,286 - INFO - [MARUTI_NS] Inserted 30 rows (duplicates ignored)
2026-08-07 04:14:44,286 - INFO - Inserted 30 rows for MARUTI.NS
2026-08-07 04:14:44,431 - INFO - [SUNPHARMA_NS] Inserted 30 rows (duplicates ignored)
2026-08-07 04:14:44,432 - INFO - Inserted 30 rows for SUNPHARMA.NS
2026-08-07 04:14:44,575 - INFO - [WIPRO_NS] Inserted 30 rows (duplicates ignored)
2026-08-07 04:14:44,575 - INFO - Inserted 30 rows for WIPRO.NS
2026-08-07 04:14:44,708 - INFO - [POWERGRID_NS] Inserted 30 rows (duplicates ignored)
2026-08-07 04:14:44,708 - INFO - Inserted 30 rows for POWERGRID.NS
2026-08-07 04:14:44,864 - INFO - [NTPC_NS] Inserted 30 rows (duplicates ignored)
2026-08-07 04:14:44,864 - INFO - Inserted 30 rows for NTPC.NS
2026-08-07 04:14:45,039 - INFO - [ONGC_NS] Inserted 30 rows (duplicates ignored)
2026-08-07 04:14:45,039 - INFO - Inserted 30 rows for ONGC.NS
2026-08-07 04:14:45,051 - INFO - Cycle complete. README updated.
2026-08-07 05:53:20,433 - INFO - Starting data fetch cycle...
2026-08-07 05:53:20,775 - INFO - [RELIANCE_NS] Inserted 129 rows (duplicates ignored)
2026-08-07 05:53:20,775 - INFO - Inserted 129 rows for RELIANCE.NS
2026-08-07 05:53:20,931 - INFO - [HDFCBANK_NS] Inserted 129 rows (duplicates ignored)
2026-08-07 05:53:20,931 - INFO - Inserted 129 rows for HDFCBANK.NS
2026-08-07 05:53:21,128 - INFO - [ICICIBANK_NS] Inserted 129 rows (duplicates ignored)
2026-08-07 05:53:21,129 - INFO - Inserted 129 rows for ICICIBANK.NS
2026-08-07 05:53:21,283 - INFO - [INFY_NS] Inserted 129 rows (duplicates ignored)
2026-08-07 05:53:21,283 - INFO - Inserted 129 rows for INFY.NS
2026-08-07 05:53:21,430 - INFO - [TCS_NS] Inserted 129 rows (duplicates ignored)
2026-08-07 05:53:21,430 - INFO - Inserted 129 rows for TCS.NS
2026-08-07 05:53:21,636 - INFO - [ITC_NS] Inserted 129 rows (duplicates ignored)
2026-08-07 05:53:21,636 - INFO - Inserted 129 rows for ITC.NS
2026-08-07 05:53:21,782 - INFO - [HINDUNILVR_NS] Inserted 129 rows (duplicates ignored)
2026-08-07 05:53:21,783 - INFO - Inserted 129 rows for HINDUNILVR.NS
2026-08-07 05:53:21,951 - INFO - [SBIN_NS] Inserted 129 rows (duplicates ignored)
2026-08-07 05:53:21,951 - INFO - Inserted 129 rows for SBIN.NS
2026-08-07 05:53:22,098 - INFO - [BHARTIARTL_NS] Inserted 129 rows (duplicates ignored)
2026-08-07 05:53:22,098 - INFO - Inserted 129 rows for BHARTIARTL.NS
2026-08-07 05:53:22,255 - INFO - [KOTAKBANK_NS] Inserted 129 rows (duplicates ignored)
2026-08-07 05:53:22,256 - INFO - Inserted 129 rows for KOTAKBANK.NS
2026-08-07 05:53:22,403 - INFO - [LT_NS] Inserted 129 rows (duplicates ignored)
2026-08-07 05:53:22,403 - INFO - Inserted 129 rows for LT.NS
2026-08-07 05:53:22,650 - INFO - [AXISBANK_NS] Inserted 129 rows (duplicates ignored)
2026-08-07 05:53:22,650 - INFO - Inserted 129 rows for AXISBANK.NS
2026-08-07 05:53:22,798 - INFO - [BAJFINANCE_NS] Inserted 129 rows (duplicates ignored)
2026-08-07 05:53:22,799 - INFO - Inserted 129 rows for BAJFINANCE.NS
2026-08-07 05:53:22,967 - INFO - [ASIANPAINT_NS] Inserted 129 rows (duplicates ignored)
2026-08-07 05:53:22,968 - INFO - Inserted 129 rows for ASIANPAINT.NS
2026-08-07 05:53:23,157 - INFO - [MARUTI_NS] Inserted 129 rows (duplicates ignored)
2026-08-07 05:53:23,158 - INFO - Inserted 129 rows for MARUTI.NS
2026-08-07 05:53:23,333 - INFO - [SUNPHARMA_NS] Inserted 129 rows (duplicates ignored)
2026-08-07 05:53:23,333 - INFO - Inserted 129 rows for SUNPHARMA.NS
2026-08-07 05:53:23,493 - INFO - [WIPRO_NS] Inserted 129 rows (duplicates ignored)
2026-08-07 05:53:23,493 - INFO - Inserted 129 rows for WIPRO.NS
2026-08-07 05:53:23,648 - INFO - [POWERGRID_NS] Inserted 129 rows (duplicates ignored)
2026-08-07 05:53:23,648 - INFO - Inserted 129 rows for POWERGRID.NS
2026-08-07 05:53:23,799 - INFO - [NTPC_NS] Inserted 129 rows (duplicates ignored)
2026-08-07 05:53:23,800 - INFO - Inserted 129 rows for NTPC.NS
2026-08-07 05:53:23,965 - INFO - [ONGC_NS] Inserted 129 rows (duplicates ignored)
2026-08-07 05:53:23,965 - INFO - Inserted 129 rows for ONGC.NS
2026-08-07 05:53:23,977 - INFO - Cycle complete. README updated.
2026-08-09 23:00:24,894 - INFO - Starting data fetch cycle...
2026-08-09 23:00:25,170 - INFO - [RELIANCE_NS] Inserted 361 rows (duplicates ignored)
2026-08-09 23:00:25,170 - INFO - Inserted 361 rows for RELIANCE.NS
2026-08-09 23:00:25,321 - INFO - [HDFCBANK_NS] Inserted 361 rows (duplicates ignored)
2026-08-09 23:00:25,321 - INFO - Inserted 361 rows for HDFCBANK.NS
2026-08-09 23:00:25,522 - INFO - [ICICIBANK_NS] Inserted 361 rows (duplicates ignored)
2026-08-09 23:00:25,522 - INFO - Inserted 361 rows for ICICIBANK.NS
2026-08-09 23:00:25,679 - INFO - [INFY_NS] Inserted 361 rows (duplicates ignored)
2026-08-09 23:00:25,680 - INFO - Inserted 361 rows for INFY.NS
2026-08-09 23:00:25,839 - INFO - [TCS_NS] Inserted 361 rows (duplicates ignored)
2026-08-09 23:00:25,839 - INFO - Inserted 361 rows for TCS.NS
2026-08-09 23:00:26,002 - INFO - [ITC_NS] Inserted 361 rows (duplicates ignored)
2026-08-09 23:00:26,002 - INFO - Inserted 361 rows for ITC.NS
2026-08-09 23:00:26,174 - INFO - [HINDUNILVR_NS] Inserted 360 rows (duplicates ignored)
2026-08-09 23:00:26,174 - INFO - Inserted 360 rows for HINDUNILVR.NS
2026-08-09 23:00:26,321 - INFO - [SBIN_NS] Inserted 360 rows (duplicates ignored)
2026-08-09 23:00:26,321 - INFO - Inserted 360 rows for SBIN.NS
2026-08-09 23:00:26,461 - INFO - [BHARTIARTL_NS] Inserted 361 rows (duplicates ignored)
2026-08-09 23:00:26,461 - INFO - Inserted 361 rows for BHARTIARTL.NS
2026-08-09 23:00:26,640 - INFO - [KOTAKBANK_NS] Inserted 361 rows (duplicates ignored)
2026-08-09 23:00:26,641 - INFO - Inserted 361 rows for KOTAKBANK.NS
2026-08-09 23:00:26,782 - INFO - [LT_NS] Inserted 361 rows (duplicates ignored)
2026-08-09 23:00:26,782 - INFO - Inserted 361 rows for LT.NS
2026-08-09 23:00:26,962 - INFO - [AXISBANK_NS] Inserted 361 rows (duplicates ignored)
2026-08-09 23:00:26,962 - INFO - Inserted 361 rows for AXISBANK.NS
2026-08-09 23:00:27,114 - INFO - [BAJFINANCE_NS] Inserted 361 rows (duplicates ignored)
2026-08-09 23:00:27,114 - INFO - Inserted 361 rows for BAJFINANCE.NS
2026-08-09 23:00:27,305 - INFO - [ASIANPAINT_NS] Inserted 361 rows (duplicates ignored)
2026-08-09 23:00:27,305 - INFO - Inserted 361 rows for ASIANPAINT.NS
2026-08-09 23:00:27,488 - INFO - [MARUTI_NS] Inserted 361 rows (duplicates ignored)
2026-08-09 23:00:27,488 - INFO - Inserted 361 rows for MARUTI.NS
2026-08-09 23:00:27,677 - INFO - [SUNPHARMA_NS] Inserted 361 rows (duplicates ignored)
2026-08-09 23:00:27,677 - INFO - Inserted 361 rows for SUNPHARMA.NS
2026-08-09 23:00:27,828 - INFO - [WIPRO_NS] Inserted 361 rows (duplicates ignored)
2026-08-09 23:00:27,828 - INFO - Inserted 361 rows for WIPRO.NS
2026-08-09 23:00:27,966 - INFO - [POWERGRID_NS] Inserted 361 rows (duplicates ignored)
2026-08-09 23:00:27,966 - INFO - Inserted 361 rows for POWERGRID.NS
2026-08-09 23:00:28,106 - INFO - [NTPC_NS] Inserted 361 rows (duplicates ignored)
2026-08-09 23:00:28,106 - INFO - Inserted 361 rows for NTPC.NS
2026-08-09 23:00:28,320 - INFO - [ONGC_NS] Inserted 361 rows (duplicates ignored)
2026-08-09 23:00:28,320 - INFO - Inserted 361 rows for ONGC.NS
2026-08-09 23:00:28,334 - INFO - Cycle complete. README updated.
2026-08-09 23:40:52,544 - INFO - Starting data fetch cycle...
2026-08-09 23:40:52,906 - INFO - [RELIANCE_NS] Inserted 361 rows (duplicates ignored)
2026-08-09 23:40:52,907 - INFO - Inserted 361 rows for RELIANCE.NS
2026-08-09 23:40:53,061 - INFO - [HDFCBANK_NS] Inserted 361 rows (duplicates ignored)
2026-08-09 23:40:53,061 - INFO - Inserted 361 rows for HDFCBANK.NS
2026-08-09 23:40:53,217 - INFO - [ICICIBANK_NS] Inserted 361 rows (duplicates ignored)
2026-08-09 23:40:53,217 - INFO - Inserted 361 rows for ICICIBANK.NS
2026-08-09 23:40:53,375 - INFO - [INFY_NS] Inserted 361 rows (duplicates ignored)
2026-08-09 23:40:53,375 - INFO - Inserted 361 rows for INFY.NS
2026-08-09 23:40:53,582 - INFO - [TCS_NS] Inserted 361 rows (duplicates ignored)
2026-08-09 23:40:53,582 - INFO - Inserted 361 rows for TCS.NS
2026-08-09 23:40:53,748 - INFO - [ITC_NS] Inserted 361 rows (duplicates ignored)
2026-08-09 23:40:53,748 - INFO - Inserted 361 rows for ITC.NS
2026-08-09 23:40:53,908 - INFO - [HINDUNILVR_NS] Inserted 360 rows (duplicates ignored)
2026-08-09 23:40:53,908 - INFO - Inserted 360 rows for HINDUNILVR.NS
2026-08-09 23:40:54,075 - INFO - [SBIN_NS] Inserted 360 rows (duplicates ignored)
2026-08-09 23:40:54,075 - INFO - Inserted 360 rows for SBIN.NS
2026-08-09 23:40:54,223 - INFO - [BHARTIARTL_NS] Inserted 361 rows (duplicates ignored)
2026-08-09 23:40:54,223 - INFO - Inserted 361 rows for BHARTIARTL.NS
2026-08-09 23:40:54,391 - INFO - [KOTAKBANK_NS] Inserted 361 rows (duplicates ignored)
2026-08-09 23:40:54,391 - INFO - Inserted 361 rows for KOTAKBANK.NS
2026-08-09 23:40:54,538 - INFO - [LT_NS] Inserted 361 rows (duplicates ignored)
2026-08-09 23:40:54,538 - INFO - Inserted 361 rows for LT.NS
2026-08-09 23:40:54,707 - INFO - [AXISBANK_NS] Inserted 361 rows (duplicates ignored)
2026-08-09 23:40:54,707 - INFO - Inserted 361 rows for AXISBANK.NS
2026-08-09 23:40:54,867 - INFO - [BAJFINANCE_NS] Inserted 361 rows (duplicates ignored)
2026-08-09 23:40:54,867 - INFO - Inserted 361 rows for BAJFINANCE.NS
2026-08-09 23:40:55,033 - INFO - [ASIANPAINT_NS] Inserted 361 rows (duplicates ignored)
2026-08-09 23:40:55,033 - INFO - Inserted 361 rows for ASIANPAINT.NS
2026-08-09 23:40:55,241 - INFO - [MARUTI_NS] Inserted 361 rows (duplicates ignored)
2026-08-09 23:40:55,241 - INFO - Inserted 361 rows for MARUTI.NS
2026-08-09 23:40:55,407 - INFO - [SUNPHARMA_NS] Inserted 361 rows (duplicates ignored)
2026-08-09 23:40:55,407 - INFO - Inserted 361 rows for SUNPHARMA.NS
2026-08-09 23:40:55,623 - INFO - [WIPRO_NS] Inserted 361 rows (duplicates ignored)
2026-08-09 23:40:55,623 - INFO - Inserted 361 rows for WIPRO.NS
2026-08-09 23:40:55,773 - INFO - [POWERGRID_NS] Inserted 361 rows (duplicates ignored)
2026-08-09 23:40:55,773 - INFO - Inserted 361 rows for POWERGRID.NS
2026-08-09 23:40:55,927 - INFO - [NTPC_NS] Inserted 361 rows (duplicates ignored)
2026-08-09 23:40:55,927 - INFO - Inserted 361 rows for NTPC.NS
2026-08-09 23:40:56,088 - INFO - [ONGC_NS] Inserted 361 rows (duplicates ignored)
2026-08-09 23:40:56,089 - INFO - Inserted 361 rows for ONGC.NS
2026-08-09 23:40:56,102 - INFO - Cycle complete. README updated.
2026-08-10 00:36:06,348 - INFO - Starting data fetch cycle...
2026-08-10 00:36:06,655 - INFO - [RELIANCE_NS] Inserted 361 rows (duplicates ignored)
2026-08-10 00:36:06,655 - INFO - Inserted 361 rows for RELIANCE.NS
2026-08-10 00:36:06,834 - INFO - [HDFCBANK_NS] Inserted 361 rows (duplicates ignored)
2026-08-10 00:36:06,834 - INFO - Inserted 361 rows for HDFCBANK.NS
2026-08-10 00:36:06,992 - INFO - [ICICIBANK_NS] Inserted 361 rows (duplicates ignored)
2026-08-10 00:36:06,992 - INFO - Inserted 361 rows for ICICIBANK.NS
2026-08-10 00:36:07,143 - INFO - [INFY_NS] Inserted 361 rows (duplicates ignored)
2026-08-10 00:36:07,143 - INFO - Inserted 361 rows for INFY.NS
2026-08-10 00:36:07,279 - INFO - [TCS_NS] Inserted 361 rows (duplicates ignored)
2026-08-10 00:36:07,279 - INFO - Inserted 361 rows for TCS.NS
2026-08-10 00:36:07,439 - INFO - [ITC_NS] Inserted 361 rows (duplicates ignored)
2026-08-10 00:36:07,440 - INFO - Inserted 361 rows for ITC.NS
2026-08-10 00:36:07,611 - INFO - [HINDUNILVR_NS] Inserted 360 rows (duplicates ignored)
2026-08-10 00:36:07,611 - INFO - Inserted 360 rows for HINDUNILVR.NS
2026-08-10 00:36:07,766 - INFO - [SBIN_NS] Inserted 360 rows (duplicates ignored)
2026-08-10 00:36:07,766 - INFO - Inserted 360 rows for SBIN.NS
2026-08-10 00:36:07,915 - INFO - [BHARTIARTL_NS] Inserted 361 rows (duplicates ignored)
2026-08-10 00:36:07,915 - INFO - Inserted 361 rows for BHARTIARTL.NS
2026-08-10 00:36:08,085 - INFO - [KOTAKBANK_NS] Inserted 361 rows (duplicates ignored)
2026-08-10 00:36:08,085 - INFO - Inserted 361 rows for KOTAKBANK.NS
2026-08-10 00:36:08,233 - INFO - [LT_NS] Inserted 361 rows (duplicates ignored)
2026-08-10 00:36:08,233 - INFO - Inserted 361 rows for LT.NS
2026-08-10 00:36:08,441 - INFO - [AXISBANK_NS] Inserted 361 rows (duplicates ignored)
2026-08-10 00:36:08,441 - INFO - Inserted 361 rows for AXISBANK.NS
2026-08-10 00:36:08,589 - INFO - [BAJFINANCE_NS] Inserted 361 rows (duplicates ignored)
2026-08-10 00:36:08,590 - INFO - Inserted 361 rows for BAJFINANCE.NS
2026-08-10 00:36:08,739 - INFO - [ASIANPAINT_NS] Inserted 361 rows (duplicates ignored)
2026-08-10 00:36:08,739 - INFO - Inserted 361 rows for ASIANPAINT.NS
2026-08-10 00:36:08,945 - INFO - [MARUTI_NS] Inserted 361 rows (duplicates ignored)
2026-08-10 00:36:08,945 - INFO - Inserted 361 rows for MARUTI.NS
2026-08-10 00:36:09,105 - INFO - [SUNPHARMA_NS] Inserted 361 rows (duplicates ignored)
2026-08-10 00:36:09,105 - INFO - Inserted 361 rows for SUNPHARMA.NS
2026-08-10 00:36:09,292 - INFO - [WIPRO_NS] Inserted 361 rows (duplicates ignored)
2026-08-10 00:36:09,293 - INFO - Inserted 361 rows for WIPRO.NS
2026-08-10 00:36:09,454 - INFO - [POWERGRID_NS] Inserted 361 rows (duplicates ignored)
2026-08-10 00:36:09,454 - INFO - Inserted 361 rows for POWERGRID.NS
2026-08-10 00:36:09,604 - INFO - [NTPC_NS] Inserted 361 rows (duplicates ignored)
2026-08-10 00:36:09,605 - INFO - Inserted 361 rows for NTPC.NS
2026-08-10 00:36:09,782 - INFO - [ONGC_NS] Inserted 361 rows (duplicates ignored)
2026-08-10 00:36:09,782 - INFO - Inserted 361 rows for ONGC.NS
2026-08-10 00:36:09,796 - INFO - Cycle complete. README updated.
2026-08-10 02:57:51,528 - INFO - Starting data fetch cycle...
2026-08-10 02:57:51,970 - INFO - [RELIANCE_NS] Inserted 361 rows (duplicates ignored)
2026-08-10 02:57:51,970 - INFO - Inserted 361 rows for RELIANCE.NS
2026-08-10 02:57:52,117 - INFO - [HDFCBANK_NS] Inserted 361 rows (duplicates ignored)
2026-08-10 02:57:52,117 - INFO - Inserted 361 rows for HDFCBANK.NS
2026-08-10 02:57:52,262 - INFO - [ICICIBANK_NS] Inserted 361 rows (duplicates ignored)
2026-08-10 02:57:52,263 - INFO - Inserted 361 rows for ICICIBANK.NS
2026-08-10 02:57:52,416 - INFO - [INFY_NS] Inserted 361 rows (duplicates ignored)
2026-08-10 02:57:52,416 - INFO - Inserted 361 rows for INFY.NS
2026-08-10 02:57:52,551 - INFO - [TCS_NS] Inserted 361 rows (duplicates ignored)
2026-08-10 02:57:52,551 - INFO - Inserted 361 rows for TCS.NS
2026-08-10 02:57:52,786 - INFO - [ITC_NS] Inserted 361 rows (duplicates ignored)
2026-08-10 02:57:52,787 - INFO - Inserted 361 rows for ITC.NS
2026-08-10 02:57:53,072 - INFO - [HINDUNILVR_NS] Inserted 360 rows (duplicates ignored)
2026-08-10 02:57:53,072 - INFO - Inserted 360 rows for HINDUNILVR.NS
2026-08-10 02:57:53,268 - INFO - [SBIN_NS] Inserted 360 rows (duplicates ignored)
2026-08-10 02:57:53,268 - INFO - Inserted 360 rows for SBIN.NS
2026-08-10 02:57:53,416 - INFO - [BHARTIARTL_NS] Inserted 361 rows (duplicates ignored)
2026-08-10 02:57:53,416 - INFO - Inserted 361 rows for BHARTIARTL.NS
2026-08-10 02:57:53,673 - INFO - [KOTAKBANK_NS] Inserted 361 rows (duplicates ignored)
2026-08-10 02:57:53,673 - INFO - Inserted 361 rows for KOTAKBANK.NS
2026-08-10 02:57:53,810 - INFO - [LT_NS] Inserted 361 rows (duplicates ignored)
2026-08-10 02:57:53,810 - INFO - Inserted 361 rows for LT.NS
2026-08-10 02:57:54,064 - INFO - [AXISBANK_NS] Inserted 361 rows (duplicates ignored)
2026-08-10 02:57:54,064 - INFO - Inserted 361 rows for AXISBANK.NS
2026-08-10 02:57:54,219 - INFO - [BAJFINANCE_NS] Inserted 361 rows (duplicates ignored)
2026-08-10 02:57:54,219 - INFO - Inserted 361 rows for BAJFINANCE.NS
2026-08-10 02:57:54,518 - INFO - [ASIANPAINT_NS] Inserted 361 rows (duplicates ignored)
2026-08-10 02:57:54,519 - INFO - Inserted 361 rows for ASIANPAINT.NS
2026-08-10 02:57:54,681 - INFO - [MARUTI_NS] Inserted 361 rows (duplicates ignored)
2026-08-10 02:57:54,681 - INFO - Inserted 361 rows for MARUTI.NS
2026-08-10 02:57:54,835 - INFO - [SUNPHARMA_NS] Inserted 361 rows (duplicates ignored)
2026-08-10 02:57:54,835 - INFO - Inserted 361 rows for SUNPHARMA.NS
2026-08-10 02:57:54,980 - INFO - [WIPRO_NS] Inserted 361 rows (duplicates ignored)
2026-08-10 02:57:54,980 - INFO - Inserted 361 rows for WIPRO.NS
2026-08-10 02:57:55,237 - INFO - [POWERGRID_NS] Inserted 361 rows (duplicates ignored)
2026-08-10 02:57:55,237 - INFO - Inserted 361 rows for POWERGRID.NS
2026-08-10 02:57:55,370 - INFO - [NTPC_NS] Inserted 361 rows (duplicates ignored)
2026-08-10 02:57:55,370 - INFO - Inserted 361 rows for NTPC.NS
2026-08-10 02:57:55,625 - INFO - [ONGC_NS] Inserted 361 rows (duplicates ignored)
2026-08-10 02:57:55,625 - INFO - Inserted 361 rows for ONGC.NS
2026-08-10 02:57:55,637 - INFO - Cycle complete. README updated.
2026-08-10 04:46:44,467 - INFO - Starting data fetch cycle...
2026-08-10 04:46:44,750 - INFO - [RELIANCE_NS] Inserted 62 rows (duplicates ignored)
2026-08-10 04:46:44,750 - INFO - Inserted 62 rows for RELIANCE.NS
2026-08-10 04:46:44,910 - INFO - [HDFCBANK_NS] Inserted 62 rows (duplicates ignored)
2026-08-10 04:46:44,910 - INFO - Inserted 62 rows for HDFCBANK.NS
2026-08-10 04:46:45,070 - INFO - [ICICIBANK_NS] Inserted 62 rows (duplicates ignored)
2026-08-10 04:46:45,071 - INFO - Inserted 62 rows for ICICIBANK.NS
2026-08-10 04:46:45,238 - INFO - [INFY_NS] Inserted 62 rows (duplicates ignored)
2026-08-10 04:46:45,238 - INFO - Inserted 62 rows for INFY.NS
2026-08-10 04:46:45,401 - INFO - [TCS_NS] Inserted 62 rows (duplicates ignored)
2026-08-10 04:46:45,401 - INFO - Inserted 62 rows for TCS.NS
2026-08-10 04:46:45,563 - INFO - [ITC_NS] Inserted 62 rows (duplicates ignored)
2026-08-10 04:46:45,563 - INFO - Inserted 62 rows for ITC.NS
2026-08-10 04:46:45,733 - INFO - [HINDUNILVR_NS] Inserted 62 rows (duplicates ignored)
2026-08-10 04:46:45,733 - INFO - Inserted 62 rows for HINDUNILVR.NS
2026-08-10 04:46:45,903 - INFO - [SBIN_NS] Inserted 62 rows (duplicates ignored)
2026-08-10 04:46:45,903 - INFO - Inserted 62 rows for SBIN.NS
2026-08-10 04:46:46,054 - INFO - [BHARTIARTL_NS] Inserted 62 rows (duplicates ignored)
2026-08-10 04:46:46,054 - INFO - Inserted 62 rows for BHARTIARTL.NS
2026-08-10 04:46:46,213 - INFO - [KOTAKBANK_NS] Inserted 62 rows (duplicates ignored)
2026-08-10 04:46:46,213 - INFO - Inserted 62 rows for KOTAKBANK.NS
2026-08-10 04:46:46,376 - INFO - [LT_NS] Inserted 62 rows (duplicates ignored)
2026-08-10 04:46:46,376 - INFO - Inserted 62 rows for LT.NS
2026-08-10 04:46:46,536 - INFO - [AXISBANK_NS] Inserted 62 rows (duplicates ignored)
2026-08-10 04:46:46,537 - INFO - Inserted 62 rows for AXISBANK.NS
2026-08-10 04:46:46,695 - INFO - [BAJFINANCE_NS] Inserted 62 rows (duplicates ignored)
2026-08-10 04:46:46,695 - INFO - Inserted 62 rows for BAJFINANCE.NS
2026-08-10 04:46:46,946 - INFO - [ASIANPAINT_NS] Inserted 62 rows (duplicates ignored)
2026-08-10 04:46:46,946 - INFO - Inserted 62 rows for ASIANPAINT.NS
2026-08-10 04:46:47,100 - INFO - [MARUTI_NS] Inserted 62 rows (duplicates ignored)
2026-08-10 04:46:47,100 - INFO - Inserted 62 rows for MARUTI.NS
2026-08-10 04:46:47,270 - INFO - [SUNPHARMA_NS] Inserted 62 rows (duplicates ignored)
2026-08-10 04:46:47,270 - INFO - Inserted 62 rows for SUNPHARMA.NS
2026-08-10 04:46:47,440 - INFO - [WIPRO_NS] Inserted 62 rows (duplicates ignored)
2026-08-10 04:46:47,440 - INFO - Inserted 62 rows for WIPRO.NS
2026-08-10 04:46:47,580 - INFO - [POWERGRID_NS] Inserted 62 rows (duplicates ignored)
2026-08-10 04:46:47,580 - INFO - Inserted 62 rows for POWERGRID.NS
2026-08-10 04:46:47,738 - INFO - [NTPC_NS] Inserted 62 rows (duplicates ignored)
2026-08-10 04:46:47,738 - INFO - Inserted 62 rows for NTPC.NS
2026-08-10 04:46:47,899 - INFO - [ONGC_NS] Inserted 62 rows (duplicates ignored)
2026-08-10 04:46:47,899 - INFO - Inserted 62 rows for ONGC.NS
2026-08-10 04:46:47,914 - INFO - Cycle complete. README updated.
2026-08-10 06:03:36,023 - INFO - Starting data fetch cycle...
2026-08-10 06:03:36,805 - INFO - [RELIANCE_NS] Inserted 139 rows (duplicates ignored)
2026-08-10 06:03:36,805 - INFO - Inserted 139 rows for RELIANCE.NS
2026-08-10 06:03:37,393 - INFO - [HDFCBANK_NS] Inserted 139 rows (duplicates ignored)
2026-08-10 06:03:37,393 - INFO - Inserted 139 rows for HDFCBANK.NS
2026-08-10 06:03:37,778 - INFO - [ICICIBANK_NS] Inserted 139 rows (duplicates ignored)
2026-08-10 06:03:37,778 - INFO - Inserted 139 rows for ICICIBANK.NS
2026-08-10 06:03:38,191 - INFO - [INFY_NS] Inserted 139 rows (duplicates ignored)
2026-08-10 06:03:38,192 - INFO - Inserted 139 rows for INFY.NS
2026-08-10 06:03:38,583 - INFO - [TCS_NS] Inserted 139 rows (duplicates ignored)
2026-08-10 06:03:38,583 - INFO - Inserted 139 rows for TCS.NS
2026-08-10 06:03:38,921 - INFO - [ITC_NS] Inserted 139 rows (duplicates ignored)
2026-08-10 06:03:38,921 - INFO - Inserted 139 rows for ITC.NS
2026-08-10 06:03:39,344 - INFO - [HINDUNILVR_NS] Inserted 139 rows (duplicates ignored)
2026-08-10 06:03:39,344 - INFO - Inserted 139 rows for HINDUNILVR.NS
2026-08-10 06:03:39,737 - INFO - [SBIN_NS] Inserted 139 rows (duplicates ignored)
2026-08-10 06:03:39,737 - INFO - Inserted 139 rows for SBIN.NS
2026-08-10 06:03:40,113 - INFO - [BHARTIARTL_NS] Inserted 139 rows (duplicates ignored)
2026-08-10 06:03:40,113 - INFO - Inserted 139 rows for BHARTIARTL.NS
2026-08-10 06:03:40,456 - INFO - [KOTAKBANK_NS] Inserted 139 rows (duplicates ignored)
2026-08-10 06:03:40,456 - INFO - Inserted 139 rows for KOTAKBANK.NS
2026-08-10 06:03:40,812 - INFO - [LT_NS] Inserted 139 rows (duplicates ignored)
2026-08-10 06:03:40,812 - INFO - Inserted 139 rows for LT.NS
2026-08-10 06:03:41,165 - INFO - [AXISBANK_NS] Inserted 139 rows (duplicates ignored)
2026-08-10 06:03:41,165 - INFO - Inserted 139 rows for AXISBANK.NS
2026-08-10 06:03:41,519 - INFO - [BAJFINANCE_NS] Inserted 139 rows (duplicates ignored)
2026-08-10 06:03:41,519 - INFO - Inserted 139 rows for BAJFINANCE.NS
2026-08-10 06:03:41,889 - INFO - [ASIANPAINT_NS] Inserted 139 rows (duplicates ignored)
2026-08-10 06:03:41,889 - INFO - Inserted 139 rows for ASIANPAINT.NS
2026-08-10 06:03:42,236 - INFO - [MARUTI_NS] Inserted 139 rows (duplicates ignored)
2026-08-10 06:03:42,236 - INFO - Inserted 139 rows for MARUTI.NS
2026-08-10 06:03:42,655 - INFO - [SUNPHARMA_NS] Inserted 139 rows (duplicates ignored)
2026-08-10 06:03:42,656 - INFO - Inserted 139 rows for SUNPHARMA.NS
2026-08-10 06:03:43,111 - INFO - [WIPRO_NS] Inserted 139 rows (duplicates ignored)
2026-08-10 06:03:43,112 - INFO - Inserted 139 rows for WIPRO.NS
2026-08-10 06:03:43,473 - INFO - [POWERGRID_NS] Inserted 139 rows (duplicates ignored)
2026-08-10 06:03:43,473 - INFO - Inserted 139 rows for POWERGRID.NS
2026-08-10 06:03:43,805 - INFO - [NTPC_NS] Inserted 139 rows (duplicates ignored)
2026-08-10 06:03:43,805 - INFO - Inserted 139 rows for NTPC.NS
2026-08-10 06:03:44,193 - INFO - [ONGC_NS] Inserted 139 rows (duplicates ignored)
2026-08-10 06:03:44,193 - INFO - Inserted 139 rows for ONGC.NS
2026-08-10 06:03:44,208 - INFO - Cycle complete. README updated.
2026-08-10 23:07:29,907 - INFO - Starting data fetch cycle...
2026-08-10 23:07:30,601 - INFO - [RELIANCE_NS] Inserted 361 rows (duplicates ignored)
2026-08-10 23:07:30,602 - INFO - Inserted 361 rows for RELIANCE.NS
2026-08-10 23:07:30,802 - INFO - [HDFCBANK_NS] Inserted 361 rows (duplicates ignored)
2026-08-10 23:07:30,802 - INFO - Inserted 361 rows for HDFCBANK.NS
2026-08-10 23:07:30,959 - INFO - [ICICIBANK_NS] Inserted 361 rows (duplicates ignored)
2026-08-10 23:07:30,959 - INFO - Inserted 361 rows for ICICIBANK.NS
2026-08-10 23:07:31,272 - INFO - [INFY_NS] Inserted 361 rows (duplicates ignored)
2026-08-10 23:07:31,272 - INFO - Inserted 361 rows for INFY.NS
2026-08-10 23:07:31,489 - INFO - [TCS_NS] Inserted 361 rows (duplicates ignored)
2026-08-10 23:07:31,489 - INFO - Inserted 361 rows for TCS.NS
2026-08-10 23:07:31,691 - INFO - [ITC_NS] Inserted 361 rows (duplicates ignored)
2026-08-10 23:07:31,691 - INFO - Inserted 361 rows for ITC.NS
2026-08-10 23:07:31,851 - INFO - [HINDUNILVR_NS] Inserted 361 rows (duplicates ignored)
2026-08-10 23:07:31,851 - INFO - Inserted 361 rows for HINDUNILVR.NS
2026-08-10 23:07:32,019 - INFO - [SBIN_NS] Inserted 361 rows (duplicates ignored)
2026-08-10 23:07:32,019 - INFO - Inserted 361 rows for SBIN.NS
2026-08-10 23:07:32,267 - INFO - [BHARTIARTL_NS] Inserted 361 rows (duplicates ignored)
2026-08-10 23:07:32,267 - INFO - Inserted 361 rows for BHARTIARTL.NS
2026-08-10 23:07:32,408 - INFO - [KOTAKBANK_NS] Inserted 361 rows (duplicates ignored)
2026-08-10 23:07:32,408 - INFO - Inserted 361 rows for KOTAKBANK.NS
2026-08-10 23:07:32,689 - INFO - [LT_NS] Inserted 361 rows (duplicates ignored)
2026-08-10 23:07:32,689 - INFO - Inserted 361 rows for LT.NS
2026-08-10 23:07:32,838 - INFO - [AXISBANK_NS] Inserted 361 rows (duplicates ignored)
2026-08-10 23:07:32,838 - INFO - Inserted 361 rows for AXISBANK.NS
2026-08-10 23:07:32,995 - INFO - [BAJFINANCE_NS] Inserted 361 rows (duplicates ignored)
2026-08-10 23:07:32,995 - INFO - Inserted 361 rows for BAJFINANCE.NS
2026-08-10 23:07:33,200 - INFO - [ASIANPAINT_NS] Inserted 361 rows (duplicates ignored)
2026-08-10 23:07:33,201 - INFO - Inserted 361 rows for ASIANPAINT.NS
2026-08-10 23:07:33,391 - INFO - [MARUTI_NS] Inserted 361 rows (duplicates ignored)
2026-08-10 23:07:33,391 - INFO - Inserted 361 rows for MARUTI.NS
2026-08-10 23:07:33,550 - INFO - [SUNPHARMA_NS] Inserted 361 rows (duplicates ignored)
2026-08-10 23:07:33,551 - INFO - Inserted 361 rows for SUNPHARMA.NS
2026-08-10 23:07:33,787 - INFO - [WIPRO_NS] Inserted 361 rows (duplicates ignored)
2026-08-10 23:07:33,787 - INFO - Inserted 361 rows for WIPRO.NS
2026-08-10 23:07:34,014 - INFO - [POWERGRID_NS] Inserted 361 rows (duplicates ignored)
2026-08-10 23:07:34,014 - INFO - Inserted 361 rows for POWERGRID.NS
2026-08-10 23:07:34,160 - INFO - [NTPC_NS] Inserted 361 rows (duplicates ignored)
2026-08-10 23:07:34,160 - INFO - Inserted 361 rows for NTPC.NS
2026-08-10 23:07:34,349 - INFO - [ONGC_NS] Inserted 361 rows (duplicates ignored)
2026-08-10 23:07:34,349 - INFO - Inserted 361 rows for ONGC.NS
2026-08-10 23:07:34,362 - INFO - Cycle complete. README updated.
2026-08-10 23:50:19,677 - INFO - Starting data fetch cycle...
2026-08-10 23:50:20,398 - INFO - [RELIANCE_NS] Inserted 361 rows (duplicates ignored)
2026-08-10 23:50:20,398 - INFO - Inserted 361 rows for RELIANCE.NS
2026-08-10 23:50:20,693 - INFO - [HDFCBANK_NS] Inserted 361 rows (duplicates ignored)
2026-08-10 23:50:20,694 - INFO - Inserted 361 rows for HDFCBANK.NS
2026-08-10 23:50:20,931 - INFO - [ICICIBANK_NS] Inserted 361 rows (duplicates ignored)
2026-08-10 23:50:20,931 - INFO - Inserted 361 rows for ICICIBANK.NS
2026-08-10 23:50:21,175 - INFO - [INFY_NS] Inserted 361 rows (duplicates ignored)
2026-08-10 23:50:21,176 - INFO - Inserted 361 rows for INFY.NS
2026-08-10 23:50:21,432 - INFO - [TCS_NS] Inserted 361 rows (duplicates ignored)
2026-08-10 23:50:21,433 - INFO - Inserted 361 rows for TCS.NS
2026-08-10 23:50:21,685 - INFO - [ITC_NS] Inserted 361 rows (duplicates ignored)
2026-08-10 23:50:21,686 - INFO - Inserted 361 rows for ITC.NS
2026-08-10 23:50:22,002 - INFO - [HINDUNILVR_NS] Inserted 361 rows (duplicates ignored)
2026-08-10 23:50:22,002 - INFO - Inserted 361 rows for HINDUNILVR.NS
2026-08-10 23:50:22,258 - INFO - [SBIN_NS] Inserted 361 rows (duplicates ignored)
2026-08-10 23:50:22,258 - INFO - Inserted 361 rows for SBIN.NS
2026-08-10 23:50:22,486 - INFO - [BHARTIARTL_NS] Inserted 361 rows (duplicates ignored)
2026-08-10 23:50:22,486 - INFO - Inserted 361 rows for BHARTIARTL.NS
2026-08-10 23:50:22,721 - INFO - [KOTAKBANK_NS] Inserted 361 rows (duplicates ignored)
2026-08-10 23:50:22,721 - INFO - Inserted 361 rows for KOTAKBANK.NS
2026-08-10 23:50:23,017 - INFO - [LT_NS] Inserted 361 rows (duplicates ignored)
2026-08-10 23:50:23,017 - INFO - Inserted 361 rows for LT.NS
2026-08-10 23:50:23,252 - INFO - [AXISBANK_NS] Inserted 361 rows (duplicates ignored)
2026-08-10 23:50:23,252 - INFO - Inserted 361 rows for AXISBANK.NS
2026-08-10 23:50:23,487 - INFO - [BAJFINANCE_NS] Inserted 361 rows (duplicates ignored)
2026-08-10 23:50:23,487 - INFO - Inserted 361 rows for BAJFINANCE.NS
2026-08-10 23:50:23,721 - INFO - [ASIANPAINT_NS] Inserted 361 rows (duplicates ignored)
2026-08-10 23:50:23,721 - INFO - Inserted 361 rows for ASIANPAINT.NS
2026-08-10 23:50:23,949 - INFO - [MARUTI_NS] Inserted 361 rows (duplicates ignored)
2026-08-10 23:50:23,949 - INFO - Inserted 361 rows for MARUTI.NS
2026-08-10 23:50:24,186 - INFO - [SUNPHARMA_NS] Inserted 361 rows (duplicates ignored)
2026-08-10 23:50:24,186 - INFO - Inserted 361 rows for SUNPHARMA.NS
2026-08-10 23:50:24,510 - INFO - [WIPRO_NS] Inserted 361 rows (duplicates ignored)
2026-08-10 23:50:24,510 - INFO - Inserted 361 rows for WIPRO.NS
2026-08-10 23:50:24,753 - INFO - [POWERGRID_NS] Inserted 361 rows (duplicates ignored)
2026-08-10 23:50:24,753 - INFO - Inserted 361 rows for POWERGRID.NS
2026-08-10 23:50:24,984 - INFO - [NTPC_NS] Inserted 361 rows (duplicates ignored)
2026-08-10 23:50:24,984 - INFO - Inserted 361 rows for NTPC.NS
2026-08-10 23:50:25,220 - INFO - [ONGC_NS] Inserted 361 rows (duplicates ignored)
2026-08-10 23:50:25,220 - INFO - Inserted 361 rows for ONGC.NS
2026-08-10 23:50:25,231 - INFO - Cycle complete. README updated.
2026-08-11 00:54:06,715 - INFO - Starting data fetch cycle...
2026-08-11 00:54:07,014 - INFO - [RELIANCE_NS] Inserted 361 rows (duplicates ignored)
2026-08-11 00:54:07,014 - INFO - Inserted 361 rows for RELIANCE.NS
2026-08-11 00:54:07,199 - INFO - [HDFCBANK_NS] Inserted 361 rows (duplicates ignored)
2026-08-11 00:54:07,199 - INFO - Inserted 361 rows for HDFCBANK.NS
2026-08-11 00:54:07,383 - INFO - [ICICIBANK_NS] Inserted 361 rows (duplicates ignored)
2026-08-11 00:54:07,384 - INFO - Inserted 361 rows for ICICIBANK.NS
2026-08-11 00:54:07,588 - INFO - [INFY_NS] Inserted 361 rows (duplicates ignored)
2026-08-11 00:54:07,588 - INFO - Inserted 361 rows for INFY.NS
2026-08-11 00:54:07,734 - INFO - [TCS_NS] Inserted 361 rows (duplicates ignored)
2026-08-11 00:54:07,735 - INFO - Inserted 361 rows for TCS.NS
2026-08-11 00:54:07,878 - INFO - [ITC_NS] Inserted 361 rows (duplicates ignored)
2026-08-11 00:54:07,878 - INFO - Inserted 361 rows for ITC.NS
2026-08-11 00:54:08,052 - INFO - [HINDUNILVR_NS] Inserted 361 rows (duplicates ignored)
2026-08-11 00:54:08,052 - INFO - Inserted 361 rows for HINDUNILVR.NS
2026-08-11 00:54:08,209 - INFO - [SBIN_NS] Inserted 361 rows (duplicates ignored)
2026-08-11 00:54:08,210 - INFO - Inserted 361 rows for SBIN.NS
2026-08-11 00:54:08,345 - INFO - [BHARTIARTL_NS] Inserted 361 rows (duplicates ignored)
2026-08-11 00:54:08,345 - INFO - Inserted 361 rows for BHARTIARTL.NS
2026-08-11 00:54:08,493 - INFO - [KOTAKBANK_NS] Inserted 361 rows (duplicates ignored)
2026-08-11 00:54:08,493 - INFO - Inserted 361 rows for KOTAKBANK.NS
2026-08-11 00:54:08,667 - INFO - [LT_NS] Inserted 361 rows (duplicates ignored)
2026-08-11 00:54:08,667 - INFO - Inserted 361 rows for LT.NS
2026-08-11 00:54:08,814 - INFO - [AXISBANK_NS] Inserted 361 rows (duplicates ignored)
2026-08-11 00:54:08,814 - INFO - Inserted 361 rows for AXISBANK.NS
2026-08-11 00:54:09,336 - INFO - [BAJFINANCE_NS] Inserted 361 rows (duplicates ignored)
2026-08-11 00:54:09,336 - INFO - Inserted 361 rows for BAJFINANCE.NS
2026-08-11 00:54:09,480 - INFO - [ASIANPAINT_NS] Inserted 361 rows (duplicates ignored)
2026-08-11 00:54:09,480 - INFO - Inserted 361 rows for ASIANPAINT.NS
2026-08-11 00:54:09,624 - INFO - [MARUTI_NS] Inserted 361 rows (duplicates ignored)
2026-08-11 00:54:09,625 - INFO - Inserted 361 rows for MARUTI.NS
2026-08-11 00:54:09,788 - INFO - [SUNPHARMA_NS] Inserted 361 rows (duplicates ignored)
2026-08-11 00:54:09,788 - INFO - Inserted 361 rows for SUNPHARMA.NS
2026-08-11 00:54:09,933 - INFO - [WIPRO_NS] Inserted 361 rows (duplicates ignored)
2026-08-11 00:54:09,934 - INFO - Inserted 361 rows for WIPRO.NS
2026-08-11 00:54:10,068 - INFO - [POWERGRID_NS] Inserted 361 rows (duplicates ignored)
2026-08-11 00:54:10,069 - INFO - Inserted 361 rows for POWERGRID.NS
2026-08-11 00:54:10,216 - INFO - [NTPC_NS] Inserted 361 rows (duplicates ignored)
2026-08-11 00:54:10,216 - INFO - Inserted 361 rows for NTPC.NS
2026-08-11 00:54:10,371 - INFO - [ONGC_NS] Inserted 361 rows (duplicates ignored)
2026-08-11 00:54:10,371 - INFO - Inserted 361 rows for ONGC.NS
2026-08-11 00:54:10,383 - INFO - Cycle complete. README updated.
2026-08-11 03:04:00,093 - INFO - Starting data fetch cycle...
2026-08-11 03:04:00,377 - INFO - [RELIANCE_NS] Inserted 361 rows (duplicates ignored)
2026-08-11 03:04:00,377 - INFO - Inserted 361 rows for RELIANCE.NS
2026-08-11 03:04:00,526 - INFO - [HDFCBANK_NS] Inserted 361 rows (duplicates ignored)
2026-08-11 03:04:00,527 - INFO - Inserted 361 rows for HDFCBANK.NS
2026-08-11 03:04:00,671 - INFO - [ICICIBANK_NS] Inserted 361 rows (duplicates ignored)
2026-08-11 03:04:00,671 - INFO - Inserted 361 rows for ICICIBANK.NS
2026-08-11 03:04:00,820 - INFO - [INFY_NS] Inserted 361 rows (duplicates ignored)
2026-08-11 03:04:00,820 - INFO - Inserted 361 rows for INFY.NS
2026-08-11 03:04:00,951 - INFO - [TCS_NS] Inserted 361 rows (duplicates ignored)
2026-08-11 03:04:00,951 - INFO - Inserted 361 rows for TCS.NS
2026-08-11 03:04:01,106 - INFO - [ITC_NS] Inserted 361 rows (duplicates ignored)
2026-08-11 03:04:01,106 - INFO - Inserted 361 rows for ITC.NS
2026-08-11 03:04:01,253 - INFO - [HINDUNILVR_NS] Inserted 361 rows (duplicates ignored)
2026-08-11 03:04:01,254 - INFO - Inserted 361 rows for HINDUNILVR.NS
2026-08-11 03:04:01,416 - INFO - [SBIN_NS] Inserted 361 rows (duplicates ignored)
2026-08-11 03:04:01,416 - INFO - Inserted 361 rows for SBIN.NS
2026-08-11 03:04:01,555 - INFO - [BHARTIARTL_NS] Inserted 361 rows (duplicates ignored)
2026-08-11 03:04:01,555 - INFO - Inserted 361 rows for BHARTIARTL.NS
2026-08-11 03:04:01,703 - INFO - [KOTAKBANK_NS] Inserted 361 rows (duplicates ignored)
2026-08-11 03:04:01,704 - INFO - Inserted 361 rows for KOTAKBANK.NS
2026-08-11 03:04:01,833 - INFO - [LT_NS] Inserted 361 rows (duplicates ignored)
2026-08-11 03:04:01,833 - INFO - Inserted 361 rows for LT.NS
2026-08-11 03:04:01,972 - INFO - [AXISBANK_NS] Inserted 361 rows (duplicates ignored)
2026-08-11 03:04:01,972 - INFO - Inserted 361 rows for AXISBANK.NS
2026-08-11 03:04:02,099 - INFO - [BAJFINANCE_NS] Inserted 361 rows (duplicates ignored)
2026-08-11 03:04:02,099 - INFO - Inserted 361 rows for BAJFINANCE.NS
2026-08-11 03:04:02,246 - INFO - [ASIANPAINT_NS] Inserted 361 rows (duplicates ignored)
2026-08-11 03:04:02,247 - INFO - Inserted 361 rows for ASIANPAINT.NS
2026-08-11 03:04:02,391 - INFO - [MARUTI_NS] Inserted 361 rows (duplicates ignored)
2026-08-11 03:04:02,391 - INFO - Inserted 361 rows for MARUTI.NS
2026-08-11 03:04:02,530 - INFO - [SUNPHARMA_NS] Inserted 361 rows (duplicates ignored)
2026-08-11 03:04:02,530 - INFO - Inserted 361 rows for SUNPHARMA.NS
2026-08-11 03:04:02,679 - INFO - [WIPRO_NS] Inserted 361 rows (duplicates ignored)
2026-08-11 03:04:02,679 - INFO - Inserted 361 rows for WIPRO.NS
2026-08-11 03:04:02,827 - INFO - [POWERGRID_NS] Inserted 361 rows (duplicates ignored)
2026-08-11 03:04:02,827 - INFO - Inserted 361 rows for POWERGRID.NS
2026-08-11 03:04:02,952 - INFO - [NTPC_NS] Inserted 361 rows (duplicates ignored)
2026-08-11 03:04:02,952 - INFO - Inserted 361 rows for NTPC.NS
2026-08-11 03:04:03,133 - INFO - [ONGC_NS] Inserted 361 rows (duplicates ignored)
2026-08-11 03:04:03,133 - INFO - Inserted 361 rows for ONGC.NS
2026-08-11 03:04:03,146 - INFO - Cycle complete. README updated.
2026-08-11 04:36:22,697 - INFO - Starting data fetch cycle...
2026-08-11 04:36:23,091 - INFO - [RELIANCE_NS] Inserted 52 rows (duplicates ignored)
2026-08-11 04:36:23,091 - INFO - Inserted 52 rows for RELIANCE.NS
2026-08-11 04:36:23,247 - INFO - [HDFCBANK_NS] Inserted 52 rows (duplicates ignored)
2026-08-11 04:36:23,247 - INFO - Inserted 52 rows for HDFCBANK.NS
2026-08-11 04:36:23,409 - INFO - [ICICIBANK_NS] Inserted 52 rows (duplicates ignored)
2026-08-11 04:36:23,410 - INFO - Inserted 52 rows for ICICIBANK.NS
2026-08-11 04:36:23,619 - INFO - [INFY_NS] Inserted 52 rows (duplicates ignored)
2026-08-11 04:36:23,619 - INFO - Inserted 52 rows for INFY.NS
2026-08-11 04:36:23,776 - INFO - [TCS_NS] Inserted 52 rows (duplicates ignored)
2026-08-11 04:36:23,776 - INFO - Inserted 52 rows for TCS.NS
2026-08-11 04:36:23,944 - INFO - [ITC_NS] Inserted 52 rows (duplicates ignored)
2026-08-11 04:36:23,944 - INFO - Inserted 52 rows for ITC.NS
2026-08-11 04:36:24,101 - INFO - [HINDUNILVR_NS] Inserted 52 rows (duplicates ignored)
2026-08-11 04:36:24,101 - INFO - Inserted 52 rows for HINDUNILVR.NS
2026-08-11 04:36:24,260 - INFO - [SBIN_NS] Inserted 52 rows (duplicates ignored)
2026-08-11 04:36:24,260 - INFO - Inserted 52 rows for SBIN.NS
2026-08-11 04:36:24,438 - INFO - [BHARTIARTL_NS] Inserted 52 rows (duplicates ignored)
2026-08-11 04:36:24,438 - INFO - Inserted 52 rows for BHARTIARTL.NS
2026-08-11 04:36:24,595 - INFO - [KOTAKBANK_NS] Inserted 52 rows (duplicates ignored)
2026-08-11 04:36:24,595 - INFO - Inserted 52 rows for KOTAKBANK.NS
2026-08-11 04:36:24,752 - INFO - [LT_NS] Inserted 52 rows (duplicates ignored)
2026-08-11 04:36:24,752 - INFO - Inserted 52 rows for LT.NS
2026-08-11 04:36:24,931 - INFO - [AXISBANK_NS] Inserted 52 rows (duplicates ignored)
2026-08-11 04:36:24,931 - INFO - Inserted 52 rows for AXISBANK.NS
2026-08-11 04:36:25,079 - INFO - [BAJFINANCE_NS] Inserted 52 rows (duplicates ignored)
2026-08-11 04:36:25,079 - INFO - Inserted 52 rows for BAJFINANCE.NS
2026-08-11 04:36:25,246 - INFO - [ASIANPAINT_NS] Inserted 52 rows (duplicates ignored)
2026-08-11 04:36:25,246 - INFO - Inserted 52 rows for ASIANPAINT.NS
2026-08-11 04:36:25,395 - INFO - [MARUTI_NS] Inserted 52 rows (duplicates ignored)
2026-08-11 04:36:25,395 - INFO - Inserted 52 rows for MARUTI.NS
2026-08-11 04:36:25,556 - INFO - [SUNPHARMA_NS] Inserted 52 rows (duplicates ignored)
2026-08-11 04:36:25,557 - INFO - Inserted 52 rows for SUNPHARMA.NS
2026-08-11 04:36:25,745 - INFO - [WIPRO_NS] Inserted 52 rows (duplicates ignored)
2026-08-11 04:36:25,746 - INFO - Inserted 52 rows for WIPRO.NS
2026-08-11 04:36:25,896 - INFO - [POWERGRID_NS] Inserted 52 rows (duplicates ignored)
2026-08-11 04:36:25,897 - INFO - Inserted 52 rows for POWERGRID.NS
2026-08-11 04:36:26,043 - INFO - [NTPC_NS] Inserted 52 rows (duplicates ignored)
2026-08-11 04:36:26,043 - INFO - Inserted 52 rows for NTPC.NS
2026-08-11 04:36:26,202 - INFO - [ONGC_NS] Inserted 52 rows (duplicates ignored)
2026-08-11 04:36:26,202 - INFO - Inserted 52 rows for ONGC.NS
2026-08-11 04:36:26,214 - INFO - Cycle complete. README updated.
2026-08-11 05:40:37,118 - INFO - Starting data fetch cycle...
2026-08-11 05:40:37,448 - INFO - [RELIANCE_NS] Inserted 116 rows (duplicates ignored)
2026-08-11 05:40:37,448 - INFO - Inserted 116 rows for RELIANCE.NS
2026-08-11 05:40:37,617 - INFO - [HDFCBANK_NS] Inserted 116 rows (duplicates ignored)
2026-08-11 05:40:37,617 - INFO - Inserted 116 rows for HDFCBANK.NS
2026-08-11 05:40:37,766 - INFO - [ICICIBANK_NS] Inserted 116 rows (duplicates ignored)
2026-08-11 05:40:37,766 - INFO - Inserted 116 rows for ICICIBANK.NS
2026-08-11 05:40:37,925 - INFO - [INFY_NS] Inserted 116 rows (duplicates ignored)
2026-08-11 05:40:37,926 - INFO - Inserted 116 rows for INFY.NS
2026-08-11 05:40:38,085 - INFO - [TCS_NS] Inserted 116 rows (duplicates ignored)
2026-08-11 05:40:38,085 - INFO - Inserted 116 rows for TCS.NS
2026-08-11 05:40:38,249 - INFO - [ITC_NS] Inserted 116 rows (duplicates ignored)
2026-08-11 05:40:38,250 - INFO - Inserted 116 rows for ITC.NS
2026-08-11 05:40:38,408 - INFO - [HINDUNILVR_NS] Inserted 116 rows (duplicates ignored)
2026-08-11 05:40:38,408 - INFO - Inserted 116 rows for HINDUNILVR.NS
2026-08-11 05:40:38,568 - INFO - [SBIN_NS] Inserted 116 rows (duplicates ignored)
2026-08-11 05:40:38,568 - INFO - Inserted 116 rows for SBIN.NS
2026-08-11 05:40:38,716 - INFO - [BHARTIARTL_NS] Inserted 116 rows (duplicates ignored)
2026-08-11 05:40:38,716 - INFO - Inserted 116 rows for BHARTIARTL.NS
2026-08-11 05:40:38,870 - INFO - [KOTAKBANK_NS] Inserted 116 rows (duplicates ignored)
2026-08-11 05:40:38,871 - INFO - Inserted 116 rows for KOTAKBANK.NS
2026-08-11 05:40:39,016 - INFO - [LT_NS] Inserted 116 rows (duplicates ignored)
2026-08-11 05:40:39,016 - INFO - Inserted 116 rows for LT.NS
2026-08-11 05:40:39,161 - INFO - [AXISBANK_NS] Inserted 116 rows (duplicates ignored)
2026-08-11 05:40:39,161 - INFO - Inserted 116 rows for AXISBANK.NS
2026-08-11 05:40:39,319 - INFO - [BAJFINANCE_NS] Inserted 116 rows (duplicates ignored)
2026-08-11 05:40:39,320 - INFO - Inserted 116 rows for BAJFINANCE.NS
2026-08-11 05:40:39,478 - INFO - [ASIANPAINT_NS] Inserted 116 rows (duplicates ignored)
2026-08-11 05:40:39,478 - INFO - Inserted 116 rows for ASIANPAINT.NS
2026-08-11 05:40:39,632 - INFO - [MARUTI_NS] Inserted 116 rows (duplicates ignored)
2026-08-11 05:40:39,632 - INFO - Inserted 116 rows for MARUTI.NS
2026-08-11 05:40:39,798 - INFO - [SUNPHARMA_NS] Inserted 116 rows (duplicates ignored)
2026-08-11 05:40:39,798 - INFO - Inserted 116 rows for SUNPHARMA.NS
2026-08-11 05:40:39,964 - INFO - [WIPRO_NS] Inserted 116 rows (duplicates ignored)
2026-08-11 05:40:39,964 - INFO - Inserted 116 rows for WIPRO.NS
2026-08-11 05:40:40,116 - INFO - [POWERGRID_NS] Inserted 116 rows (duplicates ignored)
2026-08-11 05:40:40,116 - INFO - Inserted 116 rows for POWERGRID.NS
2026-08-11 05:40:40,274 - INFO - [NTPC_NS] Inserted 116 rows (duplicates ignored)
2026-08-11 05:40:40,274 - INFO - Inserted 116 rows for NTPC.NS
2026-08-11 05:40:40,450 - INFO - [ONGC_NS] Inserted 116 rows (duplicates ignored)
2026-08-11 05:40:40,450 - INFO - Inserted 116 rows for ONGC.NS
2026-08-11 05:40:40,462 - INFO - Cycle complete. README updated.
2026-08-11 23:14:16,511 - INFO - Starting data fetch cycle...
2026-08-11 23:14:17,441 - INFO - [RELIANCE_NS] Inserted 361 rows (duplicates ignored)
2026-08-11 23:14:17,442 - INFO - Inserted 361 rows for RELIANCE.NS
2026-08-11 23:14:17,797 - INFO - [HDFCBANK_NS] Inserted 361 rows (duplicates ignored)
2026-08-11 23:14:17,797 - INFO - Inserted 361 rows for HDFCBANK.NS
2026-08-11 23:14:18,107 - INFO - [ICICIBANK_NS] Inserted 361 rows (duplicates ignored)
2026-08-11 23:14:18,107 - INFO - Inserted 361 rows for ICICIBANK.NS
2026-08-11 23:14:18,437 - INFO - [INFY_NS] Inserted 361 rows (duplicates ignored)
2026-08-11 23:14:18,438 - INFO - Inserted 361 rows for INFY.NS
2026-08-11 23:14:18,834 - INFO - [TCS_NS] Inserted 360 rows (duplicates ignored)
2026-08-11 23:14:18,834 - INFO - Inserted 360 rows for TCS.NS
2026-08-11 23:14:19,182 - INFO - [ITC_NS] Inserted 360 rows (duplicates ignored)
2026-08-11 23:14:19,182 - INFO - Inserted 360 rows for ITC.NS
2026-08-11 23:14:19,529 - INFO - [HINDUNILVR_NS] Inserted 360 rows (duplicates ignored)
2026-08-11 23:14:19,529 - INFO - Inserted 360 rows for HINDUNILVR.NS
2026-08-11 23:14:19,903 - INFO - [SBIN_NS] Inserted 361 rows (duplicates ignored)
2026-08-11 23:14:19,903 - INFO - Inserted 361 rows for SBIN.NS
2026-08-11 23:14:20,204 - INFO - [BHARTIARTL_NS] Inserted 360 rows (duplicates ignored)
2026-08-11 23:14:20,204 - INFO - Inserted 360 rows for BHARTIARTL.NS
2026-08-11 23:14:20,526 - INFO - [KOTAKBANK_NS] Inserted 361 rows (duplicates ignored)
2026-08-11 23:14:20,526 - INFO - Inserted 361 rows for KOTAKBANK.NS
2026-08-11 23:14:20,871 - INFO - [LT_NS] Inserted 361 rows (duplicates ignored)
2026-08-11 23:14:20,871 - INFO - Inserted 361 rows for LT.NS
2026-08-11 23:14:21,204 - INFO - [AXISBANK_NS] Inserted 361 rows (duplicates ignored)
2026-08-11 23:14:21,204 - INFO - Inserted 361 rows for AXISBANK.NS
2026-08-11 23:14:21,504 - INFO - [BAJFINANCE_NS] Inserted 360 rows (duplicates ignored)
2026-08-11 23:14:21,504 - INFO - Inserted 360 rows for BAJFINANCE.NS
2026-08-11 23:14:21,857 - INFO - [ASIANPAINT_NS] Inserted 360 rows (duplicates ignored)
2026-08-11 23:14:21,857 - INFO - Inserted 360 rows for ASIANPAINT.NS
2026-08-11 23:14:22,191 - INFO - [MARUTI_NS] Inserted 361 rows (duplicates ignored)
2026-08-11 23:14:22,191 - INFO - Inserted 361 rows for MARUTI.NS
2026-08-11 23:14:22,543 - INFO - [SUNPHARMA_NS] Inserted 361 rows (duplicates ignored)
2026-08-11 23:14:22,543 - INFO - Inserted 361 rows for SUNPHARMA.NS
2026-08-11 23:14:22,891 - INFO - [WIPRO_NS] Inserted 361 rows (duplicates ignored)
2026-08-11 23:14:22,891 - INFO - Inserted 361 rows for WIPRO.NS
2026-08-11 23:14:23,202 - INFO - [POWERGRID_NS] Inserted 361 rows (duplicates ignored)
2026-08-11 23:14:23,202 - INFO - Inserted 361 rows for POWERGRID.NS
2026-08-11 23:14:23,530 - INFO - [NTPC_NS] Inserted 361 rows (duplicates ignored)
2026-08-11 23:14:23,531 - INFO - Inserted 361 rows for NTPC.NS
2026-08-11 23:14:23,861 - INFO - [ONGC_NS] Inserted 361 rows (duplicates ignored)
2026-08-11 23:14:23,861 - INFO - Inserted 361 rows for ONGC.NS
2026-08-11 23:14:23,875 - INFO - Cycle complete. README updated.
2026-08-12 00:02:28,337 - INFO - Starting data fetch cycle...
2026-08-12 00:02:30,452 - INFO - [RELIANCE_NS] Inserted 361 rows (duplicates ignored)
2026-08-12 00:02:30,452 - INFO - Inserted 361 rows for RELIANCE.NS
2026-08-12 00:02:31,149 - INFO - [HDFCBANK_NS] Inserted 361 rows (duplicates ignored)
2026-08-12 00:02:31,149 - INFO - Inserted 361 rows for HDFCBANK.NS
2026-08-12 00:02:31,447 - INFO - [ICICIBANK_NS] Inserted 361 rows (duplicates ignored)
2026-08-12 00:02:31,447 - INFO - Inserted 361 rows for ICICIBANK.NS
2026-08-12 00:02:31,741 - INFO - [INFY_NS] Inserted 361 rows (duplicates ignored)
2026-08-12 00:02:31,742 - INFO - Inserted 361 rows for INFY.NS
2026-08-12 00:02:31,967 - INFO - [TCS_NS] Inserted 360 rows (duplicates ignored)
2026-08-12 00:02:31,967 - INFO - Inserted 360 rows for TCS.NS
2026-08-12 00:02:32,282 - INFO - [ITC_NS] Inserted 360 rows (duplicates ignored)
2026-08-12 00:02:32,282 - INFO - Inserted 360 rows for ITC.NS
2026-08-12 00:02:32,576 - INFO - [HINDUNILVR_NS] Inserted 360 rows (duplicates ignored)
2026-08-12 00:02:32,576 - INFO - Inserted 360 rows for HINDUNILVR.NS
2026-08-12 00:02:32,984 - INFO - [SBIN_NS] Inserted 361 rows (duplicates ignored)
2026-08-12 00:02:32,984 - INFO - Inserted 361 rows for SBIN.NS
2026-08-12 00:02:33,298 - INFO - [BHARTIARTL_NS] Inserted 360 rows (duplicates ignored)
2026-08-12 00:02:33,298 - INFO - Inserted 360 rows for BHARTIARTL.NS
2026-08-12 00:02:33,697 - INFO - [KOTAKBANK_NS] Inserted 361 rows (duplicates ignored)
2026-08-12 00:02:33,697 - INFO - Inserted 361 rows for KOTAKBANK.NS
2026-08-12 00:02:34,039 - INFO - [LT_NS] Inserted 361 rows (duplicates ignored)
2026-08-12 00:02:34,039 - INFO - Inserted 361 rows for LT.NS
2026-08-12 00:02:34,364 - INFO - [AXISBANK_NS] Inserted 361 rows (duplicates ignored)
2026-08-12 00:02:34,364 - INFO - Inserted 361 rows for AXISBANK.NS
2026-08-12 00:02:34,630 - INFO - [BAJFINANCE_NS] Inserted 360 rows (duplicates ignored)
2026-08-12 00:02:34,631 - INFO - Inserted 360 rows for BAJFINANCE.NS
2026-08-12 00:02:34,938 - INFO - [ASIANPAINT_NS] Inserted 360 rows (duplicates ignored)
2026-08-12 00:02:34,938 - INFO - Inserted 360 rows for ASIANPAINT.NS
2026-08-12 00:02:35,355 - INFO - [MARUTI_NS] Inserted 361 rows (duplicates ignored)
2026-08-12 00:02:35,356 - INFO - Inserted 361 rows for MARUTI.NS
2026-08-12 00:02:35,589 - INFO - [SUNPHARMA_NS] Inserted 361 rows (duplicates ignored)
2026-08-12 00:02:35,589 - INFO - Inserted 361 rows for SUNPHARMA.NS
2026-08-12 00:02:35,814 - INFO - [WIPRO_NS] Inserted 361 rows (duplicates ignored)
2026-08-12 00:02:35,814 - INFO - Inserted 361 rows for WIPRO.NS
2026-08-12 00:02:36,067 - INFO - [POWERGRID_NS] Inserted 361 rows (duplicates ignored)
2026-08-12 00:02:36,067 - INFO - Inserted 361 rows for POWERGRID.NS
2026-08-12 00:02:36,578 - INFO - [NTPC_NS] Inserted 361 rows (duplicates ignored)
2026-08-12 00:02:36,579 - INFO - Inserted 361 rows for NTPC.NS
2026-08-12 00:02:36,867 - INFO - [ONGC_NS] Inserted 361 rows (duplicates ignored)
2026-08-12 00:02:36,867 - INFO - Inserted 361 rows for ONGC.NS
2026-08-12 00:02:36,880 - INFO - Cycle complete. README updated.
2026-08-12 02:38:43,309 - INFO - Starting data fetch cycle...
2026-08-12 02:38:43,922 - INFO - [RELIANCE_NS] Inserted 361 rows (duplicates ignored)
2026-08-12 02:38:43,922 - INFO - Inserted 361 rows for RELIANCE.NS
2026-08-12 02:38:44,169 - INFO - [HDFCBANK_NS] Inserted 361 rows (duplicates ignored)
2026-08-12 02:38:44,170 - INFO - Inserted 361 rows for HDFCBANK.NS
2026-08-12 02:38:44,398 - INFO - [ICICIBANK_NS] Inserted 361 rows (duplicates ignored)
2026-08-12 02:38:44,398 - INFO - Inserted 361 rows for ICICIBANK.NS
2026-08-12 02:38:44,691 - INFO - [INFY_NS] Inserted 361 rows (duplicates ignored)
2026-08-12 02:38:44,691 - INFO - Inserted 361 rows for INFY.NS
2026-08-12 02:38:44,906 - INFO - [TCS_NS] Inserted 360 rows (duplicates ignored)
2026-08-12 02:38:44,906 - INFO - Inserted 360 rows for TCS.NS
2026-08-12 02:38:45,193 - INFO - [ITC_NS] Inserted 360 rows (duplicates ignored)
2026-08-12 02:38:45,193 - INFO - Inserted 360 rows for ITC.NS
2026-08-12 02:38:45,558 - INFO - [HINDUNILVR_NS] Inserted 360 rows (duplicates ignored)
2026-08-12 02:38:45,558 - INFO - Inserted 360 rows for HINDUNILVR.NS
2026-08-12 02:38:45,791 - INFO - [SBIN_NS] Inserted 361 rows (duplicates ignored)
2026-08-12 02:38:45,791 - INFO - Inserted 361 rows for SBIN.NS
2026-08-12 02:38:46,006 - INFO - [BHARTIARTL_NS] Inserted 360 rows (duplicates ignored)
2026-08-12 02:38:46,006 - INFO - Inserted 360 rows for BHARTIARTL.NS
2026-08-12 02:38:46,234 - INFO - [KOTAKBANK_NS] Inserted 361 rows (duplicates ignored)
2026-08-12 02:38:46,234 - INFO - Inserted 361 rows for KOTAKBANK.NS
2026-08-12 02:38:46,446 - INFO - [LT_NS] Inserted 361 rows (duplicates ignored)
2026-08-12 02:38:46,446 - INFO - Inserted 361 rows for LT.NS
2026-08-12 02:38:46,711 - INFO - [AXISBANK_NS] Inserted 361 rows (duplicates ignored)
2026-08-12 02:38:46,711 - INFO - Inserted 361 rows for AXISBANK.NS
2026-08-12 02:38:46,951 - INFO - [BAJFINANCE_NS] Inserted 360 rows (duplicates ignored)
2026-08-12 02:38:46,951 - INFO - Inserted 360 rows for BAJFINANCE.NS
2026-08-12 02:38:47,449 - INFO - [ASIANPAINT_NS] Inserted 360 rows (duplicates ignored)
2026-08-12 02:38:47,449 - INFO - Inserted 360 rows for ASIANPAINT.NS
2026-08-12 02:38:47,763 - INFO - [MARUTI_NS] Inserted 361 rows (duplicates ignored)
2026-08-12 02:38:47,763 - INFO - Inserted 361 rows for MARUTI.NS
2026-08-12 02:38:48,118 - INFO - [SUNPHARMA_NS] Inserted 361 rows (duplicates ignored)
2026-08-12 02:38:48,118 - INFO - Inserted 361 rows for SUNPHARMA.NS
2026-08-12 02:38:48,493 - INFO - [WIPRO_NS] Inserted 361 rows (duplicates ignored)
2026-08-12 02:38:48,493 - INFO - Inserted 361 rows for WIPRO.NS
2026-08-12 02:38:48,827 - INFO - [POWERGRID_NS] Inserted 361 rows (duplicates ignored)
2026-08-12 02:38:48,828 - INFO - Inserted 361 rows for POWERGRID.NS
2026-08-12 02:38:49,081 - INFO - [NTPC_NS] Inserted 361 rows (duplicates ignored)
2026-08-12 02:38:49,081 - INFO - Inserted 361 rows for NTPC.NS
2026-08-12 02:38:49,309 - INFO - [ONGC_NS] Inserted 361 rows (duplicates ignored)
2026-08-12 02:38:49,309 - INFO - Inserted 361 rows for ONGC.NS
2026-08-12 02:38:49,319 - INFO - Cycle complete. README updated.
2026-08-12 04:28:02,643 - INFO - Starting data fetch cycle...
2026-08-12 04:28:03,683 - INFO - [RELIANCE_NS] Inserted 43 rows (duplicates ignored)
2026-08-12 04:28:03,683 - INFO - Inserted 43 rows for RELIANCE.NS
2026-08-12 04:28:04,380 - INFO - [HDFCBANK_NS] Inserted 44 rows (duplicates ignored)
2026-08-12 04:28:04,380 - INFO - Inserted 44 rows for HDFCBANK.NS
2026-08-12 04:28:05,264 - INFO - [ICICIBANK_NS] Inserted 44 rows (duplicates ignored)
2026-08-12 04:28:05,264 - INFO - Inserted 44 rows for ICICIBANK.NS
2026-08-12 04:28:06,680 - INFO - [INFY_NS] Inserted 44 rows (duplicates ignored)
2026-08-12 04:28:06,680 - INFO - Inserted 44 rows for INFY.NS
2026-08-12 04:28:07,975 - INFO - [TCS_NS] Inserted 44 rows (duplicates ignored)
2026-08-12 04:28:07,975 - INFO - Inserted 44 rows for TCS.NS
2026-08-12 04:28:08,465 - INFO - [ITC_NS] Inserted 44 rows (duplicates ignored)
2026-08-12 04:28:08,465 - INFO - Inserted 44 rows for ITC.NS
2026-08-12 04:28:08,945 - INFO - [HINDUNILVR_NS] Inserted 44 rows (duplicates ignored)
2026-08-12 04:28:08,945 - INFO - Inserted 44 rows for HINDUNILVR.NS
2026-08-12 04:28:09,734 - INFO - [SBIN_NS] Inserted 44 rows (duplicates ignored)
2026-08-12 04:28:09,735 - INFO - Inserted 44 rows for SBIN.NS
2026-08-12 04:28:10,300 - INFO - [BHARTIARTL_NS] Inserted 44 rows (duplicates ignored)
2026-08-12 04:28:10,300 - INFO - Inserted 44 rows for BHARTIARTL.NS
2026-08-12 04:28:10,774 - INFO - [KOTAKBANK_NS] Inserted 44 rows (duplicates ignored)
2026-08-12 04:28:10,774 - INFO - Inserted 44 rows for KOTAKBANK.NS
2026-08-12 04:28:11,145 - INFO - [LT_NS] Inserted 44 rows (duplicates ignored)
2026-08-12 04:28:11,145 - INFO - Inserted 44 rows for LT.NS
2026-08-12 04:28:11,530 - INFO - [AXISBANK_NS] Inserted 44 rows (duplicates ignored)
2026-08-12 04:28:11,530 - INFO - Inserted 44 rows for AXISBANK.NS
2026-08-12 04:28:12,205 - INFO - [BAJFINANCE_NS] Inserted 44 rows (duplicates ignored)
2026-08-12 04:28:12,205 - INFO - Inserted 44 rows for BAJFINANCE.NS
2026-08-12 04:28:12,641 - INFO - [ASIANPAINT_NS] Inserted 44 rows (duplicates ignored)
2026-08-12 04:28:12,641 - INFO - Inserted 44 rows for ASIANPAINT.NS
2026-08-12 04:28:13,582 - INFO - [MARUTI_NS] Inserted 44 rows (duplicates ignored)
2026-08-12 04:28:13,582 - INFO - Inserted 44 rows for MARUTI.NS
2026-08-12 04:28:14,251 - INFO - [SUNPHARMA_NS] Inserted 44 rows (duplicates ignored)
2026-08-12 04:28:14,251 - INFO - Inserted 44 rows for SUNPHARMA.NS
2026-08-12 04:28:14,752 - INFO - [WIPRO_NS] Inserted 44 rows (duplicates ignored)
2026-08-12 04:28:14,752 - INFO - Inserted 44 rows for WIPRO.NS
2026-08-12 04:28:15,149 - INFO - [POWERGRID_NS] Inserted 44 rows (duplicates ignored)
2026-08-12 04:28:15,149 - INFO - Inserted 44 rows for POWERGRID.NS
2026-08-12 04:28:15,719 - INFO - [NTPC_NS] Inserted 44 rows (duplicates ignored)
2026-08-12 04:28:15,719 - INFO - Inserted 44 rows for NTPC.NS
2026-08-12 04:28:16,453 - INFO - [ONGC_NS] Inserted 44 rows (duplicates ignored)
2026-08-12 04:28:16,453 - INFO - Inserted 44 rows for ONGC.NS
2026-08-12 04:28:16,461 - INFO - Cycle complete. README updated.
2026-08-12 06:00:43,091 - INFO - Starting data fetch cycle...
2026-08-12 06:00:43,398 - INFO - [RELIANCE_NS] Inserted 136 rows (duplicates ignored)
2026-08-12 06:00:43,398 - INFO - Inserted 136 rows for RELIANCE.NS
2026-08-12 06:00:43,541 - INFO - [HDFCBANK_NS] Inserted 136 rows (duplicates ignored)
2026-08-12 06:00:43,541 - INFO - Inserted 136 rows for HDFCBANK.NS
2026-08-12 06:00:43,693 - INFO - [ICICIBANK_NS] Inserted 136 rows (duplicates ignored)
2026-08-12 06:00:43,693 - INFO - Inserted 136 rows for ICICIBANK.NS
2026-08-12 06:00:43,862 - INFO - [INFY_NS] Inserted 136 rows (duplicates ignored)
2026-08-12 06:00:43,862 - INFO - Inserted 136 rows for INFY.NS
2026-08-12 06:00:44,005 - INFO - [TCS_NS] Inserted 136 rows (duplicates ignored)
2026-08-12 06:00:44,006 - INFO - Inserted 136 rows for TCS.NS
2026-08-12 06:00:44,150 - INFO - [ITC_NS] Inserted 136 rows (duplicates ignored)
2026-08-12 06:00:44,150 - INFO - Inserted 136 rows for ITC.NS
2026-08-12 06:00:44,288 - INFO - [HINDUNILVR_NS] Inserted 136 rows (duplicates ignored)
2026-08-12 06:00:44,288 - INFO - Inserted 136 rows for HINDUNILVR.NS
2026-08-12 06:00:44,436 - INFO - [SBIN_NS] Inserted 136 rows (duplicates ignored)
2026-08-12 06:00:44,437 - INFO - Inserted 136 rows for SBIN.NS
2026-08-12 06:00:44,595 - INFO - [BHARTIARTL_NS] Inserted 136 rows (duplicates ignored)
2026-08-12 06:00:44,595 - INFO - Inserted 136 rows for BHARTIARTL.NS
2026-08-12 06:00:44,776 - INFO - [KOTAKBANK_NS] Inserted 136 rows (duplicates ignored)
2026-08-12 06:00:44,776 - INFO - Inserted 136 rows for KOTAKBANK.NS
2026-08-12 06:00:44,905 - INFO - [LT_NS] Inserted 136 rows (duplicates ignored)
2026-08-12 06:00:44,905 - INFO - Inserted 136 rows for LT.NS
2026-08-12 06:00:45,037 - INFO - [AXISBANK_NS] Inserted 136 rows (duplicates ignored)
2026-08-12 06:00:45,037 - INFO - Inserted 136 rows for AXISBANK.NS
2026-08-12 06:00:45,168 - INFO - [BAJFINANCE_NS] Inserted 136 rows (duplicates ignored)
2026-08-12 06:00:45,168 - INFO - Inserted 136 rows for BAJFINANCE.NS
2026-08-12 06:00:45,318 - INFO - [ASIANPAINT_NS] Inserted 136 rows (duplicates ignored)
2026-08-12 06:00:45,318 - INFO - Inserted 136 rows for ASIANPAINT.NS
2026-08-12 06:00:45,447 - INFO - [MARUTI_NS] Inserted 136 rows (duplicates ignored)
2026-08-12 06:00:45,447 - INFO - Inserted 136 rows for MARUTI.NS
2026-08-12 06:00:45,619 - INFO - [SUNPHARMA_NS] Inserted 136 rows (duplicates ignored)
2026-08-12 06:00:45,619 - INFO - Inserted 136 rows for SUNPHARMA.NS
2026-08-12 06:00:45,801 - INFO - [WIPRO_NS] Inserted 136 rows (duplicates ignored)
2026-08-12 06:00:45,801 - INFO - Inserted 136 rows for WIPRO.NS
2026-08-12 06:00:45,971 - INFO - [POWERGRID_NS] Inserted 136 rows (duplicates ignored)
2026-08-12 06:00:45,971 - INFO - Inserted 136 rows for POWERGRID.NS
2026-08-12 06:00:46,181 - INFO - [NTPC_NS] Inserted 136 rows (duplicates ignored)
2026-08-12 06:00:46,181 - INFO - Inserted 136 rows for NTPC.NS
2026-08-12 06:00:46,320 - INFO - [ONGC_NS] Inserted 136 rows (duplicates ignored)
2026-08-12 06:00:46,320 - INFO - Inserted 136 rows for ONGC.NS
2026-08-12 06:00:46,333 - INFO - Cycle complete. README updated.
2026-08-12 23:11:37,345 - INFO - Starting data fetch cycle...
2026-08-12 23:11:37,627 - INFO - [RELIANCE_NS] Inserted 361 rows (duplicates ignored)
2026-08-12 23:11:37,627 - INFO - Inserted 361 rows for RELIANCE.NS
2026-08-12 23:11:37,792 - INFO - [HDFCBANK_NS] Inserted 361 rows (duplicates ignored)
2026-08-12 23:11:37,792 - INFO - Inserted 361 rows for HDFCBANK.NS
2026-08-12 23:11:38,054 - INFO - [ICICIBANK_NS] Inserted 361 rows (duplicates ignored)
2026-08-12 23:11:38,054 - INFO - Inserted 361 rows for ICICIBANK.NS
2026-08-12 23:11:38,255 - INFO - [INFY_NS] Inserted 361 rows (duplicates ignored)
2026-08-12 23:11:38,255 - INFO - Inserted 361 rows for INFY.NS
2026-08-12 23:11:38,463 - INFO - [TCS_NS] Inserted 361 rows (duplicates ignored)
2026-08-12 23:11:38,463 - INFO - Inserted 361 rows for TCS.NS
2026-08-12 23:11:38,636 - INFO - [ITC_NS] Inserted 361 rows (duplicates ignored)
2026-08-12 23:11:38,636 - INFO - Inserted 361 rows for ITC.NS
2026-08-12 23:11:38,803 - INFO - [HINDUNILVR_NS] Inserted 361 rows (duplicates ignored)
2026-08-12 23:11:38,803 - INFO - Inserted 361 rows for HINDUNILVR.NS
2026-08-12 23:11:38,973 - INFO - [SBIN_NS] Inserted 361 rows (duplicates ignored)
2026-08-12 23:11:38,973 - INFO - Inserted 361 rows for SBIN.NS
2026-08-12 23:11:39,178 - INFO - [BHARTIARTL_NS] Inserted 361 rows (duplicates ignored)
2026-08-12 23:11:39,178 - INFO - Inserted 361 rows for BHARTIARTL.NS
2026-08-12 23:11:39,336 - INFO - [KOTAKBANK_NS] Inserted 361 rows (duplicates ignored)
2026-08-12 23:11:39,336 - INFO - Inserted 361 rows for KOTAKBANK.NS
2026-08-12 23:11:39,494 - INFO - [LT_NS] Inserted 361 rows (duplicates ignored)
2026-08-12 23:11:39,494 - INFO - Inserted 361 rows for LT.NS
2026-08-12 23:11:39,676 - INFO - [AXISBANK_NS] Inserted 361 rows (duplicates ignored)
2026-08-12 23:11:39,676 - INFO - Inserted 361 rows for AXISBANK.NS
2026-08-12 23:11:39,902 - INFO - [BAJFINANCE_NS] Inserted 361 rows (duplicates ignored)
2026-08-12 23:11:39,902 - INFO - Inserted 361 rows for BAJFINANCE.NS
2026-08-12 23:11:40,314 - INFO - [ASIANPAINT_NS] Inserted 360 rows (duplicates ignored)
2026-08-12 23:11:40,314 - INFO - Inserted 360 rows for ASIANPAINT.NS
2026-08-12 23:11:40,465 - INFO - [MARUTI_NS] Inserted 361 rows (duplicates ignored)
2026-08-12 23:11:40,466 - INFO - Inserted 361 rows for MARUTI.NS
2026-08-12 23:11:40,626 - INFO - [SUNPHARMA_NS] Inserted 360 rows (duplicates ignored)
2026-08-12 23:11:40,626 - INFO - Inserted 360 rows for SUNPHARMA.NS
2026-08-12 23:11:40,793 - INFO - [WIPRO_NS] Inserted 361 rows (duplicates ignored)
2026-08-12 23:11:40,793 - INFO - Inserted 361 rows for WIPRO.NS
2026-08-12 23:11:40,938 - INFO - [POWERGRID_NS] Inserted 361 rows (duplicates ignored)
2026-08-12 23:11:40,938 - INFO - Inserted 361 rows for POWERGRID.NS
2026-08-12 23:11:41,111 - INFO - [NTPC_NS] Inserted 361 rows (duplicates ignored)
2026-08-12 23:11:41,111 - INFO - Inserted 361 rows for NTPC.NS
2026-08-12 23:11:41,268 - INFO - [ONGC_NS] Inserted 361 rows (duplicates ignored)
2026-08-12 23:11:41,269 - INFO - Inserted 361 rows for ONGC.NS
2026-08-12 23:11:41,282 - INFO - Cycle complete. README updated.
2026-08-13 00:00:33,857 - INFO - Starting data fetch cycle...
2026-08-13 00:00:34,127 - INFO - [RELIANCE_NS] Inserted 361 rows (duplicates ignored)
2026-08-13 00:00:34,128 - INFO - Inserted 361 rows for RELIANCE.NS
2026-08-13 00:00:34,300 - INFO - [HDFCBANK_NS] Inserted 361 rows (duplicates ignored)
2026-08-13 00:00:34,300 - INFO - Inserted 361 rows for HDFCBANK.NS
2026-08-13 00:00:34,467 - INFO - [ICICIBANK_NS] Inserted 361 rows (duplicates ignored)
2026-08-13 00:00:34,467 - INFO - Inserted 361 rows for ICICIBANK.NS
2026-08-13 00:00:34,648 - INFO - [INFY_NS] Inserted 361 rows (duplicates ignored)
2026-08-13 00:00:34,648 - INFO - Inserted 361 rows for INFY.NS
2026-08-13 00:00:34,807 - INFO - [TCS_NS] Inserted 361 rows (duplicates ignored)
2026-08-13 00:00:34,807 - INFO - Inserted 361 rows for TCS.NS
2026-08-13 00:00:35,322 - INFO - [ITC_NS] Inserted 361 rows (duplicates ignored)
2026-08-13 00:00:35,322 - INFO - Inserted 361 rows for ITC.NS
2026-08-13 00:00:35,481 - INFO - [HINDUNILVR_NS] Inserted 361 rows (duplicates ignored)
2026-08-13 00:00:35,481 - INFO - Inserted 361 rows for HINDUNILVR.NS
2026-08-13 00:00:35,715 - INFO - [SBIN_NS] Inserted 361 rows (duplicates ignored)
2026-08-13 00:00:35,715 - INFO - Inserted 361 rows for SBIN.NS
2026-08-13 00:00:35,893 - INFO - [BHARTIARTL_NS] Inserted 361 rows (duplicates ignored)
2026-08-13 00:00:35,893 - INFO - Inserted 361 rows for BHARTIARTL.NS
2026-08-13 00:00:36,073 - INFO - [KOTAKBANK_NS] Inserted 361 rows (duplicates ignored)
2026-08-13 00:00:36,073 - INFO - Inserted 361 rows for KOTAKBANK.NS
2026-08-13 00:00:36,233 - INFO - [LT_NS] Inserted 361 rows (duplicates ignored)
2026-08-13 00:00:36,233 - INFO - Inserted 361 rows for LT.NS
2026-08-13 00:00:36,402 - INFO - [AXISBANK_NS] Inserted 361 rows (duplicates ignored)
2026-08-13 00:00:36,402 - INFO - Inserted 361 rows for AXISBANK.NS
2026-08-13 00:00:36,550 - INFO - [BAJFINANCE_NS] Inserted 361 rows (duplicates ignored)
2026-08-13 00:00:36,550 - INFO - Inserted 361 rows for BAJFINANCE.NS
2026-08-13 00:00:36,762 - INFO - [ASIANPAINT_NS] Inserted 360 rows (duplicates ignored)
2026-08-13 00:00:36,763 - INFO - Inserted 360 rows for ASIANPAINT.NS
2026-08-13 00:00:36,918 - INFO - [MARUTI_NS] Inserted 361 rows (duplicates ignored)
2026-08-13 00:00:36,918 - INFO - Inserted 361 rows for MARUTI.NS
2026-08-13 00:00:37,111 - INFO - [SUNPHARMA_NS] Inserted 360 rows (duplicates ignored)
2026-08-13 00:00:37,111 - INFO - Inserted 360 rows for SUNPHARMA.NS
2026-08-13 00:00:37,334 - INFO - [WIPRO_NS] Inserted 361 rows (duplicates ignored)
2026-08-13 00:00:37,334 - INFO - Inserted 361 rows for WIPRO.NS
2026-08-13 00:00:37,483 - INFO - [POWERGRID_NS] Inserted 361 rows (duplicates ignored)
2026-08-13 00:00:37,483 - INFO - Inserted 361 rows for POWERGRID.NS
2026-08-13 00:00:37,672 - INFO - [NTPC_NS] Inserted 361 rows (duplicates ignored)
2026-08-13 00:00:37,673 - INFO - Inserted 361 rows for NTPC.NS
2026-08-13 00:00:37,861 - INFO - [ONGC_NS] Inserted 361 rows (duplicates ignored)
2026-08-13 00:00:37,861 - INFO - Inserted 361 rows for ONGC.NS
2026-08-13 00:00:37,875 - INFO - Cycle complete. README updated.
2026-08-13 02:39:56,742 - INFO - Starting data fetch cycle...
2026-08-13 02:39:57,035 - INFO - [RELIANCE_NS] Inserted 361 rows (duplicates ignored)
2026-08-13 02:39:57,035 - INFO - Inserted 361 rows for RELIANCE.NS
2026-08-13 02:39:57,205 - INFO - [HDFCBANK_NS] Inserted 361 rows (duplicates ignored)
2026-08-13 02:39:57,205 - INFO - Inserted 361 rows for HDFCBANK.NS
2026-08-13 02:39:57,373 - INFO - [ICICIBANK_NS] Inserted 361 rows (duplicates ignored)
2026-08-13 02:39:57,374 - INFO - Inserted 361 rows for ICICIBANK.NS
2026-08-13 02:39:57,516 - INFO - [INFY_NS] Inserted 361 rows (duplicates ignored)
2026-08-13 02:39:57,517 - INFO - Inserted 361 rows for INFY.NS
2026-08-13 02:39:57,685 - INFO - [TCS_NS] Inserted 361 rows (duplicates ignored)
2026-08-13 02:39:57,685 - INFO - Inserted 361 rows for TCS.NS
2026-08-13 02:39:57,870 - INFO - [ITC_NS] Inserted 361 rows (duplicates ignored)
2026-08-13 02:39:57,870 - INFO - Inserted 361 rows for ITC.NS
2026-08-13 02:39:58,019 - INFO - [HINDUNILVR_NS] Inserted 361 rows (duplicates ignored)
2026-08-13 02:39:58,019 - INFO - Inserted 361 rows for HINDUNILVR.NS
2026-08-13 02:39:58,168 - INFO - [SBIN_NS] Inserted 361 rows (duplicates ignored)
2026-08-13 02:39:58,168 - INFO - Inserted 361 rows for SBIN.NS
2026-08-13 02:39:58,347 - INFO - [BHARTIARTL_NS] Inserted 361 rows (duplicates ignored)
2026-08-13 02:39:58,347 - INFO - Inserted 361 rows for BHARTIARTL.NS
2026-08-13 02:39:58,506 - INFO - [KOTAKBANK_NS] Inserted 361 rows (duplicates ignored)
2026-08-13 02:39:58,506 - INFO - Inserted 361 rows for KOTAKBANK.NS
2026-08-13 02:39:58,726 - INFO - [LT_NS] Inserted 361 rows (duplicates ignored)
2026-08-13 02:39:58,726 - INFO - Inserted 361 rows for LT.NS
2026-08-13 02:39:58,908 - INFO - [AXISBANK_NS] Inserted 361 rows (duplicates ignored)
2026-08-13 02:39:58,908 - INFO - Inserted 361 rows for AXISBANK.NS
2026-08-13 02:39:59,087 - INFO - [BAJFINANCE_NS] Inserted 361 rows (duplicates ignored)
2026-08-13 02:39:59,087 - INFO - Inserted 361 rows for BAJFINANCE.NS
2026-08-13 02:39:59,273 - INFO - [ASIANPAINT_NS] Inserted 360 rows (duplicates ignored)
2026-08-13 02:39:59,273 - INFO - Inserted 360 rows for ASIANPAINT.NS
2026-08-13 02:39:59,421 - INFO - [MARUTI_NS] Inserted 361 rows (duplicates ignored)
2026-08-13 02:39:59,421 - INFO - Inserted 361 rows for MARUTI.NS
2026-08-13 02:39:59,569 - INFO - [SUNPHARMA_NS] Inserted 360 rows (duplicates ignored)
2026-08-13 02:39:59,569 - INFO - Inserted 360 rows for SUNPHARMA.NS
2026-08-13 02:39:59,728 - INFO - [WIPRO_NS] Inserted 361 rows (duplicates ignored)
2026-08-13 02:39:59,728 - INFO - Inserted 361 rows for WIPRO.NS
2026-08-13 02:39:59,875 - INFO - [POWERGRID_NS] Inserted 361 rows (duplicates ignored)
2026-08-13 02:39:59,875 - INFO - Inserted 361 rows for POWERGRID.NS
2026-08-13 02:40:00,014 - INFO - [NTPC_NS] Inserted 361 rows (duplicates ignored)
2026-08-13 02:40:00,014 - INFO - Inserted 361 rows for NTPC.NS
2026-08-13 02:40:00,180 - INFO - [ONGC_NS] Inserted 361 rows (duplicates ignored)
2026-08-13 02:40:00,180 - INFO - Inserted 361 rows for ONGC.NS
2026-08-13 02:40:00,197 - INFO - Cycle complete. README updated.
2026-08-13 04:30:30,954 - INFO - Starting data fetch cycle...
2026-08-13 04:30:31,286 - INFO - [RELIANCE_NS] Inserted 46 rows (duplicates ignored)
2026-08-13 04:30:31,286 - INFO - Inserted 46 rows for RELIANCE.NS
2026-08-13 04:30:31,446 - INFO - [HDFCBANK_NS] Inserted 46 rows (duplicates ignored)
2026-08-13 04:30:31,446 - INFO - Inserted 46 rows for HDFCBANK.NS
2026-08-13 04:30:31,606 - INFO - [ICICIBANK_NS] Inserted 46 rows (duplicates ignored)
2026-08-13 04:30:31,606 - INFO - Inserted 46 rows for ICICIBANK.NS
2026-08-13 04:30:31,768 - INFO - [INFY_NS] Inserted 46 rows (duplicates ignored)
2026-08-13 04:30:31,769 - INFO - Inserted 46 rows for INFY.NS
2026-08-13 04:30:31,929 - INFO - [TCS_NS] Inserted 46 rows (duplicates ignored)
2026-08-13 04:30:31,929 - INFO - Inserted 46 rows for TCS.NS
2026-08-13 04:30:32,089 - INFO - [ITC_NS] Inserted 46 rows (duplicates ignored)
2026-08-13 04:30:32,089 - INFO - Inserted 46 rows for ITC.NS
2026-08-13 04:30:32,260 - INFO - [HINDUNILVR_NS] Inserted 46 rows (duplicates ignored)
2026-08-13 04:30:32,260 - INFO - Inserted 46 rows for HINDUNILVR.NS
2026-08-13 04:30:32,410 - INFO - [SBIN_NS] Inserted 46 rows (duplicates ignored)
2026-08-13 04:30:32,410 - INFO - Inserted 46 rows for SBIN.NS
2026-08-13 04:30:32,571 - INFO - [BHARTIARTL_NS] Inserted 46 rows (duplicates ignored)
2026-08-13 04:30:32,571 - INFO - Inserted 46 rows for BHARTIARTL.NS
2026-08-13 04:30:32,717 - INFO - [KOTAKBANK_NS] Inserted 46 rows (duplicates ignored)
2026-08-13 04:30:32,717 - INFO - Inserted 46 rows for KOTAKBANK.NS
2026-08-13 04:30:32,895 - INFO - [LT_NS] Inserted 46 rows (duplicates ignored)
2026-08-13 04:30:32,895 - INFO - Inserted 46 rows for LT.NS
2026-08-13 04:30:33,064 - INFO - [AXISBANK_NS] Inserted 46 rows (duplicates ignored)
2026-08-13 04:30:33,064 - INFO - Inserted 46 rows for AXISBANK.NS
2026-08-13 04:30:33,214 - INFO - [BAJFINANCE_NS] Inserted 46 rows (duplicates ignored)
2026-08-13 04:30:33,214 - INFO - Inserted 46 rows for BAJFINANCE.NS
2026-08-13 04:30:33,363 - INFO - [ASIANPAINT_NS] Inserted 46 rows (duplicates ignored)
2026-08-13 04:30:33,363 - INFO - Inserted 46 rows for ASIANPAINT.NS
2026-08-13 04:30:33,509 - INFO - [MARUTI_NS] Inserted 46 rows (duplicates ignored)
2026-08-13 04:30:33,509 - INFO - Inserted 46 rows for MARUTI.NS
2026-08-13 04:30:33,667 - INFO - [SUNPHARMA_NS] Inserted 46 rows (duplicates ignored)
2026-08-13 04:30:33,667 - INFO - Inserted 46 rows for SUNPHARMA.NS
2026-08-13 04:30:33,828 - INFO - [WIPRO_NS] Inserted 46 rows (duplicates ignored)
2026-08-13 04:30:33,828 - INFO - Inserted 46 rows for WIPRO.NS
2026-08-13 04:30:33,974 - INFO - [POWERGRID_NS] Inserted 46 rows (duplicates ignored)
2026-08-13 04:30:33,974 - INFO - Inserted 46 rows for POWERGRID.NS
2026-08-13 04:30:34,123 - INFO - [NTPC_NS] Inserted 46 rows (duplicates ignored)
2026-08-13 04:30:34,123 - INFO - Inserted 46 rows for NTPC.NS
2026-08-13 04:30:34,274 - INFO - [ONGC_NS] Inserted 46 rows (duplicates ignored)
2026-08-13 04:30:34,274 - INFO - Inserted 46 rows for ONGC.NS
2026-08-13 04:30:34,289 - INFO - Cycle complete. README updated.
2026-08-13 06:02:53,589 - INFO - Starting data fetch cycle...
2026-08-13 06:02:53,944 - INFO - [RELIANCE_NS] Inserted 138 rows (duplicates ignored)
2026-08-13 06:02:53,944 - INFO - Inserted 138 rows for RELIANCE.NS
2026-08-13 06:02:54,114 - INFO - [HDFCBANK_NS] Inserted 138 rows (duplicates ignored)
2026-08-13 06:02:54,114 - INFO - Inserted 138 rows for HDFCBANK.NS
2026-08-13 06:02:54,271 - INFO - [ICICIBANK_NS] Inserted 138 rows (duplicates ignored)
2026-08-13 06:02:54,271 - INFO - Inserted 138 rows for ICICIBANK.NS
2026-08-13 06:02:54,482 - INFO - [INFY_NS] Inserted 138 rows (duplicates ignored)
2026-08-13 06:02:54,482 - INFO - Inserted 138 rows for INFY.NS
2026-08-13 06:02:54,665 - INFO - [TCS_NS] Inserted 138 rows (duplicates ignored)
2026-08-13 06:02:54,665 - INFO - Inserted 138 rows for TCS.NS
2026-08-13 06:02:54,823 - INFO - [ITC_NS] Inserted 138 rows (duplicates ignored)
2026-08-13 06:02:54,824 - INFO - Inserted 138 rows for ITC.NS
2026-08-13 06:02:54,991 - INFO - [HINDUNILVR_NS] Inserted 138 rows (duplicates ignored)
2026-08-13 06:02:54,991 - INFO - Inserted 138 rows for HINDUNILVR.NS
2026-08-13 06:02:55,160 - INFO - [SBIN_NS] Inserted 138 rows (duplicates ignored)
2026-08-13 06:02:55,160 - INFO - Inserted 138 rows for SBIN.NS
2026-08-13 06:02:55,308 - INFO - [BHARTIARTL_NS] Inserted 138 rows (duplicates ignored)
2026-08-13 06:02:55,308 - INFO - Inserted 138 rows for BHARTIARTL.NS
2026-08-13 06:02:55,477 - INFO - [KOTAKBANK_NS] Inserted 138 rows (duplicates ignored)
2026-08-13 06:02:55,477 - INFO - Inserted 138 rows for KOTAKBANK.NS
2026-08-13 06:02:55,625 - INFO - [LT_NS] Inserted 138 rows (duplicates ignored)
2026-08-13 06:02:55,626 - INFO - Inserted 138 rows for LT.NS
2026-08-13 06:02:55,784 - INFO - [AXISBANK_NS] Inserted 138 rows (duplicates ignored)
2026-08-13 06:02:55,784 - INFO - Inserted 138 rows for AXISBANK.NS
2026-08-13 06:02:55,925 - INFO - [BAJFINANCE_NS] Inserted 138 rows (duplicates ignored)
2026-08-13 06:02:55,925 - INFO - Inserted 138 rows for BAJFINANCE.NS
2026-08-13 06:02:56,134 - INFO - [ASIANPAINT_NS] Inserted 138 rows (duplicates ignored)
2026-08-13 06:02:56,134 - INFO - Inserted 138 rows for ASIANPAINT.NS
2026-08-13 06:02:56,291 - INFO - [MARUTI_NS] Inserted 138 rows (duplicates ignored)
2026-08-13 06:02:56,291 - INFO - Inserted 138 rows for MARUTI.NS
2026-08-13 06:02:56,471 - INFO - [SUNPHARMA_NS] Inserted 138 rows (duplicates ignored)
2026-08-13 06:02:56,471 - INFO - Inserted 138 rows for SUNPHARMA.NS
2026-08-13 06:02:56,626 - INFO - [WIPRO_NS] Inserted 138 rows (duplicates ignored)
2026-08-13 06:02:56,626 - INFO - Inserted 138 rows for WIPRO.NS
2026-08-13 06:02:56,775 - INFO - [POWERGRID_NS] Inserted 138 rows (duplicates ignored)
2026-08-13 06:02:56,775 - INFO - Inserted 138 rows for POWERGRID.NS
2026-08-13 06:02:56,917 - INFO - [NTPC_NS] Inserted 138 rows (duplicates ignored)
2026-08-13 06:02:56,917 - INFO - Inserted 138 rows for NTPC.NS
2026-08-13 06:02:57,089 - INFO - [ONGC_NS] Inserted 138 rows (duplicates ignored)
2026-08-13 06:02:57,090 - INFO - Inserted 138 rows for ONGC.NS
2026-08-13 06:02:57,104 - INFO - Cycle complete. README updated.
2026-08-13 23:12:12,193 - INFO - Starting data fetch cycle...
2026-08-13 23:12:12,762 - INFO - [RELIANCE_NS] Inserted 361 rows (duplicates ignored)
2026-08-13 23:12:12,763 - INFO - Inserted 361 rows for RELIANCE.NS
2026-08-13 23:12:13,010 - INFO - [HDFCBANK_NS] Inserted 361 rows (duplicates ignored)
2026-08-13 23:12:13,010 - INFO - Inserted 361 rows for HDFCBANK.NS
2026-08-13 23:12:13,243 - INFO - [ICICIBANK_NS] Inserted 361 rows (duplicates ignored)
2026-08-13 23:12:13,244 - INFO - Inserted 361 rows for ICICIBANK.NS
2026-08-13 23:12:13,638 - INFO - [INFY_NS] Inserted 361 rows (duplicates ignored)
2026-08-13 23:12:13,638 - INFO - Inserted 361 rows for INFY.NS
2026-08-13 23:12:13,949 - INFO - [TCS_NS] Inserted 361 rows (duplicates ignored)
2026-08-13 23:12:13,950 - INFO - Inserted 361 rows for TCS.NS
2026-08-13 23:12:14,180 - INFO - [ITC_NS] Inserted 361 rows (duplicates ignored)
2026-08-13 23:12:14,180 - INFO - Inserted 361 rows for ITC.NS
2026-08-13 23:12:14,428 - INFO - [HINDUNILVR_NS] Inserted 360 rows (duplicates ignored)
2026-08-13 23:12:14,428 - INFO - Inserted 360 rows for HINDUNILVR.NS
2026-08-13 23:12:14,673 - INFO - [SBIN_NS] Inserted 361 rows (duplicates ignored)
2026-08-13 23:12:14,673 - INFO - Inserted 361 rows for SBIN.NS
2026-08-13 23:12:14,899 - INFO - [BHARTIARTL_NS] Inserted 361 rows (duplicates ignored)
2026-08-13 23:12:14,899 - INFO - Inserted 361 rows for BHARTIARTL.NS
2026-08-13 23:12:15,193 - INFO - [KOTAKBANK_NS] Inserted 361 rows (duplicates ignored)
2026-08-13 23:12:15,194 - INFO - Inserted 361 rows for KOTAKBANK.NS
2026-08-13 23:12:15,419 - INFO - [LT_NS] Inserted 360 rows (duplicates ignored)
2026-08-13 23:12:15,419 - INFO - Inserted 360 rows for LT.NS
2026-08-13 23:12:15,793 - INFO - [AXISBANK_NS] Inserted 361 rows (duplicates ignored)
2026-08-13 23:12:15,793 - INFO - Inserted 361 rows for AXISBANK.NS
2026-08-13 23:12:16,028 - INFO - [BAJFINANCE_NS] Inserted 360 rows (duplicates ignored)
2026-08-13 23:12:16,028 - INFO - Inserted 360 rows for BAJFINANCE.NS
2026-08-13 23:12:16,575 - INFO - [ASIANPAINT_NS] Inserted 360 rows (duplicates ignored)
2026-08-13 23:12:16,575 - INFO - Inserted 360 rows for ASIANPAINT.NS
2026-08-13 23:12:16,937 - INFO - [MARUTI_NS] Inserted 360 rows (duplicates ignored)
2026-08-13 23:12:16,937 - INFO - Inserted 360 rows for MARUTI.NS
2026-08-13 23:12:17,574 - INFO - [SUNPHARMA_NS] Inserted 360 rows (duplicates ignored)
2026-08-13 23:12:17,575 - INFO - Inserted 360 rows for SUNPHARMA.NS
2026-08-13 23:12:18,926 - INFO - [WIPRO_NS] Inserted 361 rows (duplicates ignored)
2026-08-13 23:12:18,926 - INFO - Inserted 361 rows for WIPRO.NS
2026-08-13 23:12:20,155 - INFO - [POWERGRID_NS] Inserted 361 rows (duplicates ignored)
2026-08-13 23:12:20,155 - INFO - Inserted 361 rows for POWERGRID.NS
2026-08-13 23:12:20,525 - INFO - [NTPC_NS] Inserted 361 rows (duplicates ignored)
2026-08-13 23:12:20,525 - INFO - Inserted 361 rows for NTPC.NS
2026-08-13 23:12:20,765 - INFO - [ONGC_NS] Inserted 361 rows (duplicates ignored)
2026-08-13 23:12:20,765 - INFO - Inserted 361 rows for ONGC.NS
2026-08-13 23:12:20,774 - INFO - Cycle complete. README updated.
2026-08-14 00:00:52,805 - INFO - Starting data fetch cycle...
2026-08-14 00:00:53,123 - INFO - [RELIANCE_NS] Inserted 361 rows (duplicates ignored)
2026-08-14 00:00:53,123 - INFO - Inserted 361 rows for RELIANCE.NS
2026-08-14 00:00:53,271 - INFO - [HDFCBANK_NS] Inserted 361 rows (duplicates ignored)
2026-08-14 00:00:53,272 - INFO - Inserted 361 rows for HDFCBANK.NS
2026-08-14 00:00:53,434 - INFO - [ICICIBANK_NS] Inserted 361 rows (duplicates ignored)
2026-08-14 00:00:53,434 - INFO - Inserted 361 rows for ICICIBANK.NS
2026-08-14 00:00:53,581 - INFO - [INFY_NS] Inserted 361 rows (duplicates ignored)
2026-08-14 00:00:53,581 - INFO - Inserted 361 rows for INFY.NS
2026-08-14 00:00:53,717 - INFO - [TCS_NS] Inserted 361 rows (duplicates ignored)
2026-08-14 00:00:53,717 - INFO - Inserted 361 rows for TCS.NS
2026-08-14 00:00:53,868 - INFO - [ITC_NS] Inserted 361 rows (duplicates ignored)
2026-08-14 00:00:53,868 - INFO - Inserted 361 rows for ITC.NS
2026-08-14 00:00:54,005 - INFO - [HINDUNILVR_NS] Inserted 360 rows (duplicates ignored)
2026-08-14 00:00:54,006 - INFO - Inserted 360 rows for HINDUNILVR.NS
2026-08-14 00:00:54,161 - INFO - [SBIN_NS] Inserted 361 rows (duplicates ignored)
2026-08-14 00:00:54,161 - INFO - Inserted 361 rows for SBIN.NS
2026-08-14 00:00:54,287 - INFO - [BHARTIARTL_NS] Inserted 361 rows (duplicates ignored)
2026-08-14 00:00:54,288 - INFO - Inserted 361 rows for BHARTIARTL.NS
2026-08-14 00:00:54,429 - INFO - [KOTAKBANK_NS] Inserted 361 rows (duplicates ignored)
2026-08-14 00:00:54,429 - INFO - Inserted 361 rows for KOTAKBANK.NS
2026-08-14 00:00:54,584 - INFO - [LT_NS] Inserted 360 rows (duplicates ignored)
2026-08-14 00:00:54,584 - INFO - Inserted 360 rows for LT.NS
2026-08-14 00:00:54,744 - INFO - [AXISBANK_NS] Inserted 361 rows (duplicates ignored)
2026-08-14 00:00:54,745 - INFO - Inserted 361 rows for AXISBANK.NS
2026-08-14 00:00:54,864 - INFO - [BAJFINANCE_NS] Inserted 360 rows (duplicates ignored)
2026-08-14 00:00:54,864 - INFO - Inserted 360 rows for BAJFINANCE.NS
2026-08-14 00:00:55,000 - INFO - [ASIANPAINT_NS] Inserted 360 rows (duplicates ignored)
2026-08-14 00:00:55,001 - INFO - Inserted 360 rows for ASIANPAINT.NS
2026-08-14 00:00:55,140 - INFO - [MARUTI_NS] Inserted 360 rows (duplicates ignored)
2026-08-14 00:00:55,140 - INFO - Inserted 360 rows for MARUTI.NS
2026-08-14 00:00:55,296 - INFO - [SUNPHARMA_NS] Inserted 360 rows (duplicates ignored)
2026-08-14 00:00:55,296 - INFO - Inserted 360 rows for SUNPHARMA.NS
2026-08-14 00:00:55,441 - INFO - [WIPRO_NS] Inserted 361 rows (duplicates ignored)
2026-08-14 00:00:55,442 - INFO - Inserted 361 rows for WIPRO.NS
2026-08-14 00:00:55,583 - INFO - [POWERGRID_NS] Inserted 361 rows (duplicates ignored)
2026-08-14 00:00:55,583 - INFO - Inserted 361 rows for POWERGRID.NS
2026-08-14 00:00:55,720 - INFO - [NTPC_NS] Inserted 361 rows (duplicates ignored)
2026-08-14 00:00:55,720 - INFO - Inserted 361 rows for NTPC.NS
2026-08-14 00:00:55,870 - INFO - [ONGC_NS] Inserted 361 rows (duplicates ignored)
2026-08-14 00:00:55,870 - INFO - Inserted 361 rows for ONGC.NS
2026-08-14 00:00:55,886 - INFO - Cycle complete. README updated.
2026-08-14 02:38:14,826 - INFO - Starting data fetch cycle...
2026-08-14 02:38:15,214 - INFO - [RELIANCE_NS] Inserted 361 rows (duplicates ignored)
2026-08-14 02:38:15,215 - INFO - Inserted 361 rows for RELIANCE.NS
2026-08-14 02:38:15,421 - INFO - [HDFCBANK_NS] Inserted 361 rows (duplicates ignored)
2026-08-14 02:38:15,421 - INFO - Inserted 361 rows for HDFCBANK.NS
2026-08-14 02:38:15,564 - INFO - [ICICIBANK_NS] Inserted 361 rows (duplicates ignored)
2026-08-14 02:38:15,564 - INFO - Inserted 361 rows for ICICIBANK.NS
2026-08-14 02:38:15,708 - INFO - [INFY_NS] Inserted 361 rows (duplicates ignored)
2026-08-14 02:38:15,708 - INFO - Inserted 361 rows for INFY.NS
2026-08-14 02:38:15,927 - INFO - [TCS_NS] Inserted 361 rows (duplicates ignored)
2026-08-14 02:38:15,927 - INFO - Inserted 361 rows for TCS.NS
2026-08-14 02:38:16,094 - INFO - [ITC_NS] Inserted 361 rows (duplicates ignored)
2026-08-14 02:38:16,094 - INFO - Inserted 361 rows for ITC.NS
2026-08-14 02:38:16,229 - INFO - [HINDUNILVR_NS] Inserted 360 rows (duplicates ignored)
2026-08-14 02:38:16,229 - INFO - Inserted 360 rows for HINDUNILVR.NS
2026-08-14 02:38:16,393 - INFO - [SBIN_NS] Inserted 361 rows (duplicates ignored)
2026-08-14 02:38:16,394 - INFO - Inserted 361 rows for SBIN.NS
2026-08-14 02:38:16,579 - INFO - [BHARTIARTL_NS] Inserted 361 rows (duplicates ignored)
2026-08-14 02:38:16,579 - INFO - Inserted 361 rows for BHARTIARTL.NS
2026-08-14 02:38:16,775 - INFO - [KOTAKBANK_NS] Inserted 361 rows (duplicates ignored)
2026-08-14 02:38:16,775 - INFO - Inserted 361 rows for KOTAKBANK.NS
2026-08-14 02:38:16,910 - INFO - [LT_NS] Inserted 360 rows (duplicates ignored)
2026-08-14 02:38:16,910 - INFO - Inserted 360 rows for LT.NS
2026-08-14 02:38:17,047 - INFO - [AXISBANK_NS] Inserted 361 rows (duplicates ignored)
2026-08-14 02:38:17,047 - INFO - Inserted 361 rows for AXISBANK.NS
2026-08-14 02:38:17,231 - INFO - [BAJFINANCE_NS] Inserted 360 rows (duplicates ignored)
2026-08-14 02:38:17,231 - INFO - Inserted 360 rows for BAJFINANCE.NS
2026-08-14 02:38:17,405 - INFO - [ASIANPAINT_NS] Inserted 360 rows (duplicates ignored)
2026-08-14 02:38:17,406 - INFO - Inserted 360 rows for ASIANPAINT.NS
2026-08-14 02:38:17,600 - INFO - [MARUTI_NS] Inserted 360 rows (duplicates ignored)
2026-08-14 02:38:17,601 - INFO - Inserted 360 rows for MARUTI.NS
2026-08-14 02:38:17,755 - INFO - [SUNPHARMA_NS] Inserted 360 rows (duplicates ignored)
2026-08-14 02:38:17,755 - INFO - Inserted 360 rows for SUNPHARMA.NS
2026-08-14 02:38:17,929 - INFO - [WIPRO_NS] Inserted 361 rows (duplicates ignored)
2026-08-14 02:38:17,929 - INFO - Inserted 361 rows for WIPRO.NS
2026-08-14 02:38:18,083 - INFO - [POWERGRID_NS] Inserted 361 rows (duplicates ignored)
2026-08-14 02:38:18,083 - INFO - Inserted 361 rows for POWERGRID.NS
2026-08-14 02:38:18,228 - INFO - [NTPC_NS] Inserted 361 rows (duplicates ignored)
2026-08-14 02:38:18,228 - INFO - Inserted 361 rows for NTPC.NS
2026-08-14 02:38:18,381 - INFO - [ONGC_NS] Inserted 361 rows (duplicates ignored)
2026-08-14 02:38:18,381 - INFO - Inserted 361 rows for ONGC.NS
2026-08-14 02:38:18,395 - INFO - Cycle complete. README updated.
2026-08-14 04:28:02,724 - INFO - Starting data fetch cycle...
2026-08-14 04:28:03,051 - INFO - [RELIANCE_NS] Inserted 43 rows (duplicates ignored)
2026-08-14 04:28:03,051 - INFO - Inserted 43 rows for RELIANCE.NS
2026-08-14 04:28:03,231 - INFO - [HDFCBANK_NS] Inserted 44 rows (duplicates ignored)
2026-08-14 04:28:03,231 - INFO - Inserted 44 rows for HDFCBANK.NS
2026-08-14 04:28:03,412 - INFO - [ICICIBANK_NS] Inserted 43 rows (duplicates ignored)
2026-08-14 04:28:03,412 - INFO - Inserted 43 rows for ICICIBANK.NS
2026-08-14 04:28:03,553 - INFO - [INFY_NS] Inserted 43 rows (duplicates ignored)
2026-08-14 04:28:03,553 - INFO - Inserted 43 rows for INFY.NS
2026-08-14 04:28:03,687 - INFO - [TCS_NS] Inserted 43 rows (duplicates ignored)
2026-08-14 04:28:03,687 - INFO - Inserted 43 rows for TCS.NS
2026-08-14 04:28:03,877 - INFO - [ITC_NS] Inserted 44 rows (duplicates ignored)
2026-08-14 04:28:03,877 - INFO - Inserted 44 rows for ITC.NS
2026-08-14 04:28:04,024 - INFO - [HINDUNILVR_NS] Inserted 44 rows (duplicates ignored)
2026-08-14 04:28:04,024 - INFO - Inserted 44 rows for HINDUNILVR.NS
2026-08-14 04:28:04,195 - INFO - [SBIN_NS] Inserted 43 rows (duplicates ignored)
2026-08-14 04:28:04,195 - INFO - Inserted 43 rows for SBIN.NS
2026-08-14 04:28:04,335 - INFO - [BHARTIARTL_NS] Inserted 44 rows (duplicates ignored)
2026-08-14 04:28:04,335 - INFO - Inserted 44 rows for BHARTIARTL.NS
2026-08-14 04:28:04,475 - INFO - [KOTAKBANK_NS] Inserted 43 rows (duplicates ignored)
2026-08-14 04:28:04,475 - INFO - Inserted 43 rows for KOTAKBANK.NS
2026-08-14 04:28:04,612 - INFO - [LT_NS] Inserted 43 rows (duplicates ignored)
2026-08-14 04:28:04,612 - INFO - Inserted 43 rows for LT.NS
2026-08-14 04:28:04,773 - INFO - [AXISBANK_NS] Inserted 44 rows (duplicates ignored)
2026-08-14 04:28:04,774 - INFO - Inserted 44 rows for AXISBANK.NS
2026-08-14 04:28:04,922 - INFO - [BAJFINANCE_NS] Inserted 44 rows (duplicates ignored)
2026-08-14 04:28:04,922 - INFO - Inserted 44 rows for BAJFINANCE.NS
2026-08-14 04:28:05,090 - INFO - [ASIANPAINT_NS] Inserted 44 rows (duplicates ignored)
2026-08-14 04:28:05,090 - INFO - Inserted 44 rows for ASIANPAINT.NS
2026-08-14 04:28:05,232 - INFO - [MARUTI_NS] Inserted 43 rows (duplicates ignored)
2026-08-14 04:28:05,232 - INFO - Inserted 43 rows for MARUTI.NS
2026-08-14 04:28:05,393 - INFO - [SUNPHARMA_NS] Inserted 43 rows (duplicates ignored)
2026-08-14 04:28:05,393 - INFO - Inserted 43 rows for SUNPHARMA.NS
2026-08-14 04:28:05,544 - INFO - [WIPRO_NS] Inserted 43 rows (duplicates ignored)
2026-08-14 04:28:05,545 - INFO - Inserted 43 rows for WIPRO.NS
2026-08-14 04:28:05,690 - INFO - [POWERGRID_NS] Inserted 44 rows (duplicates ignored)
2026-08-14 04:28:05,690 - INFO - Inserted 44 rows for POWERGRID.NS
2026-08-14 04:28:05,815 - INFO - [NTPC_NS] Inserted 44 rows (duplicates ignored)
2026-08-14 04:28:05,816 - INFO - Inserted 44 rows for NTPC.NS
2026-08-14 04:28:05,965 - INFO - [ONGC_NS] Inserted 44 rows (duplicates ignored)
2026-08-14 04:28:05,965 - INFO - Inserted 44 rows for ONGC.NS
2026-08-14 04:28:05,981 - INFO - Cycle complete. README updated.
2026-08-14 06:00:40,274 - INFO - Starting data fetch cycle...
2026-08-14 06:00:40,553 - INFO - [RELIANCE_NS] Inserted 136 rows (duplicates ignored)
2026-08-14 06:00:40,553 - INFO - Inserted 136 rows for RELIANCE.NS
2026-08-14 06:00:40,688 - INFO - [HDFCBANK_NS] Inserted 136 rows (duplicates ignored)
2026-08-14 06:00:40,688 - INFO - Inserted 136 rows for HDFCBANK.NS
2026-08-14 06:00:40,839 - INFO - [ICICIBANK_NS] Inserted 136 rows (duplicates ignored)
2026-08-14 06:00:40,839 - INFO - Inserted 136 rows for ICICIBANK.NS
2026-08-14 06:00:40,990 - INFO - [INFY_NS] Inserted 136 rows (duplicates ignored)
2026-08-14 06:00:40,991 - INFO - Inserted 136 rows for INFY.NS
2026-08-14 06:00:41,175 - INFO - [TCS_NS] Inserted 136 rows (duplicates ignored)
2026-08-14 06:00:41,175 - INFO - Inserted 136 rows for TCS.NS
2026-08-14 06:00:41,334 - INFO - [ITC_NS] Inserted 136 rows (duplicates ignored)
2026-08-14 06:00:41,334 - INFO - Inserted 136 rows for ITC.NS
2026-08-14 06:00:41,493 - INFO - [HINDUNILVR_NS] Inserted 136 rows (duplicates ignored)
2026-08-14 06:00:41,493 - INFO - Inserted 136 rows for HINDUNILVR.NS
2026-08-14 06:00:41,647 - INFO - [SBIN_NS] Inserted 136 rows (duplicates ignored)
2026-08-14 06:00:41,647 - INFO - Inserted 136 rows for SBIN.NS
2026-08-14 06:00:41,805 - INFO - [BHARTIARTL_NS] Inserted 136 rows (duplicates ignored)
2026-08-14 06:00:41,805 - INFO - Inserted 136 rows for BHARTIARTL.NS
2026-08-14 06:00:41,958 - INFO - [KOTAKBANK_NS] Inserted 136 rows (duplicates ignored)
2026-08-14 06:00:41,958 - INFO - Inserted 136 rows for KOTAKBANK.NS
2026-08-14 06:00:42,106 - INFO - [LT_NS] Inserted 136 rows (duplicates ignored)
2026-08-14 06:00:42,107 - INFO - Inserted 136 rows for LT.NS
2026-08-14 06:00:42,267 - INFO - [AXISBANK_NS] Inserted 136 rows (duplicates ignored)
2026-08-14 06:00:42,267 - INFO - Inserted 136 rows for AXISBANK.NS
2026-08-14 06:00:42,415 - INFO - [BAJFINANCE_NS] Inserted 136 rows (duplicates ignored)
2026-08-14 06:00:42,415 - INFO - Inserted 136 rows for BAJFINANCE.NS
2026-08-14 06:00:42,562 - INFO - [ASIANPAINT_NS] Inserted 136 rows (duplicates ignored)
2026-08-14 06:00:42,562 - INFO - Inserted 136 rows for ASIANPAINT.NS
2026-08-14 06:00:42,710 - INFO - [MARUTI_NS] Inserted 136 rows (duplicates ignored)
2026-08-14 06:00:42,710 - INFO - Inserted 136 rows for MARUTI.NS
2026-08-14 06:00:42,893 - INFO - [SUNPHARMA_NS] Inserted 136 rows (duplicates ignored)
2026-08-14 06:00:42,893 - INFO - Inserted 136 rows for SUNPHARMA.NS
2026-08-14 06:00:43,045 - INFO - [WIPRO_NS] Inserted 136 rows (duplicates ignored)
2026-08-14 06:00:43,045 - INFO - Inserted 136 rows for WIPRO.NS
2026-08-14 06:00:43,212 - INFO - [POWERGRID_NS] Inserted 136 rows (duplicates ignored)
2026-08-14 06:00:43,212 - INFO - Inserted 136 rows for POWERGRID.NS
2026-08-14 06:00:43,359 - INFO - [NTPC_NS] Inserted 136 rows (duplicates ignored)
2026-08-14 06:00:43,359 - INFO - Inserted 136 rows for NTPC.NS
2026-08-14 06:00:43,510 - INFO - [ONGC_NS] Inserted 136 rows (duplicates ignored)
2026-08-14 06:00:43,510 - INFO - Inserted 136 rows for ONGC.NS
2026-08-14 06:00:43,523 - INFO - Cycle complete. README updated.
2026-08-16 22:48:33,375 - INFO - Starting data fetch cycle...
2026-08-16 22:48:33,707 - INFO - [RELIANCE_NS] Inserted 360 rows (duplicates ignored)
2026-08-16 22:48:33,707 - INFO - Inserted 360 rows for RELIANCE.NS
2026-08-16 22:48:33,909 - INFO - [HDFCBANK_NS] Inserted 361 rows (duplicates ignored)
2026-08-16 22:48:33,909 - INFO - Inserted 361 rows for HDFCBANK.NS
2026-08-16 22:48:34,059 - INFO - [ICICIBANK_NS] Inserted 360 rows (duplicates ignored)
2026-08-16 22:48:34,059 - INFO - Inserted 360 rows for ICICIBANK.NS
2026-08-16 22:48:34,273 - INFO - [INFY_NS] Inserted 361 rows (duplicates ignored)
2026-08-16 22:48:34,273 - INFO - Inserted 361 rows for INFY.NS
2026-08-16 22:48:34,425 - INFO - [TCS_NS] Inserted 360 rows (duplicates ignored)
2026-08-16 22:48:34,425 - INFO - Inserted 360 rows for TCS.NS
2026-08-16 22:48:34,604 - INFO - [ITC_NS] Inserted 361 rows (duplicates ignored)
2026-08-16 22:48:34,604 - INFO - Inserted 361 rows for ITC.NS
2026-08-16 22:48:34,796 - INFO - [HINDUNILVR_NS] Inserted 361 rows (duplicates ignored)
2026-08-16 22:48:34,796 - INFO - Inserted 361 rows for HINDUNILVR.NS
2026-08-16 22:48:34,965 - INFO - [SBIN_NS] Inserted 361 rows (duplicates ignored)
2026-08-16 22:48:34,966 - INFO - Inserted 361 rows for SBIN.NS
2026-08-16 22:48:35,149 - INFO - [BHARTIARTL_NS] Inserted 360 rows (duplicates ignored)
2026-08-16 22:48:35,149 - INFO - Inserted 360 rows for BHARTIARTL.NS
2026-08-16 22:48:35,317 - INFO - [KOTAKBANK_NS] Inserted 361 rows (duplicates ignored)
2026-08-16 22:48:35,318 - INFO - Inserted 361 rows for KOTAKBANK.NS
2026-08-16 22:48:35,470 - INFO - [LT_NS] Inserted 361 rows (duplicates ignored)
2026-08-16 22:48:35,470 - INFO - Inserted 361 rows for LT.NS
2026-08-16 22:48:35,610 - INFO - [AXISBANK_NS] Inserted 361 rows (duplicates ignored)
2026-08-16 22:48:35,610 - INFO - Inserted 361 rows for AXISBANK.NS
2026-08-16 22:48:35,758 - INFO - [BAJFINANCE_NS] Inserted 361 rows (duplicates ignored)
2026-08-16 22:48:35,758 - INFO - Inserted 361 rows for BAJFINANCE.NS
2026-08-16 22:48:35,947 - INFO - [ASIANPAINT_NS] Inserted 361 rows (duplicates ignored)
2026-08-16 22:48:35,947 - INFO - Inserted 361 rows for ASIANPAINT.NS
2026-08-16 22:48:36,095 - INFO - [MARUTI_NS] Inserted 361 rows (duplicates ignored)
2026-08-16 22:48:36,095 - INFO - Inserted 361 rows for MARUTI.NS
2026-08-16 22:48:36,277 - INFO - [SUNPHARMA_NS] Inserted 361 rows (duplicates ignored)
2026-08-16 22:48:36,277 - INFO - Inserted 361 rows for SUNPHARMA.NS
2026-08-16 22:48:36,566 - INFO - [WIPRO_NS] Inserted 361 rows (duplicates ignored)
2026-08-16 22:48:36,566 - INFO - Inserted 361 rows for WIPRO.NS
2026-08-16 22:48:36,708 - INFO - [POWERGRID_NS] Inserted 361 rows (duplicates ignored)
2026-08-16 22:48:36,708 - INFO - Inserted 361 rows for POWERGRID.NS
2026-08-16 22:48:36,852 - INFO - [NTPC_NS] Inserted 361 rows (duplicates ignored)
2026-08-16 22:48:36,852 - INFO - Inserted 361 rows for NTPC.NS
2026-08-16 22:48:37,006 - INFO - [ONGC_NS] Inserted 361 rows (duplicates ignored)
2026-08-16 22:48:37,006 - INFO - Inserted 361 rows for ONGC.NS
2026-08-16 22:48:37,020 - INFO - Cycle complete. README updated.
2026-08-16 23:04:55,452 - INFO - Starting data fetch cycle...
2026-08-16 23:04:55,802 - INFO - [RELIANCE_NS] Inserted 360 rows (duplicates ignored)
2026-08-16 23:04:55,802 - INFO - Inserted 360 rows for RELIANCE.NS
2026-08-16 23:04:55,959 - INFO - [HDFCBANK_NS] Inserted 361 rows (duplicates ignored)
2026-08-16 23:04:55,959 - INFO - Inserted 361 rows for HDFCBANK.NS
2026-08-16 23:04:56,108 - INFO - [ICICIBANK_NS] Inserted 360 rows (duplicates ignored)
2026-08-16 23:04:56,108 - INFO - Inserted 360 rows for ICICIBANK.NS
2026-08-16 23:04:56,259 - INFO - [INFY_NS] Inserted 361 rows (duplicates ignored)
2026-08-16 23:04:56,259 - INFO - Inserted 361 rows for INFY.NS
2026-08-16 23:04:56,410 - INFO - [TCS_NS] Inserted 360 rows (duplicates ignored)
2026-08-16 23:04:56,410 - INFO - Inserted 360 rows for TCS.NS
2026-08-16 23:04:56,562 - INFO - [ITC_NS] Inserted 361 rows (duplicates ignored)
2026-08-16 23:04:56,562 - INFO - Inserted 361 rows for ITC.NS
2026-08-16 23:04:56,710 - INFO - [HINDUNILVR_NS] Inserted 361 rows (duplicates ignored)
2026-08-16 23:04:56,710 - INFO - Inserted 361 rows for HINDUNILVR.NS
2026-08-16 23:04:56,854 - INFO - [SBIN_NS] Inserted 361 rows (duplicates ignored)
2026-08-16 23:04:56,854 - INFO - Inserted 361 rows for SBIN.NS
2026-08-16 23:04:56,998 - INFO - [BHARTIARTL_NS] Inserted 360 rows (duplicates ignored)
2026-08-16 23:04:56,998 - INFO - Inserted 360 rows for BHARTIARTL.NS
2026-08-16 23:04:57,137 - INFO - [KOTAKBANK_NS] Inserted 361 rows (duplicates ignored)
2026-08-16 23:04:57,137 - INFO - Inserted 361 rows for KOTAKBANK.NS
2026-08-16 23:04:57,277 - INFO - [LT_NS] Inserted 361 rows (duplicates ignored)
2026-08-16 23:04:57,277 - INFO - Inserted 361 rows for LT.NS
2026-08-16 23:04:57,426 - INFO - [AXISBANK_NS] Inserted 361 rows (duplicates ignored)
2026-08-16 23:04:57,426 - INFO - Inserted 361 rows for AXISBANK.NS
2026-08-16 23:04:57,572 - INFO - [BAJFINANCE_NS] Inserted 361 rows (duplicates ignored)
2026-08-16 23:04:57,572 - INFO - Inserted 361 rows for BAJFINANCE.NS
2026-08-16 23:04:57,728 - INFO - [ASIANPAINT_NS] Inserted 361 rows (duplicates ignored)
2026-08-16 23:04:57,728 - INFO - Inserted 361 rows for ASIANPAINT.NS
2026-08-16 23:04:57,878 - INFO - [MARUTI_NS] Inserted 361 rows (duplicates ignored)
2026-08-16 23:04:57,879 - INFO - Inserted 361 rows for MARUTI.NS
2026-08-16 23:04:58,027 - INFO - [SUNPHARMA_NS] Inserted 361 rows (duplicates ignored)
2026-08-16 23:04:58,027 - INFO - Inserted 361 rows for SUNPHARMA.NS
2026-08-16 23:04:58,196 - INFO - [WIPRO_NS] Inserted 361 rows (duplicates ignored)
2026-08-16 23:04:58,197 - INFO - Inserted 361 rows for WIPRO.NS
2026-08-16 23:04:58,326 - INFO - [POWERGRID_NS] Inserted 361 rows (duplicates ignored)
2026-08-16 23:04:58,326 - INFO - Inserted 361 rows for POWERGRID.NS
2026-08-16 23:04:58,465 - INFO - [NTPC_NS] Inserted 361 rows (duplicates ignored)
2026-08-16 23:04:58,465 - INFO - Inserted 361 rows for NTPC.NS
2026-08-16 23:04:58,623 - INFO - [ONGC_NS] Inserted 361 rows (duplicates ignored)
2026-08-16 23:04:58,623 - INFO - Inserted 361 rows for ONGC.NS
2026-08-16 23:04:58,639 - INFO - Cycle complete. README updated.
2026-08-16 23:31:46,726 - INFO - Starting data fetch cycle...
2026-08-16 23:31:46,988 - INFO - [RELIANCE_NS] Inserted 360 rows (duplicates ignored)
2026-08-16 23:31:46,989 - INFO - Inserted 360 rows for RELIANCE.NS
2026-08-16 23:31:47,164 - INFO - [HDFCBANK_NS] Inserted 361 rows (duplicates ignored)
2026-08-16 23:31:47,164 - INFO - Inserted 361 rows for HDFCBANK.NS
2026-08-16 23:31:47,371 - INFO - [ICICIBANK_NS] Inserted 360 rows (duplicates ignored)
2026-08-16 23:31:47,371 - INFO - Inserted 360 rows for ICICIBANK.NS
2026-08-16 23:31:47,565 - INFO - [INFY_NS] Inserted 361 rows (duplicates ignored)
2026-08-16 23:31:47,565 - INFO - Inserted 361 rows for INFY.NS
2026-08-16 23:31:47,722 - INFO - [TCS_NS] Inserted 360 rows (duplicates ignored)
2026-08-16 23:31:47,722 - INFO - Inserted 360 rows for TCS.NS
2026-08-16 23:31:47,868 - INFO - [ITC_NS] Inserted 361 rows (duplicates ignored)
2026-08-16 23:31:47,868 - INFO - Inserted 361 rows for ITC.NS
2026-08-16 23:31:48,014 - INFO - [HINDUNILVR_NS] Inserted 361 rows (duplicates ignored)
2026-08-16 23:31:48,014 - INFO - Inserted 361 rows for HINDUNILVR.NS
2026-08-16 23:31:48,208 - INFO - [SBIN_NS] Inserted 361 rows (duplicates ignored)
2026-08-16 23:31:48,208 - INFO - Inserted 361 rows for SBIN.NS
2026-08-16 23:31:48,415 - INFO - [BHARTIARTL_NS] Inserted 360 rows (duplicates ignored)
2026-08-16 23:31:48,415 - INFO - Inserted 360 rows for BHARTIARTL.NS
2026-08-16 23:31:48,571 - INFO - [KOTAKBANK_NS] Inserted 361 rows (duplicates ignored)
2026-08-16 23:31:48,571 - INFO - Inserted 361 rows for KOTAKBANK.NS
2026-08-16 23:31:48,746 - INFO - [LT_NS] Inserted 361 rows (duplicates ignored)
2026-08-16 23:31:48,746 - INFO - Inserted 361 rows for LT.NS
2026-08-16 23:31:48,911 - INFO - [AXISBANK_NS] Inserted 361 rows (duplicates ignored)
2026-08-16 23:31:48,911 - INFO - Inserted 361 rows for AXISBANK.NS
2026-08-16 23:31:49,045 - INFO - [BAJFINANCE_NS] Inserted 361 rows (duplicates ignored)
2026-08-16 23:31:49,045 - INFO - Inserted 361 rows for BAJFINANCE.NS
2026-08-16 23:31:49,213 - INFO - [ASIANPAINT_NS] Inserted 361 rows (duplicates ignored)
2026-08-16 23:31:49,213 - INFO - Inserted 361 rows for ASIANPAINT.NS
2026-08-16 23:31:49,358 - INFO - [MARUTI_NS] Inserted 361 rows (duplicates ignored)
2026-08-16 23:31:49,359 - INFO - Inserted 361 rows for MARUTI.NS
2026-08-16 23:31:49,532 - INFO - [SUNPHARMA_NS] Inserted 361 rows (duplicates ignored)
2026-08-16 23:31:49,533 - INFO - Inserted 361 rows for SUNPHARMA.NS
2026-08-16 23:31:49,667 - INFO - [WIPRO_NS] Inserted 361 rows (duplicates ignored)
2026-08-16 23:31:49,667 - INFO - Inserted 361 rows for WIPRO.NS
2026-08-16 23:31:49,791 - INFO - [POWERGRID_NS] Inserted 361 rows (duplicates ignored)
2026-08-16 23:31:49,791 - INFO - Inserted 361 rows for POWERGRID.NS
2026-08-16 23:31:49,966 - INFO - [NTPC_NS] Inserted 361 rows (duplicates ignored)
2026-08-16 23:31:49,966 - INFO - Inserted 361 rows for NTPC.NS
2026-08-16 23:31:50,099 - INFO - [ONGC_NS] Inserted 361 rows (duplicates ignored)
2026-08-16 23:31:50,099 - INFO - Inserted 361 rows for ONGC.NS
2026-08-16 23:31:50,111 - INFO - Cycle complete. README updated.
2026-08-16 23:51:39,243 - INFO - Starting data fetch cycle...
2026-08-16 23:51:39,529 - INFO - [RELIANCE_NS] Inserted 360 rows (duplicates ignored)
2026-08-16 23:51:39,530 - INFO - Inserted 360 rows for RELIANCE.NS
2026-08-16 23:51:39,678 - INFO - [HDFCBANK_NS] Inserted 361 rows (duplicates ignored)
2026-08-16 23:51:39,679 - INFO - Inserted 361 rows for HDFCBANK.NS
2026-08-16 23:51:39,876 - INFO - [ICICIBANK_NS] Inserted 360 rows (duplicates ignored)
2026-08-16 23:51:39,876 - INFO - Inserted 360 rows for ICICIBANK.NS
2026-08-16 23:51:40,059 - INFO - [INFY_NS] Inserted 361 rows (duplicates ignored)
2026-08-16 23:51:40,059 - INFO - Inserted 361 rows for INFY.NS
2026-08-16 23:51:40,194 - INFO - [TCS_NS] Inserted 360 rows (duplicates ignored)
2026-08-16 23:51:40,194 - INFO - Inserted 360 rows for TCS.NS
2026-08-16 23:51:40,398 - INFO - [ITC_NS] Inserted 361 rows (duplicates ignored)
2026-08-16 23:51:40,398 - INFO - Inserted 361 rows for ITC.NS
2026-08-16 23:51:40,689 - INFO - [HINDUNILVR_NS] Inserted 361 rows (duplicates ignored)
2026-08-16 23:51:40,689 - INFO - Inserted 361 rows for HINDUNILVR.NS
2026-08-16 23:51:40,835 - INFO - [SBIN_NS] Inserted 361 rows (duplicates ignored)
2026-08-16 23:51:40,835 - INFO - Inserted 361 rows for SBIN.NS
2026-08-16 23:51:40,990 - INFO - [BHARTIARTL_NS] Inserted 360 rows (duplicates ignored)
2026-08-16 23:51:40,990 - INFO - Inserted 360 rows for BHARTIARTL.NS
2026-08-16 23:51:41,178 - INFO - [KOTAKBANK_NS] Inserted 361 rows (duplicates ignored)
2026-08-16 23:51:41,178 - INFO - Inserted 361 rows for KOTAKBANK.NS
2026-08-16 23:51:41,339 - INFO - [LT_NS] Inserted 361 rows (duplicates ignored)
2026-08-16 23:51:41,339 - INFO - Inserted 361 rows for LT.NS
2026-08-16 23:51:41,506 - INFO - [AXISBANK_NS] Inserted 361 rows (duplicates ignored)
2026-08-16 23:51:41,506 - INFO - Inserted 361 rows for AXISBANK.NS
2026-08-16 23:51:41,663 - INFO - [BAJFINANCE_NS] Inserted 361 rows (duplicates ignored)
2026-08-16 23:51:41,663 - INFO - Inserted 361 rows for BAJFINANCE.NS
2026-08-16 23:51:41,832 - INFO - [ASIANPAINT_NS] Inserted 361 rows (duplicates ignored)
2026-08-16 23:51:41,832 - INFO - Inserted 361 rows for ASIANPAINT.NS
2026-08-16 23:51:42,017 - INFO - [MARUTI_NS] Inserted 361 rows (duplicates ignored)
2026-08-16 23:51:42,017 - INFO - Inserted 361 rows for MARUTI.NS
2026-08-16 23:51:42,180 - INFO - [SUNPHARMA_NS] Inserted 361 rows (duplicates ignored)
2026-08-16 23:51:42,181 - INFO - Inserted 361 rows for SUNPHARMA.NS
2026-08-16 23:51:42,358 - INFO - [WIPRO_NS] Inserted 361 rows (duplicates ignored)
2026-08-16 23:51:42,358 - INFO - Inserted 361 rows for WIPRO.NS
2026-08-16 23:51:42,514 - INFO - [POWERGRID_NS] Inserted 361 rows (duplicates ignored)
2026-08-16 23:51:42,514 - INFO - Inserted 361 rows for POWERGRID.NS
2026-08-16 23:51:42,650 - INFO - [NTPC_NS] Inserted 361 rows (duplicates ignored)
2026-08-16 23:51:42,651 - INFO - Inserted 361 rows for NTPC.NS
2026-08-16 23:51:42,817 - INFO - [ONGC_NS] Inserted 361 rows (duplicates ignored)
2026-08-16 23:51:42,817 - INFO - Inserted 361 rows for ONGC.NS
2026-08-16 23:51:42,832 - INFO - Cycle complete. README updated.
2026-08-17 00:53:03,774 - INFO - Starting data fetch cycle...
2026-08-17 00:53:04,241 - INFO - [RELIANCE_NS] Inserted 360 rows (duplicates ignored)
2026-08-17 00:53:04,241 - INFO - Inserted 360 rows for RELIANCE.NS
2026-08-17 00:53:04,413 - INFO - [HDFCBANK_NS] Inserted 361 rows (duplicates ignored)
2026-08-17 00:53:04,413 - INFO - Inserted 361 rows for HDFCBANK.NS
2026-08-17 00:53:04,584 - INFO - [ICICIBANK_NS] Inserted 360 rows (duplicates ignored)
2026-08-17 00:53:04,584 - INFO - Inserted 360 rows for ICICIBANK.NS
2026-08-17 00:53:04,770 - INFO - [INFY_NS] Inserted 361 rows (duplicates ignored)
2026-08-17 00:53:04,770 - INFO - Inserted 361 rows for INFY.NS
2026-08-17 00:53:04,928 - INFO - [TCS_NS] Inserted 360 rows (duplicates ignored)
2026-08-17 00:53:04,928 - INFO - Inserted 360 rows for TCS.NS
2026-08-17 00:53:05,110 - INFO - [ITC_NS] Inserted 361 rows (duplicates ignored)
2026-08-17 00:53:05,110 - INFO - Inserted 361 rows for ITC.NS
2026-08-17 00:53:05,291 - INFO - [HINDUNILVR_NS] Inserted 361 rows (duplicates ignored)
2026-08-17 00:53:05,291 - INFO - Inserted 361 rows for HINDUNILVR.NS
2026-08-17 00:53:05,540 - INFO - [SBIN_NS] Inserted 361 rows (duplicates ignored)
2026-08-17 00:53:05,540 - INFO - Inserted 361 rows for SBIN.NS
2026-08-17 00:53:05,876 - INFO - [BHARTIARTL_NS] Inserted 360 rows (duplicates ignored)
2026-08-17 00:53:05,876 - INFO - Inserted 360 rows for BHARTIARTL.NS
2026-08-17 00:53:06,313 - INFO - [KOTAKBANK_NS] Inserted 361 rows (duplicates ignored)
2026-08-17 00:53:06,313 - INFO - Inserted 361 rows for KOTAKBANK.NS
2026-08-17 00:53:06,680 - INFO - [LT_NS] Inserted 361 rows (duplicates ignored)
2026-08-17 00:53:06,680 - INFO - Inserted 361 rows for LT.NS
2026-08-17 00:53:07,165 - INFO - [AXISBANK_NS] Inserted 361 rows (duplicates ignored)
2026-08-17 00:53:07,165 - INFO - Inserted 361 rows for AXISBANK.NS
2026-08-17 00:53:07,404 - INFO - [BAJFINANCE_NS] Inserted 361 rows (duplicates ignored)
2026-08-17 00:53:07,404 - INFO - Inserted 361 rows for BAJFINANCE.NS
2026-08-17 00:53:07,573 - INFO - [ASIANPAINT_NS] Inserted 361 rows (duplicates ignored)
2026-08-17 00:53:07,573 - INFO - Inserted 361 rows for ASIANPAINT.NS
2026-08-17 00:53:07,739 - INFO - [MARUTI_NS] Inserted 361 rows (duplicates ignored)
2026-08-17 00:53:07,740 - INFO - Inserted 361 rows for MARUTI.NS
2026-08-17 00:53:07,967 - INFO - [SUNPHARMA_NS] Inserted 361 rows (duplicates ignored)
2026-08-17 00:53:07,967 - INFO - Inserted 361 rows for SUNPHARMA.NS
2026-08-17 00:53:08,143 - INFO - [WIPRO_NS] Inserted 361 rows (duplicates ignored)
2026-08-17 00:53:08,144 - INFO - Inserted 361 rows for WIPRO.NS
2026-08-17 00:53:08,314 - INFO - [POWERGRID_NS] Inserted 361 rows (duplicates ignored)
2026-08-17 00:53:08,314 - INFO - Inserted 361 rows for POWERGRID.NS
2026-08-17 00:53:08,471 - INFO - [NTPC_NS] Inserted 361 rows (duplicates ignored)
2026-08-17 00:53:08,471 - INFO - Inserted 361 rows for NTPC.NS
2026-08-17 00:53:08,711 - INFO - [ONGC_NS] Inserted 361 rows (duplicates ignored)
2026-08-17 00:53:08,711 - INFO - Inserted 361 rows for ONGC.NS
2026-08-17 00:53:08,724 - INFO - Cycle complete. README updated.
2026-08-17 02:18:08,059 - INFO - Starting data fetch cycle...
2026-08-17 02:18:08,554 - INFO - [RELIANCE_NS] Inserted 360 rows (duplicates ignored)
2026-08-17 02:18:08,554 - INFO - Inserted 360 rows for RELIANCE.NS
2026-08-17 02:18:08,812 - INFO - [HDFCBANK_NS] Inserted 361 rows (duplicates ignored)
2026-08-17 02:18:08,812 - INFO - Inserted 361 rows for HDFCBANK.NS
2026-08-17 02:18:09,048 - INFO - [ICICIBANK_NS] Inserted 360 rows (duplicates ignored)
2026-08-17 02:18:09,048 - INFO - Inserted 360 rows for ICICIBANK.NS
2026-08-17 02:18:09,343 - INFO - [INFY_NS] Inserted 361 rows (duplicates ignored)
2026-08-17 02:18:09,343 - INFO - Inserted 361 rows for INFY.NS
2026-08-17 02:18:09,569 - INFO - [TCS_NS] Inserted 360 rows (duplicates ignored)
2026-08-17 02:18:09,569 - INFO - Inserted 360 rows for TCS.NS
2026-08-17 02:18:09,799 - INFO - [ITC_NS] Inserted 361 rows (duplicates ignored)
2026-08-17 02:18:09,800 - INFO - Inserted 361 rows for ITC.NS
2026-08-17 02:18:10,044 - INFO - [HINDUNILVR_NS] Inserted 361 rows (duplicates ignored)
2026-08-17 02:18:10,044 - INFO - Inserted 361 rows for HINDUNILVR.NS
2026-08-17 02:18:10,281 - INFO - [SBIN_NS] Inserted 361 rows (duplicates ignored)
2026-08-17 02:18:10,281 - INFO - Inserted 361 rows for SBIN.NS
2026-08-17 02:18:10,506 - INFO - [BHARTIARTL_NS] Inserted 360 rows (duplicates ignored)
2026-08-17 02:18:10,506 - INFO - Inserted 360 rows for BHARTIARTL.NS
2026-08-17 02:18:10,741 - INFO - [KOTAKBANK_NS] Inserted 361 rows (duplicates ignored)
2026-08-17 02:18:10,741 - INFO - Inserted 361 rows for KOTAKBANK.NS
2026-08-17 02:18:11,043 - INFO - [LT_NS] Inserted 361 rows (duplicates ignored)
2026-08-17 02:18:11,043 - INFO - Inserted 361 rows for LT.NS
2026-08-17 02:18:11,271 - INFO - [AXISBANK_NS] Inserted 361 rows (duplicates ignored)
2026-08-17 02:18:11,271 - INFO - Inserted 361 rows for AXISBANK.NS
2026-08-17 02:18:11,508 - INFO - [BAJFINANCE_NS] Inserted 361 rows (duplicates ignored)
2026-08-17 02:18:11,508 - INFO - Inserted 361 rows for BAJFINANCE.NS
2026-08-17 02:18:11,851 - INFO - [ASIANPAINT_NS] Inserted 361 rows (duplicates ignored)
2026-08-17 02:18:11,851 - INFO - Inserted 361 rows for ASIANPAINT.NS
2026-08-17 02:18:12,075 - INFO - [MARUTI_NS] Inserted 361 rows (duplicates ignored)
2026-08-17 02:18:12,075 - INFO - Inserted 361 rows for MARUTI.NS
2026-08-17 02:18:12,331 - INFO - [SUNPHARMA_NS] Inserted 361 rows (duplicates ignored)
2026-08-17 02:18:12,331 - INFO - Inserted 361 rows for SUNPHARMA.NS
2026-08-17 02:18:12,567 - INFO - [WIPRO_NS] Inserted 361 rows (duplicates ignored)
2026-08-17 02:18:12,567 - INFO - Inserted 361 rows for WIPRO.NS
2026-08-17 02:18:12,803 - INFO - [POWERGRID_NS] Inserted 361 rows (duplicates ignored)
2026-08-17 02:18:12,803 - INFO - Inserted 361 rows for POWERGRID.NS
2026-08-17 02:18:13,025 - INFO - [NTPC_NS] Inserted 361 rows (duplicates ignored)
2026-08-17 02:18:13,025 - INFO - Inserted 361 rows for NTPC.NS
2026-08-17 02:18:13,292 - INFO - [ONGC_NS] Inserted 361 rows (duplicates ignored)
2026-08-17 02:18:13,292 - INFO - Inserted 361 rows for ONGC.NS
2026-08-17 02:18:13,304 - INFO - Cycle complete. README updated.
2026-08-17 03:23:53,310 - INFO - Starting data fetch cycle...
2026-08-17 03:23:54,108 - INFO - [RELIANCE_NS] Inserted 360 rows (duplicates ignored)
2026-08-17 03:23:54,108 - INFO - Inserted 360 rows for RELIANCE.NS
2026-08-17 03:23:54,470 - INFO - [HDFCBANK_NS] Inserted 361 rows (duplicates ignored)
2026-08-17 03:23:54,470 - INFO - Inserted 361 rows for HDFCBANK.NS
2026-08-17 03:23:54,791 - INFO - [ICICIBANK_NS] Inserted 360 rows (duplicates ignored)
2026-08-17 03:23:54,791 - INFO - Inserted 360 rows for ICICIBANK.NS
2026-08-17 03:23:55,215 - INFO - [INFY_NS] Inserted 361 rows (duplicates ignored)
2026-08-17 03:23:55,215 - INFO - Inserted 361 rows for INFY.NS
2026-08-17 03:23:55,579 - INFO - [TCS_NS] Inserted 360 rows (duplicates ignored)
2026-08-17 03:23:55,579 - INFO - Inserted 360 rows for TCS.NS
2026-08-17 03:23:55,870 - INFO - [ITC_NS] Inserted 361 rows (duplicates ignored)
2026-08-17 03:23:55,870 - INFO - Inserted 361 rows for ITC.NS
2026-08-17 03:23:56,273 - INFO - [HINDUNILVR_NS] Inserted 361 rows (duplicates ignored)
2026-08-17 03:23:56,273 - INFO - Inserted 361 rows for HINDUNILVR.NS
2026-08-17 03:23:56,675 - INFO - [SBIN_NS] Inserted 361 rows (duplicates ignored)
2026-08-17 03:23:56,675 - INFO - Inserted 361 rows for SBIN.NS
2026-08-17 03:23:57,045 - INFO - [BHARTIARTL_NS] Inserted 360 rows (duplicates ignored)
2026-08-17 03:23:57,046 - INFO - Inserted 360 rows for BHARTIARTL.NS
2026-08-17 03:23:57,410 - INFO - [KOTAKBANK_NS] Inserted 361 rows (duplicates ignored)
2026-08-17 03:23:57,410 - INFO - Inserted 361 rows for KOTAKBANK.NS
2026-08-17 03:23:57,794 - INFO - [LT_NS] Inserted 361 rows (duplicates ignored)
2026-08-17 03:23:57,794 - INFO - Inserted 361 rows for LT.NS
2026-08-17 03:23:58,248 - INFO - [AXISBANK_NS] Inserted 361 rows (duplicates ignored)
2026-08-17 03:23:58,248 - INFO - Inserted 361 rows for AXISBANK.NS
2026-08-17 03:23:58,579 - INFO - [BAJFINANCE_NS] Inserted 361 rows (duplicates ignored)
2026-08-17 03:23:58,579 - INFO - Inserted 361 rows for BAJFINANCE.NS
2026-08-17 03:23:58,981 - INFO - [ASIANPAINT_NS] Inserted 361 rows (duplicates ignored)
2026-08-17 03:23:58,981 - INFO - Inserted 361 rows for ASIANPAINT.NS
2026-08-17 03:23:59,600 - INFO - [MARUTI_NS] Inserted 361 rows (duplicates ignored)
2026-08-17 03:23:59,600 - INFO - Inserted 361 rows for MARUTI.NS
2026-08-17 03:23:59,972 - INFO - [SUNPHARMA_NS] Inserted 361 rows (duplicates ignored)
2026-08-17 03:23:59,972 - INFO - Inserted 361 rows for SUNPHARMA.NS
2026-08-17 03:24:00,364 - INFO - [WIPRO_NS] Inserted 361 rows (duplicates ignored)
2026-08-17 03:24:00,364 - INFO - Inserted 361 rows for WIPRO.NS
2026-08-17 03:24:00,708 - INFO - [POWERGRID_NS] Inserted 361 rows (duplicates ignored)
2026-08-17 03:24:00,708 - INFO - Inserted 361 rows for POWERGRID.NS
2026-08-17 03:24:01,060 - INFO - [NTPC_NS] Inserted 361 rows (duplicates ignored)
2026-08-17 03:24:01,060 - INFO - Inserted 361 rows for NTPC.NS
2026-08-17 03:24:01,441 - INFO - [ONGC_NS] Inserted 361 rows (duplicates ignored)
2026-08-17 03:24:01,441 - INFO - Inserted 361 rows for ONGC.NS
2026-08-17 03:24:01,449 - INFO - Cycle complete. README updated.
2026-08-17 04:11:27,170 - INFO - Starting data fetch cycle...
2026-08-17 04:11:27,485 - INFO - [RELIANCE_NS] Inserted 27 rows (duplicates ignored)
2026-08-17 04:11:27,485 - INFO - Inserted 27 rows for RELIANCE.NS
2026-08-17 04:11:27,647 - INFO - [HDFCBANK_NS] Inserted 27 rows (duplicates ignored)
2026-08-17 04:11:27,647 - INFO - Inserted 27 rows for HDFCBANK.NS
2026-08-17 04:11:27,807 - INFO - [ICICIBANK_NS] Inserted 27 rows (duplicates ignored)
2026-08-17 04:11:27,807 - INFO - Inserted 27 rows for ICICIBANK.NS
2026-08-17 04:11:27,987 - INFO - [INFY_NS] Inserted 27 rows (duplicates ignored)
2026-08-17 04:11:27,987 - INFO - Inserted 27 rows for INFY.NS
2026-08-17 04:11:28,207 - INFO - [TCS_NS] Inserted 27 rows (duplicates ignored)
2026-08-17 04:11:28,207 - INFO - Inserted 27 rows for TCS.NS
2026-08-17 04:11:28,369 - INFO - [ITC_NS] Inserted 27 rows (duplicates ignored)
2026-08-17 04:11:28,369 - INFO - Inserted 27 rows for ITC.NS
2026-08-17 04:11:28,518 - INFO - [HINDUNILVR_NS] Inserted 27 rows (duplicates ignored)
2026-08-17 04:11:28,518 - INFO - Inserted 27 rows for HINDUNILVR.NS
2026-08-17 04:11:28,671 - INFO - [SBIN_NS] Inserted 27 rows (duplicates ignored)
2026-08-17 04:11:28,672 - INFO - Inserted 27 rows for SBIN.NS
2026-08-17 04:11:28,820 - INFO - [BHARTIARTL_NS] Inserted 27 rows (duplicates ignored)
2026-08-17 04:11:28,820 - INFO - Inserted 27 rows for BHARTIARTL.NS
2026-08-17 04:11:29,017 - INFO - [KOTAKBANK_NS] Inserted 27 rows (duplicates ignored)
2026-08-17 04:11:29,017 - INFO - Inserted 27 rows for KOTAKBANK.NS
2026-08-17 04:11:29,167 - INFO - [LT_NS] Inserted 27 rows (duplicates ignored)
2026-08-17 04:11:29,168 - INFO - Inserted 27 rows for LT.NS
2026-08-17 04:11:29,311 - INFO - [AXISBANK_NS] Inserted 27 rows (duplicates ignored)
2026-08-17 04:11:29,311 - INFO - Inserted 27 rows for AXISBANK.NS
2026-08-17 04:11:29,477 - INFO - [BAJFINANCE_NS] Inserted 27 rows (duplicates ignored)
2026-08-17 04:11:29,477 - INFO - Inserted 27 rows for BAJFINANCE.NS
2026-08-17 04:11:29,632 - INFO - [ASIANPAINT_NS] Inserted 27 rows (duplicates ignored)
2026-08-17 04:11:29,632 - INFO - Inserted 27 rows for ASIANPAINT.NS
2026-08-17 04:11:29,779 - INFO - [MARUTI_NS] Inserted 27 rows (duplicates ignored)
2026-08-17 04:11:29,779 - INFO - Inserted 27 rows for MARUTI.NS
2026-08-17 04:11:29,936 - INFO - [SUNPHARMA_NS] Inserted 27 rows (duplicates ignored)
2026-08-17 04:11:29,936 - INFO - Inserted 27 rows for SUNPHARMA.NS
2026-08-17 04:11:30,094 - INFO - [WIPRO_NS] Inserted 27 rows (duplicates ignored)
2026-08-17 04:11:30,094 - INFO - Inserted 27 rows for WIPRO.NS
2026-08-17 04:11:30,236 - INFO - [POWERGRID_NS] Inserted 27 rows (duplicates ignored)
2026-08-17 04:11:30,236 - INFO - Inserted 27 rows for POWERGRID.NS
2026-08-17 04:11:30,385 - INFO - [NTPC_NS] Inserted 27 rows (duplicates ignored)
2026-08-17 04:11:30,385 - INFO - Inserted 27 rows for NTPC.NS
2026-08-17 04:11:30,597 - INFO - [ONGC_NS] Inserted 27 rows (duplicates ignored)
2026-08-17 04:11:30,597 - INFO - Inserted 27 rows for ONGC.NS
2026-08-17 04:11:30,611 - INFO - Cycle complete. README updated.
2026-08-17 04:59:40,850 - INFO - Starting data fetch cycle...
2026-08-17 04:59:41,669 - INFO - [RELIANCE_NS] Inserted 75 rows (duplicates ignored)
2026-08-17 04:59:41,669 - INFO - Inserted 75 rows for RELIANCE.NS
2026-08-17 04:59:41,943 - INFO - [HDFCBANK_NS] Inserted 75 rows (duplicates ignored)
2026-08-17 04:59:41,943 - INFO - Inserted 75 rows for HDFCBANK.NS
2026-08-17 04:59:42,215 - INFO - [ICICIBANK_NS] Inserted 75 rows (duplicates ignored)
2026-08-17 04:59:42,216 - INFO - Inserted 75 rows for ICICIBANK.NS
2026-08-17 04:59:42,488 - INFO - [INFY_NS] Inserted 75 rows (duplicates ignored)
2026-08-17 04:59:42,488 - INFO - Inserted 75 rows for INFY.NS
2026-08-17 04:59:42,753 - INFO - [TCS_NS] Inserted 75 rows (duplicates ignored)
2026-08-17 04:59:42,753 - INFO - Inserted 75 rows for TCS.NS
2026-08-17 04:59:43,029 - INFO - [ITC_NS] Inserted 75 rows (duplicates ignored)
2026-08-17 04:59:43,030 - INFO - Inserted 75 rows for ITC.NS
2026-08-17 04:59:43,324 - INFO - [HINDUNILVR_NS] Inserted 75 rows (duplicates ignored)
2026-08-17 04:59:43,324 - INFO - Inserted 75 rows for HINDUNILVR.NS
2026-08-17 04:59:43,599 - INFO - [SBIN_NS] Inserted 75 rows (duplicates ignored)
2026-08-17 04:59:43,599 - INFO - Inserted 75 rows for SBIN.NS
2026-08-17 04:59:43,864 - INFO - [BHARTIARTL_NS] Inserted 75 rows (duplicates ignored)
2026-08-17 04:59:43,865 - INFO - Inserted 75 rows for BHARTIARTL.NS
2026-08-17 04:59:44,137 - INFO - [KOTAKBANK_NS] Inserted 75 rows (duplicates ignored)
2026-08-17 04:59:44,137 - INFO - Inserted 75 rows for KOTAKBANK.NS
2026-08-17 04:59:44,412 - INFO - [LT_NS] Inserted 75 rows (duplicates ignored)
2026-08-17 04:59:44,412 - INFO - Inserted 75 rows for LT.NS
2026-08-17 04:59:44,685 - INFO - [AXISBANK_NS] Inserted 75 rows (duplicates ignored)
2026-08-17 04:59:44,685 - INFO - Inserted 75 rows for AXISBANK.NS
2026-08-17 04:59:45,042 - INFO - [BAJFINANCE_NS] Inserted 75 rows (duplicates ignored)
2026-08-17 04:59:45,043 - INFO - Inserted 75 rows for BAJFINANCE.NS
2026-08-17 04:59:45,320 - INFO - [ASIANPAINT_NS] Inserted 75 rows (duplicates ignored)
2026-08-17 04:59:45,320 - INFO - Inserted 75 rows for ASIANPAINT.NS
2026-08-17 04:59:45,593 - INFO - [MARUTI_NS] Inserted 75 rows (duplicates ignored)
2026-08-17 04:59:45,593 - INFO - Inserted 75 rows for MARUTI.NS
2026-08-17 04:59:45,877 - INFO - [SUNPHARMA_NS] Inserted 75 rows (duplicates ignored)
2026-08-17 04:59:45,877 - INFO - Inserted 75 rows for SUNPHARMA.NS
2026-08-17 04:59:46,150 - INFO - [WIPRO_NS] Inserted 75 rows (duplicates ignored)
2026-08-17 04:59:46,150 - INFO - Inserted 75 rows for WIPRO.NS
2026-08-17 04:59:46,480 - INFO - [POWERGRID_NS] Inserted 75 rows (duplicates ignored)
2026-08-17 04:59:46,481 - INFO - Inserted 75 rows for POWERGRID.NS
2026-08-17 04:59:46,863 - INFO - [NTPC_NS] Inserted 75 rows (duplicates ignored)
2026-08-17 04:59:46,863 - INFO - Inserted 75 rows for NTPC.NS
2026-08-17 04:59:47,141 - INFO - [ONGC_NS] Inserted 75 rows (duplicates ignored)
2026-08-17 04:59:47,141 - INFO - Inserted 75 rows for ONGC.NS
2026-08-17 04:59:47,150 - INFO - Cycle complete. README updated.
2026-08-17 05:43:38,840 - INFO - Starting data fetch cycle...
2026-08-17 05:43:39,225 - INFO - [RELIANCE_NS] Inserted 119 rows (duplicates ignored)
2026-08-17 05:43:39,225 - INFO - Inserted 119 rows for RELIANCE.NS
2026-08-17 05:43:39,452 - INFO - [HDFCBANK_NS] Inserted 119 rows (duplicates ignored)
2026-08-17 05:43:39,452 - INFO - Inserted 119 rows for HDFCBANK.NS
2026-08-17 05:43:39,590 - INFO - [ICICIBANK_NS] Inserted 119 rows (duplicates ignored)
2026-08-17 05:43:39,590 - INFO - Inserted 119 rows for ICICIBANK.NS
2026-08-17 05:43:39,775 - INFO - [INFY_NS] Inserted 119 rows (duplicates ignored)
2026-08-17 05:43:39,775 - INFO - Inserted 119 rows for INFY.NS
2026-08-17 05:43:39,910 - INFO - [TCS_NS] Inserted 119 rows (duplicates ignored)
2026-08-17 05:43:39,910 - INFO - Inserted 119 rows for TCS.NS
2026-08-17 05:43:40,100 - INFO - [ITC_NS] Inserted 119 rows (duplicates ignored)
2026-08-17 05:43:40,100 - INFO - Inserted 119 rows for ITC.NS
2026-08-17 05:43:40,306 - INFO - [HINDUNILVR_NS] Inserted 119 rows (duplicates ignored)
2026-08-17 05:43:40,307 - INFO - Inserted 119 rows for HINDUNILVR.NS
2026-08-17 05:43:40,493 - INFO - [SBIN_NS] Inserted 119 rows (duplicates ignored)
2026-08-17 05:43:40,493 - INFO - Inserted 119 rows for SBIN.NS
2026-08-17 05:43:40,691 - INFO - [BHARTIARTL_NS] Inserted 119 rows (duplicates ignored)
2026-08-17 05:43:40,691 - INFO - Inserted 119 rows for BHARTIARTL.NS
2026-08-17 05:43:40,876 - INFO - [KOTAKBANK_NS] Inserted 119 rows (duplicates ignored)
2026-08-17 05:43:40,877 - INFO - Inserted 119 rows for KOTAKBANK.NS
2026-08-17 05:43:41,053 - INFO - [LT_NS] Inserted 119 rows (duplicates ignored)
2026-08-17 05:43:41,053 - INFO - Inserted 119 rows for LT.NS
2026-08-17 05:43:41,187 - INFO - [AXISBANK_NS] Inserted 119 rows (duplicates ignored)
2026-08-17 05:43:41,188 - INFO - Inserted 119 rows for AXISBANK.NS
2026-08-17 05:43:41,372 - INFO - [BAJFINANCE_NS] Inserted 119 rows (duplicates ignored)
2026-08-17 05:43:41,373 - INFO - Inserted 119 rows for BAJFINANCE.NS
2026-08-17 05:43:41,527 - INFO - [ASIANPAINT_NS] Inserted 119 rows (duplicates ignored)
2026-08-17 05:43:41,527 - INFO - Inserted 119 rows for ASIANPAINT.NS
2026-08-17 05:43:41,661 - INFO - [MARUTI_NS] Inserted 119 rows (duplicates ignored)
2026-08-17 05:43:41,662 - INFO - Inserted 119 rows for MARUTI.NS
2026-08-17 05:43:41,867 - INFO - [SUNPHARMA_NS] Inserted 119 rows (duplicates ignored)
2026-08-17 05:43:41,867 - INFO - Inserted 119 rows for SUNPHARMA.NS
2026-08-17 05:43:42,057 - INFO - [WIPRO_NS] Inserted 119 rows (duplicates ignored)
2026-08-17 05:43:42,057 - INFO - Inserted 119 rows for WIPRO.NS
2026-08-17 05:43:42,243 - INFO - [POWERGRID_NS] Inserted 119 rows (duplicates ignored)
2026-08-17 05:43:42,243 - INFO - Inserted 119 rows for POWERGRID.NS
2026-08-17 05:43:42,429 - INFO - [NTPC_NS] Inserted 119 rows (duplicates ignored)
2026-08-17 05:43:42,429 - INFO - Inserted 119 rows for NTPC.NS
2026-08-17 05:43:42,623 - INFO - [ONGC_NS] Inserted 119 rows (duplicates ignored)
2026-08-17 05:43:42,623 - INFO - Inserted 119 rows for ONGC.NS
2026-08-17 05:43:42,637 - INFO - Cycle complete. README updated.
2026-08-17 22:51:47,366 - INFO - Starting data fetch cycle...
2026-08-17 22:51:47,779 - INFO - [RELIANCE_NS] Inserted 361 rows (duplicates ignored)
2026-08-17 22:51:47,779 - INFO - Inserted 361 rows for RELIANCE.NS
2026-08-17 22:51:47,916 - INFO - [HDFCBANK_NS] Inserted 361 rows (duplicates ignored)
2026-08-17 22:51:47,916 - INFO - Inserted 361 rows for HDFCBANK.NS
2026-08-17 22:51:48,073 - INFO - [ICICIBANK_NS] Inserted 361 rows (duplicates ignored)
2026-08-17 22:51:48,073 - INFO - Inserted 361 rows for ICICIBANK.NS
2026-08-17 22:51:48,210 - INFO - [INFY_NS] Inserted 361 rows (duplicates ignored)
2026-08-17 22:51:48,211 - INFO - Inserted 361 rows for INFY.NS
2026-08-17 22:51:48,348 - INFO - [TCS_NS] Inserted 361 rows (duplicates ignored)
2026-08-17 22:51:48,348 - INFO - Inserted 361 rows for TCS.NS
2026-08-17 22:51:48,505 - INFO - [ITC_NS] Inserted 361 rows (duplicates ignored)
2026-08-17 22:51:48,505 - INFO - Inserted 361 rows for ITC.NS
2026-08-17 22:51:48,723 - INFO - [HINDUNILVR_NS] Inserted 361 rows (duplicates ignored)
2026-08-17 22:51:48,723 - INFO - Inserted 361 rows for HINDUNILVR.NS
2026-08-17 22:51:48,879 - INFO - [SBIN_NS] Inserted 361 rows (duplicates ignored)
2026-08-17 22:51:48,879 - INFO - Inserted 361 rows for SBIN.NS
2026-08-17 22:51:49,026 - INFO - [BHARTIARTL_NS] Inserted 360 rows (duplicates ignored)
2026-08-17 22:51:49,026 - INFO - Inserted 360 rows for BHARTIARTL.NS
2026-08-17 22:51:49,172 - INFO - [KOTAKBANK_NS] Inserted 361 rows (duplicates ignored)
2026-08-17 22:51:49,173 - INFO - Inserted 361 rows for KOTAKBANK.NS
2026-08-17 22:51:49,321 - INFO - [LT_NS] Inserted 361 rows (duplicates ignored)
2026-08-17 22:51:49,321 - INFO - Inserted 361 rows for LT.NS
2026-08-17 22:51:49,488 - INFO - [AXISBANK_NS] Inserted 361 rows (duplicates ignored)
2026-08-17 22:51:49,488 - INFO - Inserted 361 rows for AXISBANK.NS
2026-08-17 22:51:49,647 - INFO - [BAJFINANCE_NS] Inserted 361 rows (duplicates ignored)
2026-08-17 22:51:49,647 - INFO - Inserted 361 rows for BAJFINANCE.NS
2026-08-17 22:51:49,793 - INFO - [ASIANPAINT_NS] Inserted 360 rows (duplicates ignored)
2026-08-17 22:51:49,793 - INFO - Inserted 360 rows for ASIANPAINT.NS
2026-08-17 22:51:49,949 - INFO - [MARUTI_NS] Inserted 360 rows (duplicates ignored)
2026-08-17 22:51:49,949 - INFO - Inserted 360 rows for MARUTI.NS
2026-08-17 22:51:50,109 - INFO - [SUNPHARMA_NS] Inserted 361 rows (duplicates ignored)
2026-08-17 22:51:50,109 - INFO - Inserted 361 rows for SUNPHARMA.NS
2026-08-17 22:51:50,250 - INFO - [WIPRO_NS] Inserted 360 rows (duplicates ignored)
2026-08-17 22:51:50,250 - INFO - Inserted 360 rows for WIPRO.NS
2026-08-17 22:51:50,427 - INFO - [POWERGRID_NS] Inserted 361 rows (duplicates ignored)
2026-08-17 22:51:50,428 - INFO - Inserted 361 rows for POWERGRID.NS
2026-08-17 22:51:50,569 - INFO - [NTPC_NS] Inserted 361 rows (duplicates ignored)
2026-08-17 22:51:50,569 - INFO - Inserted 361 rows for NTPC.NS
2026-08-17 22:51:50,731 - INFO - [ONGC_NS] Inserted 361 rows (duplicates ignored)
2026-08-17 22:51:50,731 - INFO - Inserted 361 rows for ONGC.NS
2026-08-17 22:51:50,745 - INFO - Cycle complete. README updated.
2026-08-17 23:16:52,644 - INFO - Starting data fetch cycle...
2026-08-17 23:16:53,314 - INFO - [RELIANCE_NS] Inserted 361 rows (duplicates ignored)
2026-08-17 23:16:53,314 - INFO - Inserted 361 rows for RELIANCE.NS
2026-08-17 23:16:53,476 - INFO - [HDFCBANK_NS] Inserted 361 rows (duplicates ignored)
2026-08-17 23:16:53,476 - INFO - Inserted 361 rows for HDFCBANK.NS
2026-08-17 23:16:53,634 - INFO - [ICICIBANK_NS] Inserted 361 rows (duplicates ignored)
2026-08-17 23:16:53,635 - INFO - Inserted 361 rows for ICICIBANK.NS
2026-08-17 23:16:53,823 - INFO - [INFY_NS] Inserted 361 rows (duplicates ignored)
2026-08-17 23:16:53,823 - INFO - Inserted 361 rows for INFY.NS
2026-08-17 23:16:53,981 - INFO - [TCS_NS] Inserted 361 rows (duplicates ignored)
2026-08-17 23:16:53,981 - INFO - Inserted 361 rows for TCS.NS
2026-08-17 23:16:54,131 - INFO - [ITC_NS] Inserted 361 rows (duplicates ignored)
2026-08-17 23:16:54,131 - INFO - Inserted 361 rows for ITC.NS
2026-08-17 23:16:54,298 - INFO - [HINDUNILVR_NS] Inserted 361 rows (duplicates ignored)
2026-08-17 23:16:54,298 - INFO - Inserted 361 rows for HINDUNILVR.NS
2026-08-17 23:16:54,457 - INFO - [SBIN_NS] Inserted 361 rows (duplicates ignored)
2026-08-17 23:16:54,457 - INFO - Inserted 361 rows for SBIN.NS
2026-08-17 23:16:54,607 - INFO - [BHARTIARTL_NS] Inserted 360 rows (duplicates ignored)
2026-08-17 23:16:54,608 - INFO - Inserted 360 rows for BHARTIARTL.NS
2026-08-17 23:16:54,817 - INFO - [KOTAKBANK_NS] Inserted 361 rows (duplicates ignored)
2026-08-17 23:16:54,817 - INFO - Inserted 361 rows for KOTAKBANK.NS
2026-08-17 23:16:55,020 - INFO - [LT_NS] Inserted 361 rows (duplicates ignored)
2026-08-17 23:16:55,020 - INFO - Inserted 361 rows for LT.NS
2026-08-17 23:16:55,169 - INFO - [AXISBANK_NS] Inserted 361 rows (duplicates ignored)
2026-08-17 23:16:55,169 - INFO - Inserted 361 rows for AXISBANK.NS
2026-08-17 23:16:55,358 - INFO - [BAJFINANCE_NS] Inserted 361 rows (duplicates ignored)
2026-08-17 23:16:55,358 - INFO - Inserted 361 rows for BAJFINANCE.NS
2026-08-17 23:16:55,517 - INFO - [ASIANPAINT_NS] Inserted 360 rows (duplicates ignored)
2026-08-17 23:16:55,518 - INFO - Inserted 360 rows for ASIANPAINT.NS
2026-08-17 23:16:55,665 - INFO - [MARUTI_NS] Inserted 360 rows (duplicates ignored)
2026-08-17 23:16:55,666 - INFO - Inserted 360 rows for MARUTI.NS
2026-08-17 23:16:55,921 - INFO - [SUNPHARMA_NS] Inserted 361 rows (duplicates ignored)
2026-08-17 23:16:55,922 - INFO - Inserted 361 rows for SUNPHARMA.NS
2026-08-17 23:16:56,132 - INFO - [WIPRO_NS] Inserted 360 rows (duplicates ignored)
2026-08-17 23:16:56,133 - INFO - Inserted 360 rows for WIPRO.NS
2026-08-17 23:16:56,291 - INFO - [POWERGRID_NS] Inserted 361 rows (duplicates ignored)
2026-08-17 23:16:56,291 - INFO - Inserted 361 rows for POWERGRID.NS
2026-08-17 23:16:56,450 - INFO - [NTPC_NS] Inserted 361 rows (duplicates ignored)
2026-08-17 23:16:56,450 - INFO - Inserted 361 rows for NTPC.NS
2026-08-17 23:16:56,620 - INFO - [ONGC_NS] Inserted 361 rows (duplicates ignored)
2026-08-17 23:16:56,621 - INFO - Inserted 361 rows for ONGC.NS
2026-08-17 23:16:56,634 - INFO - Cycle complete. README updated.
2026-08-17 23:41:37,335 - INFO - Starting data fetch cycle...
2026-08-17 23:41:38,106 - INFO - [RELIANCE_NS] Inserted 361 rows (duplicates ignored)
2026-08-17 23:41:38,106 - INFO - Inserted 361 rows for RELIANCE.NS
2026-08-17 23:41:38,618 - INFO - [HDFCBANK_NS] Inserted 361 rows (duplicates ignored)
2026-08-17 23:41:38,618 - INFO - Inserted 361 rows for HDFCBANK.NS
2026-08-17 23:41:39,065 - INFO - [ICICIBANK_NS] Inserted 361 rows (duplicates ignored)
2026-08-17 23:41:39,065 - INFO - Inserted 361 rows for ICICIBANK.NS
2026-08-17 23:41:39,869 - INFO - [INFY_NS] Inserted 361 rows (duplicates ignored)
2026-08-17 23:41:39,870 - INFO - Inserted 361 rows for INFY.NS
2026-08-17 23:41:40,783 - INFO - [TCS_NS] Inserted 361 rows (duplicates ignored)
2026-08-17 23:41:40,784 - INFO - Inserted 361 rows for TCS.NS
2026-08-17 23:41:41,511 - INFO - [ITC_NS] Inserted 361 rows (duplicates ignored)
2026-08-17 23:41:41,511 - INFO - Inserted 361 rows for ITC.NS
2026-08-17 23:41:41,758 - INFO - [HINDUNILVR_NS] Inserted 361 rows (duplicates ignored)
2026-08-17 23:41:41,758 - INFO - Inserted 361 rows for HINDUNILVR.NS
2026-08-17 23:41:41,958 - INFO - [SBIN_NS] Inserted 361 rows (duplicates ignored)
2026-08-17 23:41:41,959 - INFO - Inserted 361 rows for SBIN.NS
2026-08-17 23:41:42,119 - INFO - [BHARTIARTL_NS] Inserted 360 rows (duplicates ignored)
2026-08-17 23:41:42,119 - INFO - Inserted 360 rows for BHARTIARTL.NS
2026-08-17 23:41:42,769 - INFO - [KOTAKBANK_NS] Inserted 361 rows (duplicates ignored)
2026-08-17 23:41:42,769 - INFO - Inserted 361 rows for KOTAKBANK.NS
2026-08-17 23:41:42,942 - INFO - [LT_NS] Inserted 361 rows (duplicates ignored)
2026-08-17 23:41:42,942 - INFO - Inserted 361 rows for LT.NS
2026-08-17 23:41:43,154 - INFO - [AXISBANK_NS] Inserted 361 rows (duplicates ignored)
2026-08-17 23:41:43,154 - INFO - Inserted 361 rows for AXISBANK.NS
2026-08-17 23:41:43,316 - INFO - [BAJFINANCE_NS] Inserted 361 rows (duplicates ignored)
2026-08-17 23:41:43,316 - INFO - Inserted 361 rows for BAJFINANCE.NS
2026-08-17 23:41:43,621 - INFO - [ASIANPAINT_NS] Inserted 360 rows (duplicates ignored)
2026-08-17 23:41:43,621 - INFO - Inserted 360 rows for ASIANPAINT.NS
2026-08-17 23:41:43,804 - INFO - [MARUTI_NS] Inserted 360 rows (duplicates ignored)
2026-08-17 23:41:43,804 - INFO - Inserted 360 rows for MARUTI.NS
2026-08-17 23:41:44,036 - INFO - [SUNPHARMA_NS] Inserted 361 rows (duplicates ignored)
2026-08-17 23:41:44,036 - INFO - Inserted 361 rows for SUNPHARMA.NS
2026-08-17 23:41:44,190 - INFO - [WIPRO_NS] Inserted 360 rows (duplicates ignored)
2026-08-17 23:41:44,190 - INFO - Inserted 360 rows for WIPRO.NS
2026-08-17 23:41:44,353 - INFO - [POWERGRID_NS] Inserted 361 rows (duplicates ignored)
2026-08-17 23:41:44,353 - INFO - Inserted 361 rows for POWERGRID.NS
2026-08-17 23:41:44,516 - INFO - [NTPC_NS] Inserted 361 rows (duplicates ignored)
2026-08-17 23:41:44,516 - INFO - Inserted 361 rows for NTPC.NS
2026-08-17 23:41:44,708 - INFO - [ONGC_NS] Inserted 361 rows (duplicates ignored)
2026-08-17 23:41:44,708 - INFO - Inserted 361 rows for ONGC.NS
2026-08-17 23:41:44,718 - INFO - Cycle complete. README updated.
2026-08-18 00:00:29,699 - INFO - Starting data fetch cycle...
2026-08-18 00:00:31,086 - INFO - [RELIANCE_NS] Inserted 361 rows (duplicates ignored)
2026-08-18 00:00:31,087 - INFO - Inserted 361 rows for RELIANCE.NS
2026-08-18 00:00:32,291 - INFO - [HDFCBANK_NS] Inserted 361 rows (duplicates ignored)
2026-08-18 00:00:32,292 - INFO - Inserted 361 rows for HDFCBANK.NS
2026-08-18 00:00:32,689 - INFO - [ICICIBANK_NS] Inserted 361 rows (duplicates ignored)
2026-08-18 00:00:32,689 - INFO - Inserted 361 rows for ICICIBANK.NS
2026-08-18 00:00:33,198 - INFO - [INFY_NS] Inserted 361 rows (duplicates ignored)
2026-08-18 00:00:33,198 - INFO - Inserted 361 rows for INFY.NS
2026-08-18 00:00:33,728 - INFO - [TCS_NS] Inserted 361 rows (duplicates ignored)
2026-08-18 00:00:33,729 - INFO - Inserted 361 rows for TCS.NS
2026-08-18 00:00:34,238 - INFO - [ITC_NS] Inserted 361 rows (duplicates ignored)
2026-08-18 00:00:34,238 - INFO - Inserted 361 rows for ITC.NS
2026-08-18 00:00:34,707 - INFO - [HINDUNILVR_NS] Inserted 361 rows (duplicates ignored)
2026-08-18 00:00:34,708 - INFO - Inserted 361 rows for HINDUNILVR.NS
2026-08-18 00:00:35,106 - INFO - [SBIN_NS] Inserted 361 rows (duplicates ignored)
2026-08-18 00:00:35,106 - INFO - Inserted 361 rows for SBIN.NS
2026-08-18 00:00:35,522 - INFO - [BHARTIARTL_NS] Inserted 360 rows (duplicates ignored)
2026-08-18 00:00:35,522 - INFO - Inserted 360 rows for BHARTIARTL.NS
2026-08-18 00:00:35,990 - INFO - [KOTAKBANK_NS] Inserted 361 rows (duplicates ignored)
2026-08-18 00:00:35,990 - INFO - Inserted 361 rows for KOTAKBANK.NS
2026-08-18 00:00:36,347 - INFO - [LT_NS] Inserted 361 rows (duplicates ignored)
2026-08-18 00:00:36,347 - INFO - Inserted 361 rows for LT.NS
2026-08-18 00:00:37,002 - INFO - [AXISBANK_NS] Inserted 361 rows (duplicates ignored)
2026-08-18 00:00:37,002 - INFO - Inserted 361 rows for AXISBANK.NS
2026-08-18 00:00:37,479 - INFO - [BAJFINANCE_NS] Inserted 361 rows (duplicates ignored)
2026-08-18 00:00:37,480 - INFO - Inserted 361 rows for BAJFINANCE.NS
2026-08-18 00:00:37,938 - INFO - [ASIANPAINT_NS] Inserted 360 rows (duplicates ignored)
2026-08-18 00:00:37,938 - INFO - Inserted 360 rows for ASIANPAINT.NS
2026-08-18 00:00:38,375 - INFO - [MARUTI_NS] Inserted 360 rows (duplicates ignored)
2026-08-18 00:00:38,376 - INFO - Inserted 360 rows for MARUTI.NS
2026-08-18 00:00:38,808 - INFO - [SUNPHARMA_NS] Inserted 361 rows (duplicates ignored)
2026-08-18 00:00:38,808 - INFO - Inserted 361 rows for SUNPHARMA.NS
2026-08-18 00:00:39,165 - INFO - [WIPRO_NS] Inserted 360 rows (duplicates ignored)
2026-08-18 00:00:39,165 - INFO - Inserted 360 rows for WIPRO.NS
2026-08-18 00:00:39,615 - INFO - [POWERGRID_NS] Inserted 361 rows (duplicates ignored)
2026-08-18 00:00:39,615 - INFO - Inserted 361 rows for POWERGRID.NS
2026-08-18 00:00:40,028 - INFO - [NTPC_NS] Inserted 361 rows (duplicates ignored)
2026-08-18 00:00:40,029 - INFO - Inserted 361 rows for NTPC.NS
2026-08-18 00:00:40,518 - INFO - [ONGC_NS] Inserted 361 rows (duplicates ignored)
2026-08-18 00:00:40,518 - INFO - Inserted 361 rows for ONGC.NS
2026-08-18 00:00:40,530 - INFO - Cycle complete. README updated.
2026-08-18 01:46:02,152 - INFO - Starting data fetch cycle...
2026-08-18 01:46:02,545 - INFO - [RELIANCE_NS] Inserted 361 rows (duplicates ignored)
2026-08-18 01:46:02,545 - INFO - Inserted 361 rows for RELIANCE.NS
2026-08-18 01:46:02,737 - INFO - [HDFCBANK_NS] Inserted 361 rows (duplicates ignored)
2026-08-18 01:46:02,737 - INFO - Inserted 361 rows for HDFCBANK.NS
2026-08-18 01:46:03,005 - INFO - [ICICIBANK_NS] Inserted 361 rows (duplicates ignored)
2026-08-18 01:46:03,005 - INFO - Inserted 361 rows for ICICIBANK.NS
2026-08-18 01:46:03,493 - INFO - [INFY_NS] Inserted 361 rows (duplicates ignored)
2026-08-18 01:46:03,493 - INFO - Inserted 361 rows for INFY.NS
2026-08-18 01:46:03,753 - INFO - [TCS_NS] Inserted 361 rows (duplicates ignored)
2026-08-18 01:46:03,753 - INFO - Inserted 361 rows for TCS.NS
2026-08-18 01:46:03,921 - INFO - [ITC_NS] Inserted 361 rows (duplicates ignored)
2026-08-18 01:46:03,921 - INFO - Inserted 361 rows for ITC.NS
2026-08-18 01:46:04,167 - INFO - [HINDUNILVR_NS] Inserted 361 rows (duplicates ignored)
2026-08-18 01:46:04,167 - INFO - Inserted 361 rows for HINDUNILVR.NS
2026-08-18 01:46:04,443 - INFO - [SBIN_NS] Inserted 361 rows (duplicates ignored)
2026-08-18 01:46:04,443 - INFO - Inserted 361 rows for SBIN.NS
2026-08-18 01:46:04,744 - INFO - [BHARTIARTL_NS] Inserted 360 rows (duplicates ignored)
2026-08-18 01:46:04,744 - INFO - Inserted 360 rows for BHARTIARTL.NS
2026-08-18 01:46:05,030 - INFO - [KOTAKBANK_NS] Inserted 361 rows (duplicates ignored)
2026-08-18 01:46:05,030 - INFO - Inserted 361 rows for KOTAKBANK.NS
2026-08-18 01:46:05,224 - INFO - [LT_NS] Inserted 361 rows (duplicates ignored)
2026-08-18 01:46:05,224 - INFO - Inserted 361 rows for LT.NS
2026-08-18 01:46:05,522 - INFO - [AXISBANK_NS] Inserted 361 rows (duplicates ignored)
2026-08-18 01:46:05,522 - INFO - Inserted 361 rows for AXISBANK.NS
2026-08-18 01:46:05,711 - INFO - [BAJFINANCE_NS] Inserted 361 rows (duplicates ignored)
2026-08-18 01:46:05,711 - INFO - Inserted 361 rows for BAJFINANCE.NS
2026-08-18 01:46:05,937 - INFO - [ASIANPAINT_NS] Inserted 360 rows (duplicates ignored)
2026-08-18 01:46:05,937 - INFO - Inserted 360 rows for ASIANPAINT.NS
2026-08-18 01:46:06,204 - INFO - [MARUTI_NS] Inserted 360 rows (duplicates ignored)
2026-08-18 01:46:06,204 - INFO - Inserted 360 rows for MARUTI.NS
2026-08-18 01:46:06,550 - INFO - [SUNPHARMA_NS] Inserted 361 rows (duplicates ignored)
2026-08-18 01:46:06,550 - INFO - Inserted 361 rows for SUNPHARMA.NS
2026-08-18 01:46:06,902 - INFO - [WIPRO_NS] Inserted 360 rows (duplicates ignored)
2026-08-18 01:46:06,902 - INFO - Inserted 360 rows for WIPRO.NS
2026-08-18 01:46:07,152 - INFO - [POWERGRID_NS] Inserted 361 rows (duplicates ignored)
2026-08-18 01:46:07,152 - INFO - Inserted 361 rows for POWERGRID.NS
2026-08-18 01:46:07,398 - INFO - [NTPC_NS] Inserted 361 rows (duplicates ignored)
2026-08-18 01:46:07,398 - INFO - Inserted 361 rows for NTPC.NS
2026-08-18 01:46:07,676 - INFO - [ONGC_NS] Inserted 361 rows (duplicates ignored)
2026-08-18 01:46:07,676 - INFO - Inserted 361 rows for ONGC.NS
2026-08-18 01:46:07,688 - INFO - Cycle complete. README updated.
2026-08-18 02:43:41,347 - INFO - Starting data fetch cycle...
2026-08-18 02:43:44,219 - INFO - [RELIANCE_NS] Inserted 361 rows (duplicates ignored)
2026-08-18 02:43:44,219 - INFO - Inserted 361 rows for RELIANCE.NS
2026-08-18 02:43:44,655 - INFO - [HDFCBANK_NS] Inserted 361 rows (duplicates ignored)
2026-08-18 02:43:44,656 - INFO - Inserted 361 rows for HDFCBANK.NS
2026-08-18 02:43:44,949 - INFO - [ICICIBANK_NS] Inserted 361 rows (duplicates ignored)
2026-08-18 02:43:44,950 - INFO - Inserted 361 rows for ICICIBANK.NS
2026-08-18 02:43:45,253 - INFO - [INFY_NS] Inserted 361 rows (duplicates ignored)
2026-08-18 02:43:45,253 - INFO - Inserted 361 rows for INFY.NS
2026-08-18 02:43:45,486 - INFO - [TCS_NS] Inserted 361 rows (duplicates ignored)
2026-08-18 02:43:45,486 - INFO - Inserted 361 rows for TCS.NS
2026-08-18 02:43:45,729 - INFO - [ITC_NS] Inserted 361 rows (duplicates ignored)
2026-08-18 02:43:45,730 - INFO - Inserted 361 rows for ITC.NS
2026-08-18 02:43:46,023 - INFO - [HINDUNILVR_NS] Inserted 361 rows (duplicates ignored)
2026-08-18 02:43:46,024 - INFO - Inserted 361 rows for HINDUNILVR.NS
2026-08-18 02:43:46,288 - INFO - [SBIN_NS] Inserted 361 rows (duplicates ignored)
2026-08-18 02:43:46,288 - INFO - Inserted 361 rows for SBIN.NS
2026-08-18 02:43:47,014 - INFO - [BHARTIARTL_NS] Inserted 360 rows (duplicates ignored)
2026-08-18 02:43:47,014 - INFO - Inserted 360 rows for BHARTIARTL.NS
2026-08-18 02:43:47,237 - INFO - [KOTAKBANK_NS] Inserted 361 rows (duplicates ignored)
2026-08-18 02:43:47,237 - INFO - Inserted 361 rows for KOTAKBANK.NS
2026-08-18 02:43:47,464 - INFO - [LT_NS] Inserted 361 rows (duplicates ignored)
2026-08-18 02:43:47,464 - INFO - Inserted 361 rows for LT.NS
2026-08-18 02:43:47,718 - INFO - [AXISBANK_NS] Inserted 361 rows (duplicates ignored)
2026-08-18 02:43:47,718 - INFO - Inserted 361 rows for AXISBANK.NS
2026-08-18 02:43:48,018 - INFO - [BAJFINANCE_NS] Inserted 361 rows (duplicates ignored)
2026-08-18 02:43:48,018 - INFO - Inserted 361 rows for BAJFINANCE.NS
2026-08-18 02:43:48,479 - INFO - [ASIANPAINT_NS] Inserted 360 rows (duplicates ignored)
2026-08-18 02:43:48,480 - INFO - Inserted 360 rows for ASIANPAINT.NS
2026-08-18 02:43:48,786 - INFO - [MARUTI_NS] Inserted 360 rows (duplicates ignored)
2026-08-18 02:43:48,786 - INFO - Inserted 360 rows for MARUTI.NS
2026-08-18 02:43:49,020 - INFO - [SUNPHARMA_NS] Inserted 361 rows (duplicates ignored)
2026-08-18 02:43:49,020 - INFO - Inserted 361 rows for SUNPHARMA.NS
2026-08-18 02:43:49,312 - INFO - [WIPRO_NS] Inserted 360 rows (duplicates ignored)
2026-08-18 02:43:49,313 - INFO - Inserted 360 rows for WIPRO.NS
2026-08-18 02:43:49,545 - INFO - [POWERGRID_NS] Inserted 361 rows (duplicates ignored)
2026-08-18 02:43:49,545 - INFO - Inserted 361 rows for POWERGRID.NS
2026-08-18 02:43:49,768 - INFO - [NTPC_NS] Inserted 361 rows (duplicates ignored)
2026-08-18 02:43:49,768 - INFO - Inserted 361 rows for NTPC.NS
2026-08-18 02:43:50,000 - INFO - [ONGC_NS] Inserted 361 rows (duplicates ignored)
2026-08-18 02:43:50,000 - INFO - Inserted 361 rows for ONGC.NS
2026-08-18 02:43:50,010 - INFO - Cycle complete. README updated.
2026-08-18 03:30:27,743 - INFO - Starting data fetch cycle...
2026-08-18 03:30:28,293 - INFO - [RELIANCE_NS] Inserted 361 rows (duplicates ignored)
2026-08-18 03:30:28,293 - INFO - Inserted 361 rows for RELIANCE.NS
2026-08-18 03:30:28,507 - INFO - [HDFCBANK_NS] Inserted 361 rows (duplicates ignored)
2026-08-18 03:30:28,508 - INFO - Inserted 361 rows for HDFCBANK.NS
2026-08-18 03:30:28,758 - INFO - [ICICIBANK_NS] Inserted 361 rows (duplicates ignored)
2026-08-18 03:30:28,758 - INFO - Inserted 361 rows for ICICIBANK.NS
2026-08-18 03:30:28,940 - INFO - [INFY_NS] Inserted 361 rows (duplicates ignored)
2026-08-18 03:30:28,940 - INFO - Inserted 361 rows for INFY.NS
2026-08-18 03:30:29,132 - INFO - [TCS_NS] Inserted 361 rows (duplicates ignored)
2026-08-18 03:30:29,132 - INFO - Inserted 361 rows for TCS.NS
2026-08-18 03:30:29,528 - INFO - [ITC_NS] Inserted 361 rows (duplicates ignored)
2026-08-18 03:30:29,528 - INFO - Inserted 361 rows for ITC.NS
2026-08-18 03:30:29,754 - INFO - [HINDUNILVR_NS] Inserted 361 rows (duplicates ignored)
2026-08-18 03:30:29,754 - INFO - Inserted 361 rows for HINDUNILVR.NS
2026-08-18 03:30:29,977 - INFO - [SBIN_NS] Inserted 361 rows (duplicates ignored)
2026-08-18 03:30:29,977 - INFO - Inserted 361 rows for SBIN.NS
2026-08-18 03:30:30,247 - INFO - [BHARTIARTL_NS] Inserted 360 rows (duplicates ignored)
2026-08-18 03:30:30,247 - INFO - Inserted 360 rows for BHARTIARTL.NS
2026-08-18 03:30:30,696 - INFO - [KOTAKBANK_NS] Inserted 361 rows (duplicates ignored)
2026-08-18 03:30:30,696 - INFO - Inserted 361 rows for KOTAKBANK.NS
2026-08-18 03:30:30,976 - INFO - [LT_NS] Inserted 361 rows (duplicates ignored)
2026-08-18 03:30:30,976 - INFO - Inserted 361 rows for LT.NS
2026-08-18 03:30:31,366 - INFO - [AXISBANK_NS] Inserted 361 rows (duplicates ignored)
2026-08-18 03:30:31,366 - INFO - Inserted 361 rows for AXISBANK.NS
2026-08-18 03:30:31,790 - INFO - [BAJFINANCE_NS] Inserted 361 rows (duplicates ignored)
2026-08-18 03:30:31,790 - INFO - Inserted 361 rows for BAJFINANCE.NS
2026-08-18 03:30:32,036 - INFO - [ASIANPAINT_NS] Inserted 360 rows (duplicates ignored)
2026-08-18 03:30:32,036 - INFO - Inserted 360 rows for ASIANPAINT.NS
2026-08-18 03:30:32,480 - INFO - [MARUTI_NS] Inserted 360 rows (duplicates ignored)
2026-08-18 03:30:32,480 - INFO - Inserted 360 rows for MARUTI.NS
2026-08-18 03:30:33,118 - INFO - [SUNPHARMA_NS] Inserted 361 rows (duplicates ignored)
2026-08-18 03:30:33,118 - INFO - Inserted 361 rows for SUNPHARMA.NS
2026-08-18 03:30:33,576 - INFO - [WIPRO_NS] Inserted 360 rows (duplicates ignored)
2026-08-18 03:30:33,576 - INFO - Inserted 360 rows for WIPRO.NS
2026-08-18 03:30:34,086 - INFO - [POWERGRID_NS] Inserted 361 rows (duplicates ignored)
2026-08-18 03:30:34,086 - INFO - Inserted 361 rows for POWERGRID.NS
2026-08-18 03:30:34,787 - INFO - [NTPC_NS] Inserted 361 rows (duplicates ignored)
2026-08-18 03:30:34,787 - INFO - Inserted 361 rows for NTPC.NS
2026-08-18 03:30:35,478 - INFO - [ONGC_NS] Inserted 361 rows (duplicates ignored)
2026-08-18 03:30:35,478 - INFO - Inserted 361 rows for ONGC.NS
2026-08-18 03:30:35,576 - INFO - Cycle complete. README updated.
2026-08-18 04:17:53,381 - INFO - Starting data fetch cycle...
2026-08-18 04:17:53,908 - INFO - [RELIANCE_NS] Inserted 33 rows (duplicates ignored)
2026-08-18 04:17:53,908 - INFO - Inserted 33 rows for RELIANCE.NS
2026-08-18 04:17:54,069 - INFO - [HDFCBANK_NS] Inserted 33 rows (duplicates ignored)
2026-08-18 04:17:54,070 - INFO - Inserted 33 rows for HDFCBANK.NS
2026-08-18 04:17:54,279 - INFO - [ICICIBANK_NS] Inserted 33 rows (duplicates ignored)
2026-08-18 04:17:54,279 - INFO - Inserted 33 rows for ICICIBANK.NS
2026-08-18 04:17:54,447 - INFO - [INFY_NS] Inserted 33 rows (duplicates ignored)
2026-08-18 04:17:54,447 - INFO - Inserted 33 rows for INFY.NS
2026-08-18 04:17:54,605 - INFO - [TCS_NS] Inserted 33 rows (duplicates ignored)
2026-08-18 04:17:54,605 - INFO - Inserted 33 rows for TCS.NS
2026-08-18 04:17:54,783 - INFO - [ITC_NS] Inserted 33 rows (duplicates ignored)
2026-08-18 04:17:54,783 - INFO - Inserted 33 rows for ITC.NS
2026-08-18 04:17:54,954 - INFO - [HINDUNILVR_NS] Inserted 33 rows (duplicates ignored)
2026-08-18 04:17:54,955 - INFO - Inserted 33 rows for HINDUNILVR.NS
2026-08-18 04:17:55,113 - INFO - [SBIN_NS] Inserted 33 rows (duplicates ignored)
2026-08-18 04:17:55,113 - INFO - Inserted 33 rows for SBIN.NS
2026-08-18 04:17:55,347 - INFO - [BHARTIARTL_NS] Inserted 33 rows (duplicates ignored)
2026-08-18 04:17:55,347 - INFO - Inserted 33 rows for BHARTIARTL.NS
2026-08-18 04:17:56,602 - INFO - [KOTAKBANK_NS] Inserted 33 rows (duplicates ignored)
2026-08-18 04:17:56,602 - INFO - Inserted 33 rows for KOTAKBANK.NS
2026-08-18 04:17:56,812 - INFO - [LT_NS] Inserted 33 rows (duplicates ignored)
2026-08-18 04:17:56,812 - INFO - Inserted 33 rows for LT.NS
2026-08-18 04:17:56,972 - INFO - [AXISBANK_NS] Inserted 33 rows (duplicates ignored)
2026-08-18 04:17:56,972 - INFO - Inserted 33 rows for AXISBANK.NS
2026-08-18 04:17:57,143 - INFO - [BAJFINANCE_NS] Inserted 33 rows (duplicates ignored)
2026-08-18 04:17:57,143 - INFO - Inserted 33 rows for BAJFINANCE.NS
2026-08-18 04:17:57,304 - INFO - [ASIANPAINT_NS] Inserted 33 rows (duplicates ignored)
2026-08-18 04:17:57,305 - INFO - Inserted 33 rows for ASIANPAINT.NS
2026-08-18 04:17:57,548 - INFO - [MARUTI_NS] Inserted 33 rows (duplicates ignored)
2026-08-18 04:17:57,548 - INFO - Inserted 33 rows for MARUTI.NS
2026-08-18 04:17:57,709 - INFO - [SUNPHARMA_NS] Inserted 33 rows (duplicates ignored)
2026-08-18 04:17:57,709 - INFO - Inserted 33 rows for SUNPHARMA.NS
2026-08-18 04:17:58,015 - INFO - [WIPRO_NS] Inserted 33 rows (duplicates ignored)
2026-08-18 04:17:58,015 - INFO - Inserted 33 rows for WIPRO.NS
2026-08-18 04:17:58,164 - INFO - [POWERGRID_NS] Inserted 33 rows (duplicates ignored)
2026-08-18 04:17:58,164 - INFO - Inserted 33 rows for POWERGRID.NS
2026-08-18 04:17:58,313 - INFO - [NTPC_NS] Inserted 33 rows (duplicates ignored)
2026-08-18 04:17:58,313 - INFO - Inserted 33 rows for NTPC.NS
2026-08-18 04:17:58,474 - INFO - [ONGC_NS] Inserted 33 rows (duplicates ignored)
2026-08-18 04:17:58,474 - INFO - Inserted 33 rows for ONGC.NS
2026-08-18 04:17:58,490 - INFO - Cycle complete. README updated.
2026-08-18 04:56:37,953 - INFO - Starting data fetch cycle...
2026-08-18 04:56:38,370 - INFO - [RELIANCE_NS] Inserted 72 rows (duplicates ignored)
2026-08-18 04:56:38,370 - INFO - Inserted 72 rows for RELIANCE.NS
2026-08-18 04:56:38,508 - INFO - [HDFCBANK_NS] Inserted 72 rows (duplicates ignored)
2026-08-18 04:56:38,509 - INFO - Inserted 72 rows for HDFCBANK.NS
2026-08-18 04:56:38,642 - INFO - [ICICIBANK_NS] Inserted 72 rows (duplicates ignored)
2026-08-18 04:56:38,642 - INFO - Inserted 72 rows for ICICIBANK.NS
2026-08-18 04:56:38,812 - INFO - [INFY_NS] Inserted 72 rows (duplicates ignored)
2026-08-18 04:56:38,812 - INFO - Inserted 72 rows for INFY.NS
2026-08-18 04:56:38,961 - INFO - [TCS_NS] Inserted 72 rows (duplicates ignored)
2026-08-18 04:56:38,961 - INFO - Inserted 72 rows for TCS.NS
2026-08-18 04:56:39,140 - INFO - [ITC_NS] Inserted 72 rows (duplicates ignored)
2026-08-18 04:56:39,140 - INFO - Inserted 72 rows for ITC.NS
2026-08-18 04:56:39,390 - INFO - [HINDUNILVR_NS] Inserted 72 rows (duplicates ignored)
2026-08-18 04:56:39,390 - INFO - Inserted 72 rows for HINDUNILVR.NS
2026-08-18 04:56:39,560 - INFO - [SBIN_NS] Inserted 72 rows (duplicates ignored)
2026-08-18 04:56:39,560 - INFO - Inserted 72 rows for SBIN.NS
2026-08-18 04:56:39,719 - INFO - [BHARTIARTL_NS] Inserted 72 rows (duplicates ignored)
2026-08-18 04:56:39,719 - INFO - Inserted 72 rows for BHARTIARTL.NS
2026-08-18 04:56:39,860 - INFO - [KOTAKBANK_NS] Inserted 72 rows (duplicates ignored)
2026-08-18 04:56:39,860 - INFO - Inserted 72 rows for KOTAKBANK.NS
2026-08-18 04:56:40,001 - INFO - [LT_NS] Inserted 72 rows (duplicates ignored)
2026-08-18 04:56:40,001 - INFO - Inserted 72 rows for LT.NS
2026-08-18 04:56:40,237 - INFO - [AXISBANK_NS] Inserted 72 rows (duplicates ignored)
2026-08-18 04:56:40,237 - INFO - Inserted 72 rows for AXISBANK.NS
2026-08-18 04:56:40,524 - INFO - [BAJFINANCE_NS] Inserted 72 rows (duplicates ignored)
2026-08-18 04:56:40,525 - INFO - Inserted 72 rows for BAJFINANCE.NS
2026-08-18 04:56:41,284 - INFO - [ASIANPAINT_NS] Inserted 72 rows (duplicates ignored)
2026-08-18 04:56:41,284 - INFO - Inserted 72 rows for ASIANPAINT.NS
2026-08-18 04:56:42,094 - INFO - [MARUTI_NS] Inserted 72 rows (duplicates ignored)
2026-08-18 04:56:42,094 - INFO - Inserted 72 rows for MARUTI.NS
2026-08-18 04:56:42,283 - INFO - [SUNPHARMA_NS] Inserted 72 rows (duplicates ignored)
2026-08-18 04:56:42,283 - INFO - Inserted 72 rows for SUNPHARMA.NS
2026-08-18 04:56:42,453 - INFO - [WIPRO_NS] Inserted 72 rows (duplicates ignored)
2026-08-18 04:56:42,453 - INFO - Inserted 72 rows for WIPRO.NS
2026-08-18 04:56:42,601 - INFO - [POWERGRID_NS] Inserted 72 rows (duplicates ignored)
2026-08-18 04:56:42,601 - INFO - Inserted 72 rows for POWERGRID.NS
2026-08-18 04:56:42,766 - INFO - [NTPC_NS] Inserted 72 rows (duplicates ignored)
2026-08-18 04:56:42,766 - INFO - Inserted 72 rows for NTPC.NS
2026-08-18 04:56:42,903 - INFO - [ONGC_NS] Inserted 72 rows (duplicates ignored)
2026-08-18 04:56:42,903 - INFO - Inserted 72 rows for ONGC.NS
2026-08-18 04:56:42,917 - INFO - Cycle complete. README updated.
2026-08-18 05:35:55,212 - INFO - Starting data fetch cycle...
2026-08-18 05:35:55,802 - INFO - [RELIANCE_NS] Inserted 111 rows (duplicates ignored)
2026-08-18 05:35:55,802 - INFO - Inserted 111 rows for RELIANCE.NS
2026-08-18 05:35:56,090 - INFO - [HDFCBANK_NS] Inserted 111 rows (duplicates ignored)
2026-08-18 05:35:56,090 - INFO - Inserted 111 rows for HDFCBANK.NS
2026-08-18 05:35:56,382 - INFO - [ICICIBANK_NS] Inserted 111 rows (duplicates ignored)
2026-08-18 05:35:56,382 - INFO - Inserted 111 rows for ICICIBANK.NS
2026-08-18 05:35:56,669 - INFO - [INFY_NS] Inserted 111 rows (duplicates ignored)
2026-08-18 05:35:56,669 - INFO - Inserted 111 rows for INFY.NS
2026-08-18 05:35:56,947 - INFO - [TCS_NS] Inserted 111 rows (duplicates ignored)
2026-08-18 05:35:56,947 - INFO - Inserted 111 rows for TCS.NS
2026-08-18 05:35:57,214 - INFO - [ITC_NS] Inserted 111 rows (duplicates ignored)
2026-08-18 05:35:57,214 - INFO - Inserted 111 rows for ITC.NS
2026-08-18 05:35:57,494 - INFO - [HINDUNILVR_NS] Inserted 111 rows (duplicates ignored)
2026-08-18 05:35:57,494 - INFO - Inserted 111 rows for HINDUNILVR.NS
2026-08-18 05:35:57,780 - INFO - [SBIN_NS] Inserted 111 rows (duplicates ignored)
2026-08-18 05:35:57,781 - INFO - Inserted 111 rows for SBIN.NS
2026-08-18 05:35:58,048 - INFO - [BHARTIARTL_NS] Inserted 111 rows (duplicates ignored)
2026-08-18 05:35:58,048 - INFO - Inserted 111 rows for BHARTIARTL.NS
2026-08-18 05:35:58,356 - INFO - [KOTAKBANK_NS] Inserted 111 rows (duplicates ignored)
2026-08-18 05:35:58,356 - INFO - Inserted 111 rows for KOTAKBANK.NS
2026-08-18 05:35:58,641 - INFO - [LT_NS] Inserted 111 rows (duplicates ignored)
2026-08-18 05:35:58,641 - INFO - Inserted 111 rows for LT.NS
2026-08-18 05:35:58,919 - INFO - [AXISBANK_NS] Inserted 111 rows (duplicates ignored)
2026-08-18 05:35:58,919 - INFO - Inserted 111 rows for AXISBANK.NS
2026-08-18 05:35:59,245 - INFO - [BAJFINANCE_NS] Inserted 111 rows (duplicates ignored)
2026-08-18 05:35:59,245 - INFO - Inserted 111 rows for BAJFINANCE.NS
2026-08-18 05:35:59,545 - INFO - [ASIANPAINT_NS] Inserted 111 rows (duplicates ignored)
2026-08-18 05:35:59,545 - INFO - Inserted 111 rows for ASIANPAINT.NS
2026-08-18 05:35:59,827 - INFO - [MARUTI_NS] Inserted 111 rows (duplicates ignored)
2026-08-18 05:35:59,827 - INFO - Inserted 111 rows for MARUTI.NS
2026-08-18 05:36:00,106 - INFO - [SUNPHARMA_NS] Inserted 111 rows (duplicates ignored)
2026-08-18 05:36:00,106 - INFO - Inserted 111 rows for SUNPHARMA.NS
2026-08-18 05:36:00,404 - INFO - [WIPRO_NS] Inserted 111 rows (duplicates ignored)
2026-08-18 05:36:00,404 - INFO - Inserted 111 rows for WIPRO.NS
2026-08-18 05:36:00,684 - INFO - [POWERGRID_NS] Inserted 111 rows (duplicates ignored)
2026-08-18 05:36:00,684 - INFO - Inserted 111 rows for POWERGRID.NS
2026-08-18 05:36:00,959 - INFO - [NTPC_NS] Inserted 111 rows (duplicates ignored)
2026-08-18 05:36:00,960 - INFO - Inserted 111 rows for NTPC.NS
2026-08-18 05:36:01,265 - INFO - [ONGC_NS] Inserted 111 rows (duplicates ignored)
2026-08-18 05:36:01,265 - INFO - Inserted 111 rows for ONGC.NS
2026-08-18 05:36:01,279 - INFO - Cycle complete. README updated.
2026-08-18 22:52:18,874 - INFO - Starting data fetch cycle...
2026-08-18 22:52:19,251 - INFO - [RELIANCE_NS] Inserted 361 rows (duplicates ignored)
2026-08-18 22:52:19,251 - INFO - Inserted 361 rows for RELIANCE.NS
2026-08-18 22:52:19,388 - INFO - [HDFCBANK_NS] Inserted 361 rows (duplicates ignored)
2026-08-18 22:52:19,388 - INFO - Inserted 361 rows for HDFCBANK.NS
2026-08-18 22:52:19,536 - INFO - [ICICIBANK_NS] Inserted 361 rows (duplicates ignored)
2026-08-18 22:52:19,536 - INFO - Inserted 361 rows for ICICIBANK.NS
2026-08-18 22:52:19,685 - INFO - [INFY_NS] Inserted 361 rows (duplicates ignored)
2026-08-18 22:52:19,685 - INFO - Inserted 361 rows for INFY.NS
2026-08-18 22:52:19,822 - INFO - [TCS_NS] Inserted 361 rows (duplicates ignored)
2026-08-18 22:52:19,822 - INFO - Inserted 361 rows for TCS.NS
2026-08-18 22:52:19,960 - INFO - [ITC_NS] Inserted 361 rows (duplicates ignored)
2026-08-18 22:52:19,960 - INFO - Inserted 361 rows for ITC.NS
2026-08-18 22:52:20,117 - INFO - [HINDUNILVR_NS] Inserted 361 rows (duplicates ignored)
2026-08-18 22:52:20,117 - INFO - Inserted 361 rows for HINDUNILVR.NS
2026-08-18 22:52:20,265 - INFO - [SBIN_NS] Inserted 361 rows (duplicates ignored)
2026-08-18 22:52:20,265 - INFO - Inserted 361 rows for SBIN.NS
2026-08-18 22:52:20,405 - INFO - [BHARTIARTL_NS] Inserted 361 rows (duplicates ignored)
2026-08-18 22:52:20,406 - INFO - Inserted 361 rows for BHARTIARTL.NS
2026-08-18 22:52:20,532 - INFO - [KOTAKBANK_NS] Inserted 361 rows (duplicates ignored)
2026-08-18 22:52:20,532 - INFO - Inserted 361 rows for KOTAKBANK.NS
2026-08-18 22:52:20,658 - INFO - [LT_NS] Inserted 361 rows (duplicates ignored)
2026-08-18 22:52:20,659 - INFO - Inserted 361 rows for LT.NS
2026-08-18 22:52:20,787 - INFO - [AXISBANK_NS] Inserted 361 rows (duplicates ignored)
2026-08-18 22:52:20,787 - INFO - Inserted 361 rows for AXISBANK.NS
2026-08-18 22:52:20,908 - INFO - [BAJFINANCE_NS] Inserted 361 rows (duplicates ignored)
2026-08-18 22:52:20,908 - INFO - Inserted 361 rows for BAJFINANCE.NS
2026-08-18 22:52:21,044 - INFO - [ASIANPAINT_NS] Inserted 361 rows (duplicates ignored)
2026-08-18 22:52:21,044 - INFO - Inserted 361 rows for ASIANPAINT.NS
2026-08-18 22:52:21,172 - INFO - [MARUTI_NS] Inserted 361 rows (duplicates ignored)
2026-08-18 22:52:21,173 - INFO - Inserted 361 rows for MARUTI.NS
2026-08-18 22:52:21,298 - INFO - [SUNPHARMA_NS] Inserted 361 rows (duplicates ignored)
2026-08-18 22:52:21,298 - INFO - Inserted 361 rows for SUNPHARMA.NS
2026-08-18 22:52:21,442 - INFO - [WIPRO_NS] Inserted 361 rows (duplicates ignored)
2026-08-18 22:52:21,442 - INFO - Inserted 361 rows for WIPRO.NS
2026-08-18 22:52:21,568 - INFO - [POWERGRID_NS] Inserted 361 rows (duplicates ignored)
2026-08-18 22:52:21,568 - INFO - Inserted 361 rows for POWERGRID.NS
2026-08-18 22:52:21,683 - INFO - [NTPC_NS] Inserted 361 rows (duplicates ignored)
2026-08-18 22:52:21,683 - INFO - Inserted 361 rows for NTPC.NS
2026-08-18 22:52:21,839 - INFO - [ONGC_NS] Inserted 361 rows (duplicates ignored)
2026-08-18 22:52:21,839 - INFO - Inserted 361 rows for ONGC.NS
2026-08-18 22:52:21,853 - INFO - Cycle complete. README updated.
2026-08-18 23:17:15,275 - INFO - Starting data fetch cycle...
2026-08-18 23:17:15,995 - INFO - [RELIANCE_NS] Inserted 361 rows (duplicates ignored)
2026-08-18 23:17:15,995 - INFO - Inserted 361 rows for RELIANCE.NS
2026-08-18 23:17:16,164 - INFO - [HDFCBANK_NS] Inserted 361 rows (duplicates ignored)
2026-08-18 23:17:16,164 - INFO - Inserted 361 rows for HDFCBANK.NS
2026-08-18 23:17:16,310 - INFO - [ICICIBANK_NS] Inserted 361 rows (duplicates ignored)
2026-08-18 23:17:16,310 - INFO - Inserted 361 rows for ICICIBANK.NS
2026-08-18 23:17:16,479 - INFO - [INFY_NS] Inserted 361 rows (duplicates ignored)
2026-08-18 23:17:16,479 - INFO - Inserted 361 rows for INFY.NS
2026-08-18 23:17:16,628 - INFO - [TCS_NS] Inserted 361 rows (duplicates ignored)
2026-08-18 23:17:16,628 - INFO - Inserted 361 rows for TCS.NS
2026-08-18 23:17:16,798 - INFO - [ITC_NS] Inserted 361 rows (duplicates ignored)
2026-08-18 23:17:16,798 - INFO - Inserted 361 rows for ITC.NS
2026-08-18 23:17:16,958 - INFO - [HINDUNILVR_NS] Inserted 361 rows (duplicates ignored)
2026-08-18 23:17:16,958 - INFO - Inserted 361 rows for HINDUNILVR.NS
2026-08-18 23:17:17,127 - INFO - [SBIN_NS] Inserted 361 rows (duplicates ignored)
2026-08-18 23:17:17,128 - INFO - Inserted 361 rows for SBIN.NS
2026-08-18 23:17:17,274 - INFO - [BHARTIARTL_NS] Inserted 361 rows (duplicates ignored)
2026-08-18 23:17:17,274 - INFO - Inserted 361 rows for BHARTIARTL.NS
2026-08-18 23:17:17,476 - INFO - [KOTAKBANK_NS] Inserted 361 rows (duplicates ignored)
2026-08-18 23:17:17,476 - INFO - Inserted 361 rows for KOTAKBANK.NS
2026-08-18 23:17:17,643 - INFO - [LT_NS] Inserted 361 rows (duplicates ignored)
2026-08-18 23:17:17,644 - INFO - Inserted 361 rows for LT.NS
2026-08-18 23:17:17,814 - INFO - [AXISBANK_NS] Inserted 361 rows (duplicates ignored)
2026-08-18 23:17:17,814 - INFO - Inserted 361 rows for AXISBANK.NS
2026-08-18 23:17:17,983 - INFO - [BAJFINANCE_NS] Inserted 361 rows (duplicates ignored)
2026-08-18 23:17:17,983 - INFO - Inserted 361 rows for BAJFINANCE.NS
2026-08-18 23:17:18,144 - INFO - [ASIANPAINT_NS] Inserted 361 rows (duplicates ignored)
2026-08-18 23:17:18,144 - INFO - Inserted 361 rows for ASIANPAINT.NS
2026-08-18 23:17:18,300 - INFO - [MARUTI_NS] Inserted 361 rows (duplicates ignored)
2026-08-18 23:17:18,300 - INFO - Inserted 361 rows for MARUTI.NS
2026-08-18 23:17:18,467 - INFO - [SUNPHARMA_NS] Inserted 361 rows (duplicates ignored)
2026-08-18 23:17:18,467 - INFO - Inserted 361 rows for SUNPHARMA.NS
2026-08-18 23:17:18,615 - INFO - [WIPRO_NS] Inserted 361 rows (duplicates ignored)
2026-08-18 23:17:18,615 - INFO - Inserted 361 rows for WIPRO.NS
2026-08-18 23:17:18,753 - INFO - [POWERGRID_NS] Inserted 361 rows (duplicates ignored)
2026-08-18 23:17:18,753 - INFO - Inserted 361 rows for POWERGRID.NS
2026-08-18 23:17:18,911 - INFO - [NTPC_NS] Inserted 361 rows (duplicates ignored)
2026-08-18 23:17:18,911 - INFO - Inserted 361 rows for NTPC.NS
2026-08-18 23:17:19,078 - INFO - [ONGC_NS] Inserted 361 rows (duplicates ignored)
2026-08-18 23:17:19,079 - INFO - Inserted 361 rows for ONGC.NS
2026-08-18 23:17:19,094 - INFO - Cycle complete. README updated.
2026-08-18 23:41:30,027 - INFO - Starting data fetch cycle...
2026-08-18 23:41:30,460 - INFO - [RELIANCE_NS] Inserted 361 rows (duplicates ignored)
2026-08-18 23:41:30,461 - INFO - Inserted 361 rows for RELIANCE.NS
2026-08-18 23:41:30,647 - INFO - [HDFCBANK_NS] Inserted 361 rows (duplicates ignored)
2026-08-18 23:41:30,647 - INFO - Inserted 361 rows for HDFCBANK.NS
2026-08-18 23:41:30,854 - INFO - [ICICIBANK_NS] Inserted 361 rows (duplicates ignored)
2026-08-18 23:41:30,854 - INFO - Inserted 361 rows for ICICIBANK.NS
2026-08-18 23:41:31,080 - INFO - [INFY_NS] Inserted 361 rows (duplicates ignored)
2026-08-18 23:41:31,080 - INFO - Inserted 361 rows for INFY.NS
2026-08-18 23:41:31,263 - INFO - [TCS_NS] Inserted 361 rows (duplicates ignored)
2026-08-18 23:41:31,263 - INFO - Inserted 361 rows for TCS.NS
2026-08-18 23:41:31,448 - INFO - [ITC_NS] Inserted 361 rows (duplicates ignored)
2026-08-18 23:41:31,448 - INFO - Inserted 361 rows for ITC.NS
2026-08-18 23:41:31,665 - INFO - [HINDUNILVR_NS] Inserted 361 rows (duplicates ignored)
2026-08-18 23:41:31,665 - INFO - Inserted 361 rows for HINDUNILVR.NS
2026-08-18 23:41:31,872 - INFO - [SBIN_NS] Inserted 361 rows (duplicates ignored)
2026-08-18 23:41:31,872 - INFO - Inserted 361 rows for SBIN.NS
2026-08-18 23:41:32,089 - INFO - [BHARTIARTL_NS] Inserted 361 rows (duplicates ignored)
2026-08-18 23:41:32,089 - INFO - Inserted 361 rows for BHARTIARTL.NS
2026-08-18 23:41:32,263 - INFO - [KOTAKBANK_NS] Inserted 361 rows (duplicates ignored)
2026-08-18 23:41:32,263 - INFO - Inserted 361 rows for KOTAKBANK.NS
2026-08-18 23:41:32,427 - INFO - [LT_NS] Inserted 361 rows (duplicates ignored)
2026-08-18 23:41:32,427 - INFO - Inserted 361 rows for LT.NS
2026-08-18 23:41:32,594 - INFO - [AXISBANK_NS] Inserted 361 rows (duplicates ignored)
2026-08-18 23:41:32,594 - INFO - Inserted 361 rows for AXISBANK.NS
2026-08-18 23:41:32,762 - INFO - [BAJFINANCE_NS] Inserted 361 rows (duplicates ignored)
2026-08-18 23:41:32,762 - INFO - Inserted 361 rows for BAJFINANCE.NS
2026-08-18 23:41:32,927 - INFO - [ASIANPAINT_NS] Inserted 361 rows (duplicates ignored)
2026-08-18 23:41:32,927 - INFO - Inserted 361 rows for ASIANPAINT.NS
2026-08-18 23:41:33,091 - INFO - [MARUTI_NS] Inserted 361 rows (duplicates ignored)
2026-08-18 23:41:33,091 - INFO - Inserted 361 rows for MARUTI.NS
2026-08-18 23:41:33,306 - INFO - [SUNPHARMA_NS] Inserted 361 rows (duplicates ignored)
2026-08-18 23:41:33,306 - INFO - Inserted 361 rows for SUNPHARMA.NS
2026-08-18 23:41:33,460 - INFO - [WIPRO_NS] Inserted 361 rows (duplicates ignored)
2026-08-18 23:41:33,460 - INFO - Inserted 361 rows for WIPRO.NS
2026-08-18 23:41:33,658 - INFO - [POWERGRID_NS] Inserted 361 rows (duplicates ignored)
2026-08-18 23:41:33,658 - INFO - Inserted 361 rows for POWERGRID.NS
2026-08-18 23:41:33,832 - INFO - [NTPC_NS] Inserted 361 rows (duplicates ignored)
2026-08-18 23:41:33,832 - INFO - Inserted 361 rows for NTPC.NS
2026-08-18 23:41:34,068 - INFO - [ONGC_NS] Inserted 361 rows (duplicates ignored)
2026-08-18 23:41:34,068 - INFO - Inserted 361 rows for ONGC.NS
2026-08-18 23:41:34,082 - INFO - Cycle complete. README updated.
2026-08-18 23:59:53,048 - INFO - Starting data fetch cycle...
2026-08-18 23:59:53,947 - INFO - [RELIANCE_NS] Inserted 361 rows (duplicates ignored)
2026-08-18 23:59:53,947 - INFO - Inserted 361 rows for RELIANCE.NS
2026-08-18 23:59:54,195 - INFO - [HDFCBANK_NS] Inserted 361 rows (duplicates ignored)
2026-08-18 23:59:54,195 - INFO - Inserted 361 rows for HDFCBANK.NS
2026-08-18 23:59:54,331 - INFO - [ICICIBANK_NS] Inserted 361 rows (duplicates ignored)
2026-08-18 23:59:54,331 - INFO - Inserted 361 rows for ICICIBANK.NS
2026-08-18 23:59:54,478 - INFO - [INFY_NS] Inserted 361 rows (duplicates ignored)
2026-08-18 23:59:54,478 - INFO - Inserted 361 rows for INFY.NS
2026-08-18 23:59:54,689 - INFO - [TCS_NS] Inserted 361 rows (duplicates ignored)
2026-08-18 23:59:54,689 - INFO - Inserted 361 rows for TCS.NS
2026-08-18 23:59:54,880 - INFO - [ITC_NS] Inserted 361 rows (duplicates ignored)
2026-08-18 23:59:54,880 - INFO - Inserted 361 rows for ITC.NS
2026-08-18 23:59:55,026 - INFO - [HINDUNILVR_NS] Inserted 361 rows (duplicates ignored)
2026-08-18 23:59:55,026 - INFO - Inserted 361 rows for HINDUNILVR.NS
2026-08-18 23:59:55,175 - INFO - [SBIN_NS] Inserted 361 rows (duplicates ignored)
2026-08-18 23:59:55,175 - INFO - Inserted 361 rows for SBIN.NS
2026-08-18 23:59:55,363 - INFO - [BHARTIARTL_NS] Inserted 361 rows (duplicates ignored)
2026-08-18 23:59:55,363 - INFO - Inserted 361 rows for BHARTIARTL.NS
2026-08-18 23:59:55,533 - INFO - [KOTAKBANK_NS] Inserted 361 rows (duplicates ignored)
2026-08-18 23:59:55,533 - INFO - Inserted 361 rows for KOTAKBANK.NS
2026-08-18 23:59:55,678 - INFO - [LT_NS] Inserted 361 rows (duplicates ignored)
2026-08-18 23:59:55,679 - INFO - Inserted 361 rows for LT.NS
2026-08-18 23:59:55,816 - INFO - [AXISBANK_NS] Inserted 361 rows (duplicates ignored)
2026-08-18 23:59:55,816 - INFO - Inserted 361 rows for AXISBANK.NS
2026-08-18 23:59:55,972 - INFO - [BAJFINANCE_NS] Inserted 361 rows (duplicates ignored)
2026-08-18 23:59:55,973 - INFO - Inserted 361 rows for BAJFINANCE.NS
2026-08-18 23:59:56,119 - INFO - [ASIANPAINT_NS] Inserted 361 rows (duplicates ignored)
2026-08-18 23:59:56,119 - INFO - Inserted 361 rows for ASIANPAINT.NS
2026-08-18 23:59:56,287 - INFO - [MARUTI_NS] Inserted 361 rows (duplicates ignored)
2026-08-18 23:59:56,287 - INFO - Inserted 361 rows for MARUTI.NS
2026-08-18 23:59:56,456 - INFO - [SUNPHARMA_NS] Inserted 361 rows (duplicates ignored)
2026-08-18 23:59:56,456 - INFO - Inserted 361 rows for SUNPHARMA.NS
2026-08-18 23:59:56,612 - INFO - [WIPRO_NS] Inserted 361 rows (duplicates ignored)
2026-08-18 23:59:56,612 - INFO - Inserted 361 rows for WIPRO.NS
2026-08-18 23:59:56,965 - INFO - [POWERGRID_NS] Inserted 361 rows (duplicates ignored)
2026-08-18 23:59:56,965 - INFO - Inserted 361 rows for POWERGRID.NS
2026-08-18 23:59:57,145 - INFO - [NTPC_NS] Inserted 361 rows (duplicates ignored)
2026-08-18 23:59:57,145 - INFO - Inserted 361 rows for NTPC.NS
2026-08-18 23:59:57,323 - INFO - [ONGC_NS] Inserted 361 rows (duplicates ignored)
2026-08-18 23:59:57,323 - INFO - Inserted 361 rows for ONGC.NS
2026-08-18 23:59:57,339 - INFO - Cycle complete. README updated.
2026-08-19 01:47:58,993 - INFO - Starting data fetch cycle...
2026-08-19 01:47:59,563 - INFO - [RELIANCE_NS] Inserted 361 rows (duplicates ignored)
2026-08-19 01:47:59,564 - INFO - Inserted 361 rows for RELIANCE.NS
2026-08-19 01:47:59,837 - INFO - [HDFCBANK_NS] Inserted 361 rows (duplicates ignored)
2026-08-19 01:47:59,838 - INFO - Inserted 361 rows for HDFCBANK.NS
2026-08-19 01:48:00,151 - INFO - [ICICIBANK_NS] Inserted 361 rows (duplicates ignored)
2026-08-19 01:48:00,151 - INFO - Inserted 361 rows for ICICIBANK.NS
2026-08-19 01:48:00,444 - INFO - [INFY_NS] Inserted 361 rows (duplicates ignored)
2026-08-19 01:48:00,444 - INFO - Inserted 361 rows for INFY.NS
2026-08-19 01:48:00,727 - INFO - [TCS_NS] Inserted 361 rows (duplicates ignored)
2026-08-19 01:48:00,727 - INFO - Inserted 361 rows for TCS.NS
2026-08-19 01:48:01,009 - INFO - [ITC_NS] Inserted 361 rows (duplicates ignored)
2026-08-19 01:48:01,009 - INFO - Inserted 361 rows for ITC.NS
2026-08-19 01:48:01,327 - INFO - [HINDUNILVR_NS] Inserted 361 rows (duplicates ignored)
2026-08-19 01:48:01,328 - INFO - Inserted 361 rows for HINDUNILVR.NS
2026-08-19 01:48:01,590 - INFO - [SBIN_NS] Inserted 361 rows (duplicates ignored)
2026-08-19 01:48:01,591 - INFO - Inserted 361 rows for SBIN.NS
2026-08-19 01:48:01,984 - INFO - [BHARTIARTL_NS] Inserted 361 rows (duplicates ignored)
2026-08-19 01:48:01,984 - INFO - Inserted 361 rows for BHARTIARTL.NS
2026-08-19 01:48:02,265 - INFO - [KOTAKBANK_NS] Inserted 361 rows (duplicates ignored)
2026-08-19 01:48:02,265 - INFO - Inserted 361 rows for KOTAKBANK.NS
2026-08-19 01:48:02,550 - INFO - [LT_NS] Inserted 361 rows (duplicates ignored)
2026-08-19 01:48:02,550 - INFO - Inserted 361 rows for LT.NS
2026-08-19 01:48:02,833 - INFO - [AXISBANK_NS] Inserted 361 rows (duplicates ignored)
2026-08-19 01:48:02,833 - INFO - Inserted 361 rows for AXISBANK.NS
2026-08-19 01:48:03,125 - INFO - [BAJFINANCE_NS] Inserted 361 rows (duplicates ignored)
2026-08-19 01:48:03,125 - INFO - Inserted 361 rows for BAJFINANCE.NS
2026-08-19 01:48:03,400 - INFO - [ASIANPAINT_NS] Inserted 361 rows (duplicates ignored)
2026-08-19 01:48:03,400 - INFO - Inserted 361 rows for ASIANPAINT.NS
2026-08-19 01:48:03,685 - INFO - [MARUTI_NS] Inserted 361 rows (duplicates ignored)
2026-08-19 01:48:03,686 - INFO - Inserted 361 rows for MARUTI.NS
2026-08-19 01:48:03,970 - INFO - [SUNPHARMA_NS] Inserted 361 rows (duplicates ignored)
2026-08-19 01:48:03,970 - INFO - Inserted 361 rows for SUNPHARMA.NS
2026-08-19 01:48:04,243 - INFO - [WIPRO_NS] Inserted 361 rows (duplicates ignored)
2026-08-19 01:48:04,243 - INFO - Inserted 361 rows for WIPRO.NS
2026-08-19 01:48:04,505 - INFO - [POWERGRID_NS] Inserted 361 rows (duplicates ignored)
2026-08-19 01:48:04,505 - INFO - Inserted 361 rows for POWERGRID.NS
2026-08-19 01:48:04,779 - INFO - [NTPC_NS] Inserted 361 rows (duplicates ignored)
2026-08-19 01:48:04,779 - INFO - Inserted 361 rows for NTPC.NS
2026-08-19 01:48:05,051 - INFO - [ONGC_NS] Inserted 361 rows (duplicates ignored)
2026-08-19 01:48:05,052 - INFO - Inserted 361 rows for ONGC.NS
2026-08-19 01:48:05,061 - INFO - Cycle complete. README updated.
2026-08-19 02:45:40,031 - INFO - Starting data fetch cycle...
2026-08-19 02:45:40,429 - INFO - [RELIANCE_NS] Inserted 361 rows (duplicates ignored)
2026-08-19 02:45:40,429 - INFO - Inserted 361 rows for RELIANCE.NS
2026-08-19 02:45:40,613 - INFO - [HDFCBANK_NS] Inserted 361 rows (duplicates ignored)
2026-08-19 02:45:40,613 - INFO - Inserted 361 rows for HDFCBANK.NS
2026-08-19 02:45:40,797 - INFO - [ICICIBANK_NS] Inserted 361 rows (duplicates ignored)
2026-08-19 02:45:40,797 - INFO - Inserted 361 rows for ICICIBANK.NS
2026-08-19 02:45:41,052 - INFO - [INFY_NS] Inserted 361 rows (duplicates ignored)
2026-08-19 02:45:41,052 - INFO - Inserted 361 rows for INFY.NS
2026-08-19 02:45:41,206 - INFO - [TCS_NS] Inserted 361 rows (duplicates ignored)
2026-08-19 02:45:41,207 - INFO - Inserted 361 rows for TCS.NS
2026-08-19 02:45:41,412 - INFO - [ITC_NS] Inserted 361 rows (duplicates ignored)
2026-08-19 02:45:41,412 - INFO - Inserted 361 rows for ITC.NS
2026-08-19 02:45:41,616 - INFO - [HINDUNILVR_NS] Inserted 361 rows (duplicates ignored)
2026-08-19 02:45:41,616 - INFO - Inserted 361 rows for HINDUNILVR.NS
2026-08-19 02:45:41,803 - INFO - [SBIN_NS] Inserted 361 rows (duplicates ignored)
2026-08-19 02:45:41,803 - INFO - Inserted 361 rows for SBIN.NS
2026-08-19 02:45:41,971 - INFO - [BHARTIARTL_NS] Inserted 361 rows (duplicates ignored)
2026-08-19 02:45:41,971 - INFO - Inserted 361 rows for BHARTIARTL.NS
2026-08-19 02:45:42,134 - INFO - [KOTAKBANK_NS] Inserted 361 rows (duplicates ignored)
2026-08-19 02:45:42,134 - INFO - Inserted 361 rows for KOTAKBANK.NS
2026-08-19 02:45:42,281 - INFO - [LT_NS] Inserted 361 rows (duplicates ignored)
2026-08-19 02:45:42,281 - INFO - Inserted 361 rows for LT.NS
2026-08-19 02:45:42,440 - INFO - [AXISBANK_NS] Inserted 361 rows (duplicates ignored)
2026-08-19 02:45:42,440 - INFO - Inserted 361 rows for AXISBANK.NS
2026-08-19 02:45:42,584 - INFO - [BAJFINANCE_NS] Inserted 361 rows (duplicates ignored)
2026-08-19 02:45:42,584 - INFO - Inserted 361 rows for BAJFINANCE.NS
2026-08-19 02:45:42,733 - INFO - [ASIANPAINT_NS] Inserted 361 rows (duplicates ignored)
2026-08-19 02:45:42,734 - INFO - Inserted 361 rows for ASIANPAINT.NS
2026-08-19 02:45:42,866 - INFO - [MARUTI_NS] Inserted 361 rows (duplicates ignored)
2026-08-19 02:45:42,866 - INFO - Inserted 361 rows for MARUTI.NS
2026-08-19 02:45:43,032 - INFO - [SUNPHARMA_NS] Inserted 361 rows (duplicates ignored)
2026-08-19 02:45:43,032 - INFO - Inserted 361 rows for SUNPHARMA.NS
2026-08-19 02:45:43,211 - INFO - [WIPRO_NS] Inserted 361 rows (duplicates ignored)
2026-08-19 02:45:43,211 - INFO - Inserted 361 rows for WIPRO.NS
2026-08-19 02:45:43,357 - INFO - [POWERGRID_NS] Inserted 361 rows (duplicates ignored)
2026-08-19 02:45:43,357 - INFO - Inserted 361 rows for POWERGRID.NS
2026-08-19 02:45:43,766 - INFO - [NTPC_NS] Inserted 361 rows (duplicates ignored)
2026-08-19 02:45:43,766 - INFO - Inserted 361 rows for NTPC.NS
2026-08-19 02:45:43,921 - INFO - [ONGC_NS] Inserted 361 rows (duplicates ignored)
2026-08-19 02:45:43,921 - INFO - Inserted 361 rows for ONGC.NS
2026-08-19 02:45:43,933 - INFO - Cycle complete. README updated.
2026-08-19 03:33:21,206 - INFO - Starting data fetch cycle...
2026-08-19 03:33:21,522 - INFO - [RELIANCE_NS] Inserted 361 rows (duplicates ignored)
2026-08-19 03:33:21,522 - INFO - Inserted 361 rows for RELIANCE.NS
2026-08-19 03:33:21,669 - INFO - [HDFCBANK_NS] Inserted 361 rows (duplicates ignored)
2026-08-19 03:33:21,670 - INFO - Inserted 361 rows for HDFCBANK.NS
2026-08-19 03:33:21,797 - INFO - [ICICIBANK_NS] Inserted 361 rows (duplicates ignored)
2026-08-19 03:33:21,798 - INFO - Inserted 361 rows for ICICIBANK.NS
2026-08-19 03:33:21,937 - INFO - [INFY_NS] Inserted 361 rows (duplicates ignored)
2026-08-19 03:33:21,937 - INFO - Inserted 361 rows for INFY.NS
2026-08-19 03:33:22,113 - INFO - [TCS_NS] Inserted 361 rows (duplicates ignored)
2026-08-19 03:33:22,113 - INFO - Inserted 361 rows for TCS.NS
2026-08-19 03:33:22,294 - INFO - [ITC_NS] Inserted 361 rows (duplicates ignored)
2026-08-19 03:33:22,294 - INFO - Inserted 361 rows for ITC.NS
2026-08-19 03:33:23,028 - INFO - [HINDUNILVR_NS] Inserted 361 rows (duplicates ignored)
2026-08-19 03:33:23,028 - INFO - Inserted 361 rows for HINDUNILVR.NS
2026-08-19 03:33:23,535 - INFO - [SBIN_NS] Inserted 361 rows (duplicates ignored)
2026-08-19 03:33:23,535 - INFO - Inserted 361 rows for SBIN.NS
2026-08-19 03:33:24,222 - INFO - [BHARTIARTL_NS] Inserted 361 rows (duplicates ignored)
2026-08-19 03:33:24,222 - INFO - Inserted 361 rows for BHARTIARTL.NS
2026-08-19 03:33:24,430 - INFO - [KOTAKBANK_NS] Inserted 361 rows (duplicates ignored)
2026-08-19 03:33:24,430 - INFO - Inserted 361 rows for KOTAKBANK.NS
2026-08-19 03:33:24,629 - INFO - [LT_NS] Inserted 361 rows (duplicates ignored)
2026-08-19 03:33:24,629 - INFO - Inserted 361 rows for LT.NS
2026-08-19 03:33:24,805 - INFO - [AXISBANK_NS] Inserted 361 rows (duplicates ignored)
2026-08-19 03:33:24,805 - INFO - Inserted 361 rows for AXISBANK.NS
2026-08-19 03:33:24,963 - INFO - [BAJFINANCE_NS] Inserted 361 rows (duplicates ignored)
2026-08-19 03:33:24,963 - INFO - Inserted 361 rows for BAJFINANCE.NS
2026-08-19 03:33:25,120 - INFO - [ASIANPAINT_NS] Inserted 361 rows (duplicates ignored)
2026-08-19 03:33:25,120 - INFO - Inserted 361 rows for ASIANPAINT.NS
2026-08-19 03:33:25,269 - INFO - [MARUTI_NS] Inserted 361 rows (duplicates ignored)
2026-08-19 03:33:25,269 - INFO - Inserted 361 rows for MARUTI.NS
2026-08-19 03:33:25,434 - INFO - [SUNPHARMA_NS] Inserted 361 rows (duplicates ignored)
2026-08-19 03:33:25,434 - INFO - Inserted 361 rows for SUNPHARMA.NS
2026-08-19 03:33:25,585 - INFO - [WIPRO_NS] Inserted 361 rows (duplicates ignored)
2026-08-19 03:33:25,585 - INFO - Inserted 361 rows for WIPRO.NS
2026-08-19 03:33:25,744 - INFO - [POWERGRID_NS] Inserted 361 rows (duplicates ignored)
2026-08-19 03:33:25,744 - INFO - Inserted 361 rows for POWERGRID.NS
2026-08-19 03:33:25,909 - INFO - [NTPC_NS] Inserted 361 rows (duplicates ignored)
2026-08-19 03:33:25,909 - INFO - Inserted 361 rows for NTPC.NS
2026-08-19 03:33:26,121 - INFO - [ONGC_NS] Inserted 361 rows (duplicates ignored)
2026-08-19 03:33:26,121 - INFO - Inserted 361 rows for ONGC.NS
2026-08-19 03:33:26,136 - INFO - Cycle complete. README updated.
2026-08-19 04:19:30,371 - INFO - Starting data fetch cycle...
2026-08-19 04:19:31,700 - INFO - [RELIANCE_NS] Inserted 35 rows (duplicates ignored)
2026-08-19 04:19:31,700 - INFO - Inserted 35 rows for RELIANCE.NS
2026-08-19 04:19:31,970 - INFO - [HDFCBANK_NS] Inserted 35 rows (duplicates ignored)
2026-08-19 04:19:31,970 - INFO - Inserted 35 rows for HDFCBANK.NS
2026-08-19 04:19:32,242 - INFO - [ICICIBANK_NS] Inserted 35 rows (duplicates ignored)
2026-08-19 04:19:32,242 - INFO - Inserted 35 rows for ICICIBANK.NS
2026-08-19 04:19:32,517 - INFO - [INFY_NS] Inserted 35 rows (duplicates ignored)
2026-08-19 04:19:32,517 - INFO - Inserted 35 rows for INFY.NS
2026-08-19 04:19:32,799 - INFO - [TCS_NS] Inserted 35 rows (duplicates ignored)
2026-08-19 04:19:32,799 - INFO - Inserted 35 rows for TCS.NS
2026-08-19 04:19:33,081 - INFO - [ITC_NS] Inserted 35 rows (duplicates ignored)
2026-08-19 04:19:33,081 - INFO - Inserted 35 rows for ITC.NS
2026-08-19 04:19:33,362 - INFO - [HINDUNILVR_NS] Inserted 35 rows (duplicates ignored)
2026-08-19 04:19:33,362 - INFO - Inserted 35 rows for HINDUNILVR.NS
2026-08-19 04:19:33,653 - INFO - [SBIN_NS] Inserted 35 rows (duplicates ignored)
2026-08-19 04:19:33,653 - INFO - Inserted 35 rows for SBIN.NS
2026-08-19 04:19:33,937 - INFO - [BHARTIARTL_NS] Inserted 35 rows (duplicates ignored)
2026-08-19 04:19:33,937 - INFO - Inserted 35 rows for BHARTIARTL.NS
2026-08-19 04:19:34,210 - INFO - [KOTAKBANK_NS] Inserted 35 rows (duplicates ignored)
2026-08-19 04:19:34,210 - INFO - Inserted 35 rows for KOTAKBANK.NS
2026-08-19 04:19:34,485 - INFO - [LT_NS] Inserted 35 rows (duplicates ignored)
2026-08-19 04:19:34,485 - INFO - Inserted 35 rows for LT.NS
2026-08-19 04:19:34,766 - INFO - [AXISBANK_NS] Inserted 35 rows (duplicates ignored)
2026-08-19 04:19:34,766 - INFO - Inserted 35 rows for AXISBANK.NS
2026-08-19 04:19:35,049 - INFO - [BAJFINANCE_NS] Inserted 35 rows (duplicates ignored)
2026-08-19 04:19:35,049 - INFO - Inserted 35 rows for BAJFINANCE.NS
2026-08-19 04:19:35,332 - INFO - [ASIANPAINT_NS] Inserted 35 rows (duplicates ignored)
2026-08-19 04:19:35,332 - INFO - Inserted 35 rows for ASIANPAINT.NS
2026-08-19 04:19:35,621 - INFO - [MARUTI_NS] Inserted 35 rows (duplicates ignored)
2026-08-19 04:19:35,621 - INFO - Inserted 35 rows for MARUTI.NS
2026-08-19 04:19:35,904 - INFO - [SUNPHARMA_NS] Inserted 35 rows (duplicates ignored)
2026-08-19 04:19:35,904 - INFO - Inserted 35 rows for SUNPHARMA.NS
2026-08-19 04:19:36,184 - INFO - [WIPRO_NS] Inserted 35 rows (duplicates ignored)
2026-08-19 04:19:36,184 - INFO - Inserted 35 rows for WIPRO.NS
2026-08-19 04:19:36,458 - INFO - [POWERGRID_NS] Inserted 35 rows (duplicates ignored)
2026-08-19 04:19:36,458 - INFO - Inserted 35 rows for POWERGRID.NS
2026-08-19 04:19:36,737 - INFO - [NTPC_NS] Inserted 35 rows (duplicates ignored)
2026-08-19 04:19:36,737 - INFO - Inserted 35 rows for NTPC.NS
2026-08-19 04:19:37,039 - INFO - [ONGC_NS] Inserted 35 rows (duplicates ignored)
2026-08-19 04:19:37,039 - INFO - Inserted 35 rows for ONGC.NS
2026-08-19 04:19:37,055 - INFO - Cycle complete. README updated.
2026-08-19 05:38:17,836 - INFO - Starting data fetch cycle...
2026-08-19 05:38:18,443 - INFO - [RELIANCE_NS] Inserted 114 rows (duplicates ignored)
2026-08-19 05:38:18,443 - INFO - Inserted 114 rows for RELIANCE.NS
2026-08-19 05:38:18,842 - INFO - [HDFCBANK_NS] Inserted 114 rows (duplicates ignored)
2026-08-19 05:38:18,843 - INFO - Inserted 114 rows for HDFCBANK.NS
2026-08-19 05:38:19,210 - INFO - [ICICIBANK_NS] Inserted 114 rows (duplicates ignored)
2026-08-19 05:38:19,210 - INFO - Inserted 114 rows for ICICIBANK.NS
2026-08-19 05:38:20,057 - INFO - [INFY_NS] Inserted 114 rows (duplicates ignored)
2026-08-19 05:38:20,057 - INFO - Inserted 114 rows for INFY.NS
2026-08-19 05:38:20,376 - INFO - [TCS_NS] Inserted 114 rows (duplicates ignored)
2026-08-19 05:38:20,376 - INFO - Inserted 114 rows for TCS.NS
2026-08-19 05:38:20,704 - INFO - [ITC_NS] Inserted 114 rows (duplicates ignored)
2026-08-19 05:38:20,704 - INFO - Inserted 114 rows for ITC.NS
2026-08-19 05:38:21,001 - INFO - [HINDUNILVR_NS] Inserted 114 rows (duplicates ignored)
2026-08-19 05:38:21,001 - INFO - Inserted 114 rows for HINDUNILVR.NS
2026-08-19 05:38:21,360 - INFO - [SBIN_NS] Inserted 114 rows (duplicates ignored)
2026-08-19 05:38:21,360 - INFO - Inserted 114 rows for SBIN.NS
2026-08-19 05:38:21,812 - INFO - [BHARTIARTL_NS] Inserted 114 rows (duplicates ignored)
2026-08-19 05:38:21,813 - INFO - Inserted 114 rows for BHARTIARTL.NS
2026-08-19 05:38:22,151 - INFO - [KOTAKBANK_NS] Inserted 114 rows (duplicates ignored)
2026-08-19 05:38:22,151 - INFO - Inserted 114 rows for KOTAKBANK.NS
2026-08-19 05:38:22,479 - INFO - [LT_NS] Inserted 114 rows (duplicates ignored)
2026-08-19 05:38:22,479 - INFO - Inserted 114 rows for LT.NS
2026-08-19 05:38:22,766 - INFO - [AXISBANK_NS] Inserted 114 rows (duplicates ignored)
2026-08-19 05:38:22,766 - INFO - Inserted 114 rows for AXISBANK.NS
2026-08-19 05:38:23,117 - INFO - [BAJFINANCE_NS] Inserted 114 rows (duplicates ignored)
2026-08-19 05:38:23,117 - INFO - Inserted 114 rows for BAJFINANCE.NS
2026-08-19 05:38:23,418 - INFO - [ASIANPAINT_NS] Inserted 114 rows (duplicates ignored)
2026-08-19 05:38:23,418 - INFO - Inserted 114 rows for ASIANPAINT.NS
2026-08-19 05:38:23,739 - INFO - [MARUTI_NS] Inserted 114 rows (duplicates ignored)
2026-08-19 05:38:23,740 - INFO - Inserted 114 rows for MARUTI.NS
2026-08-19 05:38:24,079 - INFO - [SUNPHARMA_NS] Inserted 114 rows (duplicates ignored)
2026-08-19 05:38:24,079 - INFO - Inserted 114 rows for SUNPHARMA.NS
2026-08-19 05:38:24,379 - INFO - [WIPRO_NS] Inserted 114 rows (duplicates ignored)
2026-08-19 05:38:24,379 - INFO - Inserted 114 rows for WIPRO.NS
2026-08-19 05:38:24,719 - INFO - [POWERGRID_NS] Inserted 114 rows (duplicates ignored)
2026-08-19 05:38:24,719 - INFO - Inserted 114 rows for POWERGRID.NS
2026-08-19 05:38:25,049 - INFO - [NTPC_NS] Inserted 114 rows (duplicates ignored)
2026-08-19 05:38:25,049 - INFO - Inserted 114 rows for NTPC.NS
2026-08-19 05:38:25,451 - INFO - [ONGC_NS] Inserted 114 rows (duplicates ignored)
2026-08-19 05:38:25,451 - INFO - Inserted 114 rows for ONGC.NS
2026-08-19 05:38:25,464 - INFO - Cycle complete. README updated.
2026-08-19 22:52:26,828 - INFO - Starting data fetch cycle...
2026-08-19 22:52:27,160 - INFO - [RELIANCE_NS] Inserted 361 rows (duplicates ignored)
2026-08-19 22:52:27,160 - INFO - Inserted 361 rows for RELIANCE.NS
2026-08-19 22:52:27,366 - INFO - [HDFCBANK_NS] Inserted 361 rows (duplicates ignored)
2026-08-19 22:52:27,366 - INFO - Inserted 361 rows for HDFCBANK.NS
2026-08-19 22:52:27,581 - INFO - [ICICIBANK_NS] Inserted 360 rows (duplicates ignored)
2026-08-19 22:52:27,582 - INFO - Inserted 360 rows for ICICIBANK.NS
2026-08-19 22:52:27,768 - INFO - [INFY_NS] Inserted 361 rows (duplicates ignored)
2026-08-19 22:52:27,769 - INFO - Inserted 361 rows for INFY.NS
2026-08-19 22:52:27,924 - INFO - [TCS_NS] Inserted 361 rows (duplicates ignored)
2026-08-19 22:52:27,925 - INFO - Inserted 361 rows for TCS.NS
2026-08-19 22:52:28,110 - INFO - [ITC_NS] Inserted 361 rows (duplicates ignored)
2026-08-19 22:52:28,111 - INFO - Inserted 361 rows for ITC.NS
2026-08-19 22:52:28,300 - INFO - [HINDUNILVR_NS] Inserted 361 rows (duplicates ignored)
2026-08-19 22:52:28,300 - INFO - Inserted 361 rows for HINDUNILVR.NS
2026-08-19 22:52:28,540 - INFO - [SBIN_NS] Inserted 361 rows (duplicates ignored)
2026-08-19 22:52:28,540 - INFO - Inserted 361 rows for SBIN.NS
2026-08-19 22:52:28,698 - INFO - [BHARTIARTL_NS] Inserted 361 rows (duplicates ignored)
2026-08-19 22:52:28,698 - INFO - Inserted 361 rows for BHARTIARTL.NS
2026-08-19 22:52:28,875 - INFO - [KOTAKBANK_NS] Inserted 361 rows (duplicates ignored)
2026-08-19 22:52:28,875 - INFO - Inserted 361 rows for KOTAKBANK.NS
2026-08-19 22:52:29,040 - INFO - [LT_NS] Inserted 361 rows (duplicates ignored)
2026-08-19 22:52:29,041 - INFO - Inserted 361 rows for LT.NS
2026-08-19 22:52:29,257 - INFO - [AXISBANK_NS] Inserted 361 rows (duplicates ignored)
2026-08-19 22:52:29,258 - INFO - Inserted 361 rows for AXISBANK.NS
2026-08-19 22:52:29,423 - INFO - [BAJFINANCE_NS] Inserted 361 rows (duplicates ignored)
2026-08-19 22:52:29,423 - INFO - Inserted 361 rows for BAJFINANCE.NS
2026-08-19 22:52:29,599 - INFO - [ASIANPAINT_NS] Inserted 361 rows (duplicates ignored)
2026-08-19 22:52:29,599 - INFO - Inserted 361 rows for ASIANPAINT.NS
2026-08-19 22:52:29,796 - INFO - [MARUTI_NS] Inserted 361 rows (duplicates ignored)
2026-08-19 22:52:29,796 - INFO - Inserted 361 rows for MARUTI.NS
2026-08-19 22:52:30,006 - INFO - [SUNPHARMA_NS] Inserted 360 rows (duplicates ignored)
2026-08-19 22:52:30,006 - INFO - Inserted 360 rows for SUNPHARMA.NS
2026-08-19 22:52:30,178 - INFO - [WIPRO_NS] Inserted 361 rows (duplicates ignored)
2026-08-19 22:52:30,178 - INFO - Inserted 361 rows for WIPRO.NS
2026-08-19 22:52:30,394 - INFO - [POWERGRID_NS] Inserted 361 rows (duplicates ignored)
2026-08-19 22:52:30,394 - INFO - Inserted 361 rows for POWERGRID.NS
2026-08-19 22:52:30,560 - INFO - [NTPC_NS] Inserted 361 rows (duplicates ignored)
2026-08-19 22:52:30,560 - INFO - Inserted 361 rows for NTPC.NS
2026-08-19 22:52:30,728 - INFO - [ONGC_NS] Inserted 361 rows (duplicates ignored)
2026-08-19 22:52:30,728 - INFO - Inserted 361 rows for ONGC.NS
2026-08-19 22:52:30,741 - INFO - Cycle complete. README updated.
2026-08-19 23:18:31,069 - INFO - Starting data fetch cycle...
2026-08-19 23:18:31,382 - INFO - [RELIANCE_NS] Inserted 361 rows (duplicates ignored)
2026-08-19 23:18:31,382 - INFO - Inserted 361 rows for RELIANCE.NS
2026-08-19 23:18:31,549 - INFO - [HDFCBANK_NS] Inserted 361 rows (duplicates ignored)
2026-08-19 23:18:31,549 - INFO - Inserted 361 rows for HDFCBANK.NS
2026-08-19 23:18:31,724 - INFO - [ICICIBANK_NS] Inserted 360 rows (duplicates ignored)
2026-08-19 23:18:31,725 - INFO - Inserted 360 rows for ICICIBANK.NS
2026-08-19 23:18:31,891 - INFO - [INFY_NS] Inserted 361 rows (duplicates ignored)
2026-08-19 23:18:31,892 - INFO - Inserted 361 rows for INFY.NS
2026-08-19 23:18:32,060 - INFO - [TCS_NS] Inserted 361 rows (duplicates ignored)
2026-08-19 23:18:32,061 - INFO - Inserted 361 rows for TCS.NS
2026-08-19 23:18:32,226 - INFO - [ITC_NS] Inserted 361 rows (duplicates ignored)
2026-08-19 23:18:32,226 - INFO - Inserted 361 rows for ITC.NS
2026-08-19 23:18:32,599 - INFO - [HINDUNILVR_NS] Inserted 361 rows (duplicates ignored)
2026-08-19 23:18:32,599 - INFO - Inserted 361 rows for HINDUNILVR.NS
2026-08-19 23:18:32,765 - INFO - [SBIN_NS] Inserted 361 rows (duplicates ignored)
2026-08-19 23:18:32,765 - INFO - Inserted 361 rows for SBIN.NS
2026-08-19 23:18:32,910 - INFO - [BHARTIARTL_NS] Inserted 361 rows (duplicates ignored)
2026-08-19 23:18:32,911 - INFO - Inserted 361 rows for BHARTIARTL.NS
2026-08-19 23:18:33,074 - INFO - [KOTAKBANK_NS] Inserted 361 rows (duplicates ignored)
2026-08-19 23:18:33,074 - INFO - Inserted 361 rows for KOTAKBANK.NS
2026-08-19 23:18:33,241 - INFO - [LT_NS] Inserted 361 rows (duplicates ignored)
2026-08-19 23:18:33,241 - INFO - Inserted 361 rows for LT.NS
2026-08-19 23:18:33,398 - INFO - [AXISBANK_NS] Inserted 361 rows (duplicates ignored)
2026-08-19 23:18:33,398 - INFO - Inserted 361 rows for AXISBANK.NS
2026-08-19 23:18:33,564 - INFO - [BAJFINANCE_NS] Inserted 361 rows (duplicates ignored)
2026-08-19 23:18:33,564 - INFO - Inserted 361 rows for BAJFINANCE.NS
2026-08-19 23:18:33,724 - INFO - [ASIANPAINT_NS] Inserted 361 rows (duplicates ignored)
2026-08-19 23:18:33,724 - INFO - Inserted 361 rows for ASIANPAINT.NS
2026-08-19 23:18:33,955 - INFO - [MARUTI_NS] Inserted 361 rows (duplicates ignored)
2026-08-19 23:18:33,955 - INFO - Inserted 361 rows for MARUTI.NS
2026-08-19 23:18:34,122 - INFO - [SUNPHARMA_NS] Inserted 360 rows (duplicates ignored)
2026-08-19 23:18:34,122 - INFO - Inserted 360 rows for SUNPHARMA.NS
2026-08-19 23:18:34,285 - INFO - [WIPRO_NS] Inserted 361 rows (duplicates ignored)
2026-08-19 23:18:34,286 - INFO - Inserted 361 rows for WIPRO.NS
2026-08-19 23:18:34,497 - INFO - [POWERGRID_NS] Inserted 361 rows (duplicates ignored)
2026-08-19 23:18:34,497 - INFO - Inserted 361 rows for POWERGRID.NS
2026-08-19 23:18:34,736 - INFO - [NTPC_NS] Inserted 361 rows (duplicates ignored)
2026-08-19 23:18:34,736 - INFO - Inserted 361 rows for NTPC.NS
2026-08-19 23:18:34,891 - INFO - [ONGC_NS] Inserted 361 rows (duplicates ignored)
2026-08-19 23:18:34,892 - INFO - Inserted 361 rows for ONGC.NS
2026-08-19 23:18:34,905 - INFO - Cycle complete. README updated.
2026-08-19 23:42:46,554 - INFO - Starting data fetch cycle...
2026-08-19 23:42:46,928 - INFO - [RELIANCE_NS] Inserted 361 rows (duplicates ignored)
2026-08-19 23:42:46,928 - INFO - Inserted 361 rows for RELIANCE.NS
2026-08-19 23:42:47,089 - INFO - [HDFCBANK_NS] Inserted 361 rows (duplicates ignored)
2026-08-19 23:42:47,089 - INFO - Inserted 361 rows for HDFCBANK.NS
2026-08-19 23:42:47,290 - INFO - [ICICIBANK_NS] Inserted 360 rows (duplicates ignored)
2026-08-19 23:42:47,290 - INFO - Inserted 360 rows for ICICIBANK.NS
2026-08-19 23:42:47,472 - INFO - [INFY_NS] Inserted 361 rows (duplicates ignored)
2026-08-19 23:42:47,472 - INFO - Inserted 361 rows for INFY.NS
2026-08-19 23:42:47,662 - INFO - [TCS_NS] Inserted 361 rows (duplicates ignored)
2026-08-19 23:42:47,663 - INFO - Inserted 361 rows for TCS.NS
2026-08-19 23:42:47,826 - INFO - [ITC_NS] Inserted 361 rows (duplicates ignored)
2026-08-19 23:42:47,826 - INFO - Inserted 361 rows for ITC.NS
2026-08-19 23:42:47,988 - INFO - [HINDUNILVR_NS] Inserted 361 rows (duplicates ignored)
2026-08-19 23:42:47,988 - INFO - Inserted 361 rows for HINDUNILVR.NS
2026-08-19 23:42:48,201 - INFO - [SBIN_NS] Inserted 361 rows (duplicates ignored)
2026-08-19 23:42:48,201 - INFO - Inserted 361 rows for SBIN.NS
2026-08-19 23:42:48,342 - INFO - [BHARTIARTL_NS] Inserted 361 rows (duplicates ignored)
2026-08-19 23:42:48,342 - INFO - Inserted 361 rows for BHARTIARTL.NS
2026-08-19 23:42:48,503 - INFO - [KOTAKBANK_NS] Inserted 361 rows (duplicates ignored)
2026-08-19 23:42:48,503 - INFO - Inserted 361 rows for KOTAKBANK.NS
2026-08-19 23:42:48,664 - INFO - [LT_NS] Inserted 361 rows (duplicates ignored)
2026-08-19 23:42:48,664 - INFO - Inserted 361 rows for LT.NS
2026-08-19 23:42:48,826 - INFO - [AXISBANK_NS] Inserted 361 rows (duplicates ignored)
2026-08-19 23:42:48,826 - INFO - Inserted 361 rows for AXISBANK.NS
2026-08-19 23:42:49,038 - INFO - [BAJFINANCE_NS] Inserted 361 rows (duplicates ignored)
2026-08-19 23:42:49,038 - INFO - Inserted 361 rows for BAJFINANCE.NS
2026-08-19 23:42:49,189 - INFO - [ASIANPAINT_NS] Inserted 361 rows (duplicates ignored)
2026-08-19 23:42:49,189 - INFO - Inserted 361 rows for ASIANPAINT.NS
2026-08-19 23:42:49,351 - INFO - [MARUTI_NS] Inserted 361 rows (duplicates ignored)
2026-08-19 23:42:49,351 - INFO - Inserted 361 rows for MARUTI.NS
2026-08-19 23:42:49,502 - INFO - [SUNPHARMA_NS] Inserted 360 rows (duplicates ignored)
2026-08-19 23:42:49,502 - INFO - Inserted 360 rows for SUNPHARMA.NS
2026-08-19 23:42:49,676 - INFO - [WIPRO_NS] Inserted 361 rows (duplicates ignored)
2026-08-19 23:42:49,677 - INFO - Inserted 361 rows for WIPRO.NS
2026-08-19 23:42:49,839 - INFO - [POWERGRID_NS] Inserted 361 rows (duplicates ignored)
2026-08-19 23:42:49,839 - INFO - Inserted 361 rows for POWERGRID.NS
2026-08-19 23:42:49,991 - INFO - [NTPC_NS] Inserted 361 rows (duplicates ignored)
2026-08-19 23:42:49,991 - INFO - Inserted 361 rows for NTPC.NS
2026-08-19 23:42:50,134 - INFO - [ONGC_NS] Inserted 361 rows (duplicates ignored)
2026-08-19 23:42:50,134 - INFO - Inserted 361 rows for ONGC.NS
2026-08-19 23:42:50,145 - INFO - Cycle complete. README updated.
2026-08-20 00:01:23,570 - INFO - Starting data fetch cycle...
2026-08-20 00:01:24,741 - INFO - [RELIANCE_NS] Inserted 361 rows (duplicates ignored)
2026-08-20 00:01:24,741 - INFO - Inserted 361 rows for RELIANCE.NS
2026-08-20 00:01:25,193 - INFO - [HDFCBANK_NS] Inserted 361 rows (duplicates ignored)
2026-08-20 00:01:25,193 - INFO - Inserted 361 rows for HDFCBANK.NS
2026-08-20 00:01:25,539 - INFO - [ICICIBANK_NS] Inserted 360 rows (duplicates ignored)
2026-08-20 00:01:25,539 - INFO - Inserted 360 rows for ICICIBANK.NS
2026-08-20 00:01:25,875 - INFO - [INFY_NS] Inserted 361 rows (duplicates ignored)
2026-08-20 00:01:25,876 - INFO - Inserted 361 rows for INFY.NS
2026-08-20 00:01:26,451 - INFO - [TCS_NS] Inserted 361 rows (duplicates ignored)
2026-08-20 00:01:26,451 - INFO - Inserted 361 rows for TCS.NS
2026-08-20 00:01:26,806 - INFO - [ITC_NS] Inserted 361 rows (duplicates ignored)
2026-08-20 00:01:26,807 - INFO - Inserted 361 rows for ITC.NS
2026-08-20 00:01:27,091 - INFO - [HINDUNILVR_NS] Inserted 361 rows (duplicates ignored)
2026-08-20 00:01:27,091 - INFO - Inserted 361 rows for HINDUNILVR.NS
2026-08-20 00:01:27,425 - INFO - [SBIN_NS] Inserted 361 rows (duplicates ignored)
2026-08-20 00:01:27,425 - INFO - Inserted 361 rows for SBIN.NS
2026-08-20 00:01:27,837 - INFO - [BHARTIARTL_NS] Inserted 361 rows (duplicates ignored)
2026-08-20 00:01:27,837 - INFO - Inserted 361 rows for BHARTIARTL.NS
2026-08-20 00:01:28,169 - INFO - [KOTAKBANK_NS] Inserted 361 rows (duplicates ignored)
2026-08-20 00:01:28,169 - INFO - Inserted 361 rows for KOTAKBANK.NS
2026-08-20 00:01:28,562 - INFO - [LT_NS] Inserted 361 rows (duplicates ignored)
2026-08-20 00:01:28,562 - INFO - Inserted 361 rows for LT.NS
2026-08-20 00:01:28,987 - INFO - [AXISBANK_NS] Inserted 361 rows (duplicates ignored)
2026-08-20 00:01:28,988 - INFO - Inserted 361 rows for AXISBANK.NS
2026-08-20 00:01:29,450 - INFO - [BAJFINANCE_NS] Inserted 361 rows (duplicates ignored)
2026-08-20 00:01:29,450 - INFO - Inserted 361 rows for BAJFINANCE.NS
2026-08-20 00:01:29,890 - INFO - [ASIANPAINT_NS] Inserted 361 rows (duplicates ignored)
2026-08-20 00:01:29,890 - INFO - Inserted 361 rows for ASIANPAINT.NS
2026-08-20 00:01:30,274 - INFO - [MARUTI_NS] Inserted 361 rows (duplicates ignored)
2026-08-20 00:01:30,274 - INFO - Inserted 361 rows for MARUTI.NS
2026-08-20 00:01:30,630 - INFO - [SUNPHARMA_NS] Inserted 360 rows (duplicates ignored)
2026-08-20 00:01:30,630 - INFO - Inserted 360 rows for SUNPHARMA.NS
2026-08-20 00:01:31,577 - INFO - [WIPRO_NS] Inserted 361 rows (duplicates ignored)
2026-08-20 00:01:31,577 - INFO - Inserted 361 rows for WIPRO.NS
2026-08-20 00:01:31,973 - INFO - [POWERGRID_NS] Inserted 361 rows (duplicates ignored)
2026-08-20 00:01:31,974 - INFO - Inserted 361 rows for POWERGRID.NS
2026-08-20 00:01:32,388 - INFO - [NTPC_NS] Inserted 361 rows (duplicates ignored)
2026-08-20 00:01:32,388 - INFO - Inserted 361 rows for NTPC.NS
2026-08-20 00:01:32,750 - INFO - [ONGC_NS] Inserted 361 rows (duplicates ignored)
2026-08-20 00:01:32,750 - INFO - Inserted 361 rows for ONGC.NS
2026-08-20 00:01:32,759 - INFO - Cycle complete. README updated.
2026-08-20 01:47:15,768 - INFO - Starting data fetch cycle...
2026-08-20 01:47:16,513 - INFO - [RELIANCE_NS] Inserted 361 rows (duplicates ignored)
2026-08-20 01:47:16,513 - INFO - Inserted 361 rows for RELIANCE.NS
2026-08-20 01:47:16,747 - INFO - [HDFCBANK_NS] Inserted 361 rows (duplicates ignored)
2026-08-20 01:47:16,747 - INFO - Inserted 361 rows for HDFCBANK.NS
2026-08-20 01:47:17,003 - INFO - [ICICIBANK_NS] Inserted 360 rows (duplicates ignored)
2026-08-20 01:47:17,004 - INFO - Inserted 360 rows for ICICIBANK.NS
2026-08-20 01:47:17,302 - INFO - [INFY_NS] Inserted 361 rows (duplicates ignored)
2026-08-20 01:47:17,302 - INFO - Inserted 361 rows for INFY.NS
2026-08-20 01:47:17,550 - INFO - [TCS_NS] Inserted 361 rows (duplicates ignored)
2026-08-20 01:47:17,550 - INFO - Inserted 361 rows for TCS.NS
2026-08-20 01:47:17,858 - INFO - [ITC_NS] Inserted 361 rows (duplicates ignored)
2026-08-20 01:47:17,858 - INFO - Inserted 361 rows for ITC.NS
2026-08-20 01:47:18,082 - INFO - [HINDUNILVR_NS] Inserted 361 rows (duplicates ignored)
2026-08-20 01:47:18,082 - INFO - Inserted 361 rows for HINDUNILVR.NS
2026-08-20 01:47:18,323 - INFO - [SBIN_NS] Inserted 361 rows (duplicates ignored)
2026-08-20 01:47:18,323 - INFO - Inserted 361 rows for SBIN.NS
2026-08-20 01:47:18,561 - INFO - [BHARTIARTL_NS] Inserted 361 rows (duplicates ignored)
2026-08-20 01:47:18,561 - INFO - Inserted 361 rows for BHARTIARTL.NS
2026-08-20 01:47:18,775 - INFO - [KOTAKBANK_NS] Inserted 361 rows (duplicates ignored)
2026-08-20 01:47:18,775 - INFO - Inserted 361 rows for KOTAKBANK.NS
2026-08-20 01:47:19,051 - INFO - [LT_NS] Inserted 361 rows (duplicates ignored)
2026-08-20 01:47:19,051 - INFO - Inserted 361 rows for LT.NS
2026-08-20 01:47:19,327 - INFO - [AXISBANK_NS] Inserted 361 rows (duplicates ignored)
2026-08-20 01:47:19,327 - INFO - Inserted 361 rows for AXISBANK.NS
2026-08-20 01:47:19,587 - INFO - [BAJFINANCE_NS] Inserted 361 rows (duplicates ignored)
2026-08-20 01:47:19,587 - INFO - Inserted 361 rows for BAJFINANCE.NS
2026-08-20 01:47:19,812 - INFO - [ASIANPAINT_NS] Inserted 361 rows (duplicates ignored)
2026-08-20 01:47:19,812 - INFO - Inserted 361 rows for ASIANPAINT.NS
2026-08-20 01:47:19,997 - INFO - [MARUTI_NS] Inserted 361 rows (duplicates ignored)
2026-08-20 01:47:19,997 - INFO - Inserted 361 rows for MARUTI.NS
2026-08-20 01:47:20,222 - INFO - [SUNPHARMA_NS] Inserted 360 rows (duplicates ignored)
2026-08-20 01:47:20,222 - INFO - Inserted 360 rows for SUNPHARMA.NS
2026-08-20 01:47:20,487 - INFO - [WIPRO_NS] Inserted 361 rows (duplicates ignored)
2026-08-20 01:47:20,487 - INFO - Inserted 361 rows for WIPRO.NS
2026-08-20 01:47:20,775 - INFO - [POWERGRID_NS] Inserted 361 rows (duplicates ignored)
2026-08-20 01:47:20,775 - INFO - Inserted 361 rows for POWERGRID.NS
2026-08-20 01:47:21,022 - INFO - [NTPC_NS] Inserted 361 rows (duplicates ignored)
2026-08-20 01:47:21,022 - INFO - Inserted 361 rows for NTPC.NS
2026-08-20 01:47:21,267 - INFO - [ONGC_NS] Inserted 361 rows (duplicates ignored)
2026-08-20 01:47:21,268 - INFO - Inserted 361 rows for ONGC.NS
2026-08-20 01:47:21,279 - INFO - Cycle complete. README updated.
2026-08-20 02:44:51,545 - INFO - Starting data fetch cycle...
2026-08-20 02:44:52,072 - INFO - [RELIANCE_NS] Inserted 361 rows (duplicates ignored)
2026-08-20 02:44:52,072 - INFO - Inserted 361 rows for RELIANCE.NS
2026-08-20 02:44:52,381 - INFO - [HDFCBANK_NS] Inserted 361 rows (duplicates ignored)
2026-08-20 02:44:52,381 - INFO - Inserted 361 rows for HDFCBANK.NS
2026-08-20 02:44:52,621 - INFO - [ICICIBANK_NS] Inserted 360 rows (duplicates ignored)
2026-08-20 02:44:52,621 - INFO - Inserted 360 rows for ICICIBANK.NS
2026-08-20 02:44:52,868 - INFO - [INFY_NS] Inserted 361 rows (duplicates ignored)
2026-08-20 02:44:52,868 - INFO - Inserted 361 rows for INFY.NS
2026-08-20 02:44:53,097 - INFO - [TCS_NS] Inserted 361 rows (duplicates ignored)
2026-08-20 02:44:53,097 - INFO - Inserted 361 rows for TCS.NS
2026-08-20 02:44:53,456 - INFO - [ITC_NS] Inserted 361 rows (duplicates ignored)
2026-08-20 02:44:53,456 - INFO - Inserted 361 rows for ITC.NS
2026-08-20 02:44:53,693 - INFO - [HINDUNILVR_NS] Inserted 361 rows (duplicates ignored)
2026-08-20 02:44:53,693 - INFO - Inserted 361 rows for HINDUNILVR.NS
2026-08-20 02:44:53,932 - INFO - [SBIN_NS] Inserted 361 rows (duplicates ignored)
2026-08-20 02:44:53,932 - INFO - Inserted 361 rows for SBIN.NS
2026-08-20 02:44:54,230 - INFO - [BHARTIARTL_NS] Inserted 361 rows (duplicates ignored)
2026-08-20 02:44:54,230 - INFO - Inserted 361 rows for BHARTIARTL.NS
2026-08-20 02:44:54,524 - INFO - [KOTAKBANK_NS] Inserted 361 rows (duplicates ignored)
2026-08-20 02:44:54,524 - INFO - Inserted 361 rows for KOTAKBANK.NS
2026-08-20 02:44:54,760 - INFO - [LT_NS] Inserted 361 rows (duplicates ignored)
2026-08-20 02:44:54,760 - INFO - Inserted 361 rows for LT.NS
2026-08-20 02:44:55,008 - INFO - [AXISBANK_NS] Inserted 361 rows (duplicates ignored)
2026-08-20 02:44:55,008 - INFO - Inserted 361 rows for AXISBANK.NS
2026-08-20 02:44:55,246 - INFO - [BAJFINANCE_NS] Inserted 361 rows (duplicates ignored)
2026-08-20 02:44:55,246 - INFO - Inserted 361 rows for BAJFINANCE.NS
2026-08-20 02:44:55,507 - INFO - [ASIANPAINT_NS] Inserted 361 rows (duplicates ignored)
2026-08-20 02:44:55,508 - INFO - Inserted 361 rows for ASIANPAINT.NS
2026-08-20 02:44:55,808 - INFO - [MARUTI_NS] Inserted 361 rows (duplicates ignored)
2026-08-20 02:44:55,808 - INFO - Inserted 361 rows for MARUTI.NS
2026-08-20 02:44:56,082 - INFO - [SUNPHARMA_NS] Inserted 360 rows (duplicates ignored)
2026-08-20 02:44:56,083 - INFO - Inserted 360 rows for SUNPHARMA.NS
2026-08-20 02:44:56,331 - INFO - [WIPRO_NS] Inserted 361 rows (duplicates ignored)
2026-08-20 02:44:56,331 - INFO - Inserted 361 rows for WIPRO.NS
2026-08-20 02:44:56,573 - INFO - [POWERGRID_NS] Inserted 361 rows (duplicates ignored)
2026-08-20 02:44:56,573 - INFO - Inserted 361 rows for POWERGRID.NS
2026-08-20 02:44:56,802 - INFO - [NTPC_NS] Inserted 361 rows (duplicates ignored)
2026-08-20 02:44:56,802 - INFO - Inserted 361 rows for NTPC.NS
2026-08-20 02:44:57,052 - INFO - [ONGC_NS] Inserted 361 rows (duplicates ignored)
2026-08-20 02:44:57,052 - INFO - Inserted 361 rows for ONGC.NS
2026-08-20 02:44:57,065 - INFO - Cycle complete. README updated.
2026-08-20 03:33:07,792 - INFO - Starting data fetch cycle...
2026-08-20 03:33:08,147 - INFO - [RELIANCE_NS] Inserted 361 rows (duplicates ignored)
2026-08-20 03:33:08,147 - INFO - Inserted 361 rows for RELIANCE.NS
2026-08-20 03:33:08,286 - INFO - [HDFCBANK_NS] Inserted 361 rows (duplicates ignored)
2026-08-20 03:33:08,286 - INFO - Inserted 361 rows for HDFCBANK.NS
2026-08-20 03:33:08,415 - INFO - [ICICIBANK_NS] Inserted 360 rows (duplicates ignored)
2026-08-20 03:33:08,415 - INFO - Inserted 360 rows for ICICIBANK.NS
2026-08-20 03:33:08,541 - INFO - [INFY_NS] Inserted 361 rows (duplicates ignored)
2026-08-20 03:33:08,541 - INFO - Inserted 361 rows for INFY.NS
2026-08-20 03:33:08,688 - INFO - [TCS_NS] Inserted 361 rows (duplicates ignored)
2026-08-20 03:33:08,688 - INFO - Inserted 361 rows for TCS.NS
2026-08-20 03:33:08,824 - INFO - [ITC_NS] Inserted 361 rows (duplicates ignored)
2026-08-20 03:33:08,824 - INFO - Inserted 361 rows for ITC.NS
2026-08-20 03:33:08,969 - INFO - [HINDUNILVR_NS] Inserted 361 rows (duplicates ignored)
2026-08-20 03:33:08,969 - INFO - Inserted 361 rows for HINDUNILVR.NS
2026-08-20 03:33:09,106 - INFO - [SBIN_NS] Inserted 361 rows (duplicates ignored)
2026-08-20 03:33:09,106 - INFO - Inserted 361 rows for SBIN.NS
2026-08-20 03:33:09,221 - INFO - [BHARTIARTL_NS] Inserted 361 rows (duplicates ignored)
2026-08-20 03:33:09,221 - INFO - Inserted 361 rows for BHARTIARTL.NS
2026-08-20 03:33:09,369 - INFO - [KOTAKBANK_NS] Inserted 361 rows (duplicates ignored)
2026-08-20 03:33:09,370 - INFO - Inserted 361 rows for KOTAKBANK.NS
2026-08-20 03:33:09,492 - INFO - [LT_NS] Inserted 361 rows (duplicates ignored)
2026-08-20 03:33:09,492 - INFO - Inserted 361 rows for LT.NS
2026-08-20 03:33:09,639 - INFO - [AXISBANK_NS] Inserted 361 rows (duplicates ignored)
2026-08-20 03:33:09,639 - INFO - Inserted 361 rows for AXISBANK.NS
2026-08-20 03:33:09,779 - INFO - [BAJFINANCE_NS] Inserted 361 rows (duplicates ignored)
2026-08-20 03:33:09,780 - INFO - Inserted 361 rows for BAJFINANCE.NS
2026-08-20 03:33:09,915 - INFO - [ASIANPAINT_NS] Inserted 361 rows (duplicates ignored)
2026-08-20 03:33:09,915 - INFO - Inserted 361 rows for ASIANPAINT.NS
2026-08-20 03:33:10,226 - INFO - [MARUTI_NS] Inserted 361 rows (duplicates ignored)
2026-08-20 03:33:10,226 - INFO - Inserted 361 rows for MARUTI.NS
2026-08-20 03:33:10,373 - INFO - [SUNPHARMA_NS] Inserted 360 rows (duplicates ignored)
2026-08-20 03:33:10,373 - INFO - Inserted 360 rows for SUNPHARMA.NS
2026-08-20 03:33:10,520 - INFO - [WIPRO_NS] Inserted 361 rows (duplicates ignored)
2026-08-20 03:33:10,520 - INFO - Inserted 361 rows for WIPRO.NS
2026-08-20 03:33:10,664 - INFO - [POWERGRID_NS] Inserted 361 rows (duplicates ignored)
2026-08-20 03:33:10,664 - INFO - Inserted 361 rows for POWERGRID.NS
2026-08-20 03:33:10,812 - INFO - [NTPC_NS] Inserted 361 rows (duplicates ignored)
2026-08-20 03:33:10,812 - INFO - Inserted 361 rows for NTPC.NS
2026-08-20 03:33:10,958 - INFO - [ONGC_NS] Inserted 361 rows (duplicates ignored)
2026-08-20 03:33:10,958 - INFO - Inserted 361 rows for ONGC.NS
2026-08-20 03:33:10,971 - INFO - Cycle complete. README updated.
2026-08-20 04:18:45,011 - INFO - Starting data fetch cycle...
2026-08-20 04:18:45,653 - INFO - [RELIANCE_NS] Inserted 34 rows (duplicates ignored)
2026-08-20 04:18:45,653 - INFO - Inserted 34 rows for RELIANCE.NS
2026-08-20 04:18:45,884 - INFO - [HDFCBANK_NS] Inserted 34 rows (duplicates ignored)
2026-08-20 04:18:45,884 - INFO - Inserted 34 rows for HDFCBANK.NS
2026-08-20 04:18:46,116 - INFO - [ICICIBANK_NS] Inserted 34 rows (duplicates ignored)
2026-08-20 04:18:46,116 - INFO - Inserted 34 rows for ICICIBANK.NS
2026-08-20 04:18:46,352 - INFO - [INFY_NS] Inserted 34 rows (duplicates ignored)
2026-08-20 04:18:46,353 - INFO - Inserted 34 rows for INFY.NS
2026-08-20 04:18:47,077 - INFO - [TCS_NS] Inserted 34 rows (duplicates ignored)
2026-08-20 04:18:47,077 - INFO - Inserted 34 rows for TCS.NS
2026-08-20 04:18:47,341 - INFO - [ITC_NS] Inserted 34 rows (duplicates ignored)
2026-08-20 04:18:47,342 - INFO - Inserted 34 rows for ITC.NS
2026-08-20 04:18:47,566 - INFO - [HINDUNILVR_NS] Inserted 34 rows (duplicates ignored)
2026-08-20 04:18:47,566 - INFO - Inserted 34 rows for HINDUNILVR.NS
2026-08-20 04:18:47,816 - INFO - [SBIN_NS] Inserted 34 rows (duplicates ignored)
2026-08-20 04:18:47,816 - INFO - Inserted 34 rows for SBIN.NS
2026-08-20 04:18:48,034 - INFO - [BHARTIARTL_NS] Inserted 34 rows (duplicates ignored)
2026-08-20 04:18:48,035 - INFO - Inserted 34 rows for BHARTIARTL.NS
2026-08-20 04:18:48,301 - INFO - [KOTAKBANK_NS] Inserted 34 rows (duplicates ignored)
2026-08-20 04:18:48,301 - INFO - Inserted 34 rows for KOTAKBANK.NS
2026-08-20 04:18:48,530 - INFO - [LT_NS] Inserted 34 rows (duplicates ignored)
2026-08-20 04:18:48,530 - INFO - Inserted 34 rows for LT.NS
2026-08-20 04:18:48,772 - INFO - [AXISBANK_NS] Inserted 34 rows (duplicates ignored)
2026-08-20 04:18:48,772 - INFO - Inserted 34 rows for AXISBANK.NS
2026-08-20 04:18:49,002 - INFO - [BAJFINANCE_NS] Inserted 34 rows (duplicates ignored)
2026-08-20 04:18:49,002 - INFO - Inserted 34 rows for BAJFINANCE.NS
2026-08-20 04:18:49,229 - INFO - [ASIANPAINT_NS] Inserted 34 rows (duplicates ignored)
2026-08-20 04:18:49,229 - INFO - Inserted 34 rows for ASIANPAINT.NS
2026-08-20 04:18:50,156 - INFO - [MARUTI_NS] Inserted 34 rows (duplicates ignored)
2026-08-20 04:18:50,156 - INFO - Inserted 34 rows for MARUTI.NS
2026-08-20 04:18:50,397 - INFO - [SUNPHARMA_NS] Inserted 34 rows (duplicates ignored)
2026-08-20 04:18:50,397 - INFO - Inserted 34 rows for SUNPHARMA.NS
2026-08-20 04:18:50,635 - INFO - [WIPRO_NS] Inserted 34 rows (duplicates ignored)
2026-08-20 04:18:50,635 - INFO - Inserted 34 rows for WIPRO.NS
2026-08-20 04:18:50,852 - INFO - [POWERGRID_NS] Inserted 34 rows (duplicates ignored)
2026-08-20 04:18:50,852 - INFO - Inserted 34 rows for POWERGRID.NS
2026-08-20 04:18:51,070 - INFO - [NTPC_NS] Inserted 34 rows (duplicates ignored)
2026-08-20 04:18:51,070 - INFO - Inserted 34 rows for NTPC.NS
2026-08-20 04:18:51,369 - INFO - [ONGC_NS] Inserted 34 rows (duplicates ignored)
2026-08-20 04:18:51,369 - INFO - Inserted 34 rows for ONGC.NS
2026-08-20 04:18:51,385 - INFO - Cycle complete. README updated.
2026-08-20 04:58:50,808 - INFO - Starting data fetch cycle...
2026-08-20 04:58:51,125 - INFO - [RELIANCE_NS] Inserted 74 rows (duplicates ignored)
2026-08-20 04:58:51,125 - INFO - Inserted 74 rows for RELIANCE.NS
2026-08-20 04:58:51,266 - INFO - [HDFCBANK_NS] Inserted 74 rows (duplicates ignored)
2026-08-20 04:58:51,266 - INFO - Inserted 74 rows for HDFCBANK.NS
2026-08-20 04:58:51,469 - INFO - [ICICIBANK_NS] Inserted 74 rows (duplicates ignored)
2026-08-20 04:58:51,469 - INFO - Inserted 74 rows for ICICIBANK.NS
2026-08-20 04:58:51,644 - INFO - [INFY_NS] Inserted 74 rows (duplicates ignored)
2026-08-20 04:58:51,645 - INFO - Inserted 74 rows for INFY.NS
2026-08-20 04:58:51,805 - INFO - [TCS_NS] Inserted 74 rows (duplicates ignored)
2026-08-20 04:58:51,805 - INFO - Inserted 74 rows for TCS.NS
2026-08-20 04:58:51,989 - INFO - [ITC_NS] Inserted 74 rows (duplicates ignored)
2026-08-20 04:58:51,989 - INFO - Inserted 74 rows for ITC.NS
2026-08-20 04:58:52,166 - INFO - [HINDUNILVR_NS] Inserted 74 rows (duplicates ignored)
2026-08-20 04:58:52,167 - INFO - Inserted 74 rows for HINDUNILVR.NS
2026-08-20 04:58:52,340 - INFO - [SBIN_NS] Inserted 74 rows (duplicates ignored)
2026-08-20 04:58:52,340 - INFO - Inserted 74 rows for SBIN.NS
2026-08-20 04:58:52,471 - INFO - [BHARTIARTL_NS] Inserted 74 rows (duplicates ignored)
2026-08-20 04:58:52,471 - INFO - Inserted 74 rows for BHARTIARTL.NS
2026-08-20 04:58:52,650 - INFO - [KOTAKBANK_NS] Inserted 74 rows (duplicates ignored)
2026-08-20 04:58:52,651 - INFO - Inserted 74 rows for KOTAKBANK.NS
2026-08-20 04:58:52,827 - INFO - [LT_NS] Inserted 74 rows (duplicates ignored)
2026-08-20 04:58:52,827 - INFO - Inserted 74 rows for LT.NS
2026-08-20 04:58:53,001 - INFO - [AXISBANK_NS] Inserted 74 rows (duplicates ignored)
2026-08-20 04:58:53,001 - INFO - Inserted 74 rows for AXISBANK.NS
2026-08-20 04:58:53,163 - INFO - [BAJFINANCE_NS] Inserted 74 rows (duplicates ignored)
2026-08-20 04:58:53,164 - INFO - Inserted 74 rows for BAJFINANCE.NS
2026-08-20 04:58:53,338 - INFO - [ASIANPAINT_NS] Inserted 74 rows (duplicates ignored)
2026-08-20 04:58:53,338 - INFO - Inserted 74 rows for ASIANPAINT.NS
2026-08-20 04:58:53,537 - INFO - [MARUTI_NS] Inserted 74 rows (duplicates ignored)
2026-08-20 04:58:53,537 - INFO - Inserted 74 rows for MARUTI.NS
2026-08-20 04:58:53,921 - INFO - [SUNPHARMA_NS] Inserted 74 rows (duplicates ignored)
2026-08-20 04:58:53,921 - INFO - Inserted 74 rows for SUNPHARMA.NS
2026-08-20 04:58:54,081 - INFO - [WIPRO_NS] Inserted 74 rows (duplicates ignored)
2026-08-20 04:58:54,081 - INFO - Inserted 74 rows for WIPRO.NS
2026-08-20 04:58:54,246 - INFO - [POWERGRID_NS] Inserted 74 rows (duplicates ignored)
2026-08-20 04:58:54,246 - INFO - Inserted 74 rows for POWERGRID.NS
2026-08-20 04:58:54,445 - INFO - [NTPC_NS] Inserted 74 rows (duplicates ignored)
2026-08-20 04:58:54,445 - INFO - Inserted 74 rows for NTPC.NS
2026-08-20 04:58:54,589 - INFO - [ONGC_NS] Inserted 74 rows (duplicates ignored)
2026-08-20 04:58:54,589 - INFO - Inserted 74 rows for ONGC.NS
2026-08-20 04:58:54,603 - INFO - Cycle complete. README updated.
2026-08-20 05:38:48,559 - INFO - Starting data fetch cycle...
2026-08-20 05:38:49,039 - INFO - [RELIANCE_NS] Inserted 114 rows (duplicates ignored)
2026-08-20 05:38:49,039 - INFO - Inserted 114 rows for RELIANCE.NS
2026-08-20 05:38:49,243 - INFO - [HDFCBANK_NS] Inserted 114 rows (duplicates ignored)
2026-08-20 05:38:49,243 - INFO - Inserted 114 rows for HDFCBANK.NS
2026-08-20 05:38:49,405 - INFO - [ICICIBANK_NS] Inserted 114 rows (duplicates ignored)
2026-08-20 05:38:49,405 - INFO - Inserted 114 rows for ICICIBANK.NS
2026-08-20 05:38:49,579 - INFO - [INFY_NS] Inserted 114 rows (duplicates ignored)
2026-08-20 05:38:49,579 - INFO - Inserted 114 rows for INFY.NS
2026-08-20 05:38:49,748 - INFO - [TCS_NS] Inserted 114 rows (duplicates ignored)
2026-08-20 05:38:49,748 - INFO - Inserted 114 rows for TCS.NS
2026-08-20 05:38:49,912 - INFO - [ITC_NS] Inserted 114 rows (duplicates ignored)
2026-08-20 05:38:49,912 - INFO - Inserted 114 rows for ITC.NS
2026-08-20 05:38:50,088 - INFO - [HINDUNILVR_NS] Inserted 114 rows (duplicates ignored)
2026-08-20 05:38:50,088 - INFO - Inserted 114 rows for HINDUNILVR.NS
2026-08-20 05:38:50,270 - INFO - [SBIN_NS] Inserted 114 rows (duplicates ignored)
2026-08-20 05:38:50,270 - INFO - Inserted 114 rows for SBIN.NS
2026-08-20 05:38:50,421 - INFO - [BHARTIARTL_NS] Inserted 114 rows (duplicates ignored)
2026-08-20 05:38:50,421 - INFO - Inserted 114 rows for BHARTIARTL.NS
2026-08-20 05:38:50,593 - INFO - [KOTAKBANK_NS] Inserted 114 rows (duplicates ignored)
2026-08-20 05:38:50,593 - INFO - Inserted 114 rows for KOTAKBANK.NS
2026-08-20 05:38:50,745 - INFO - [LT_NS] Inserted 114 rows (duplicates ignored)
2026-08-20 05:38:50,745 - INFO - Inserted 114 rows for LT.NS
2026-08-20 05:38:50,945 - INFO - [AXISBANK_NS] Inserted 114 rows (duplicates ignored)
2026-08-20 05:38:50,946 - INFO - Inserted 114 rows for AXISBANK.NS
2026-08-20 05:38:51,107 - INFO - [BAJFINANCE_NS] Inserted 114 rows (duplicates ignored)
2026-08-20 05:38:51,107 - INFO - Inserted 114 rows for BAJFINANCE.NS
2026-08-20 05:38:51,234 - INFO - [ASIANPAINT_NS] Inserted 114 rows (duplicates ignored)
2026-08-20 05:38:51,234 - INFO - Inserted 114 rows for ASIANPAINT.NS
2026-08-20 05:38:51,389 - INFO - [MARUTI_NS] Inserted 114 rows (duplicates ignored)
2026-08-20 05:38:51,389 - INFO - Inserted 114 rows for MARUTI.NS
2026-08-20 05:38:51,556 - INFO - [SUNPHARMA_NS] Inserted 114 rows (duplicates ignored)
2026-08-20 05:38:51,557 - INFO - Inserted 114 rows for SUNPHARMA.NS
2026-08-20 05:38:51,720 - INFO - [WIPRO_NS] Inserted 114 rows (duplicates ignored)
2026-08-20 05:38:51,720 - INFO - Inserted 114 rows for WIPRO.NS
2026-08-20 05:38:51,874 - INFO - [POWERGRID_NS] Inserted 114 rows (duplicates ignored)
2026-08-20 05:38:51,874 - INFO - Inserted 114 rows for POWERGRID.NS
2026-08-20 05:38:52,034 - INFO - [NTPC_NS] Inserted 114 rows (duplicates ignored)
2026-08-20 05:38:52,035 - INFO - Inserted 114 rows for NTPC.NS
2026-08-20 05:38:52,175 - INFO - [ONGC_NS] Inserted 114 rows (duplicates ignored)
2026-08-20 05:38:52,175 - INFO - Inserted 114 rows for ONGC.NS
2026-08-20 05:38:52,189 - INFO - Cycle complete. README updated.
2026-08-20 22:56:33,733 - INFO - Starting data fetch cycle...
2026-08-20 22:56:35,121 - INFO - [RELIANCE_NS] Inserted 361 rows (duplicates ignored)
2026-08-20 22:56:35,121 - INFO - Inserted 361 rows for RELIANCE.NS
2026-08-20 22:56:35,688 - INFO - [HDFCBANK_NS] Inserted 361 rows (duplicates ignored)
2026-08-20 22:56:35,688 - INFO - Inserted 361 rows for HDFCBANK.NS
2026-08-20 22:56:36,065 - INFO - [ICICIBANK_NS] Inserted 361 rows (duplicates ignored)
2026-08-20 22:56:36,066 - INFO - Inserted 361 rows for ICICIBANK.NS
2026-08-20 22:56:36,434 - INFO - [INFY_NS] Inserted 360 rows (duplicates ignored)
2026-08-20 22:56:36,435 - INFO - Inserted 360 rows for INFY.NS
2026-08-20 22:56:36,889 - INFO - [TCS_NS] Inserted 361 rows (duplicates ignored)
2026-08-20 22:56:36,890 - INFO - Inserted 361 rows for TCS.NS
2026-08-20 22:56:37,271 - INFO - [ITC_NS] Inserted 361 rows (duplicates ignored)
2026-08-20 22:56:37,271 - INFO - Inserted 361 rows for ITC.NS
2026-08-20 22:56:37,583 - INFO - [HINDUNILVR_NS] Inserted 360 rows (duplicates ignored)
2026-08-20 22:56:37,583 - INFO - Inserted 360 rows for HINDUNILVR.NS
2026-08-20 22:56:37,854 - INFO - [SBIN_NS] Inserted 361 rows (duplicates ignored)
2026-08-20 22:56:37,854 - INFO - Inserted 361 rows for SBIN.NS
2026-08-20 22:56:38,095 - INFO - [BHARTIARTL_NS] Inserted 361 rows (duplicates ignored)
2026-08-20 22:56:38,095 - INFO - Inserted 361 rows for BHARTIARTL.NS
2026-08-20 22:56:38,491 - INFO - [KOTAKBANK_NS] Inserted 361 rows (duplicates ignored)
2026-08-20 22:56:38,491 - INFO - Inserted 361 rows for KOTAKBANK.NS
2026-08-20 22:56:38,878 - INFO - [LT_NS] Inserted 361 rows (duplicates ignored)
2026-08-20 22:56:38,878 - INFO - Inserted 361 rows for LT.NS
2026-08-20 22:56:39,242 - INFO - [AXISBANK_NS] Inserted 361 rows (duplicates ignored)
2026-08-20 22:56:39,242 - INFO - Inserted 361 rows for AXISBANK.NS
2026-08-20 22:56:39,710 - INFO - [BAJFINANCE_NS] Inserted 360 rows (duplicates ignored)
2026-08-20 22:56:39,710 - INFO - Inserted 360 rows for BAJFINANCE.NS
2026-08-20 22:56:39,932 - INFO - [ASIANPAINT_NS] Inserted 360 rows (duplicates ignored)
2026-08-20 22:56:39,933 - INFO - Inserted 360 rows for ASIANPAINT.NS
2026-08-20 22:56:40,182 - INFO - [MARUTI_NS] Inserted 360 rows (duplicates ignored)
2026-08-20 22:56:40,182 - INFO - Inserted 360 rows for MARUTI.NS
2026-08-20 22:56:41,272 - INFO - [SUNPHARMA_NS] Inserted 361 rows (duplicates ignored)
2026-08-20 22:56:41,272 - INFO - Inserted 361 rows for SUNPHARMA.NS
2026-08-20 22:56:41,723 - INFO - [WIPRO_NS] Inserted 361 rows (duplicates ignored)
2026-08-20 22:56:41,723 - INFO - Inserted 361 rows for WIPRO.NS
2026-08-20 22:56:42,420 - INFO - [POWERGRID_NS] Inserted 361 rows (duplicates ignored)
2026-08-20 22:56:42,420 - INFO - Inserted 361 rows for POWERGRID.NS
2026-08-20 22:56:42,949 - INFO - [NTPC_NS] Inserted 360 rows (duplicates ignored)
2026-08-20 22:56:42,949 - INFO - Inserted 360 rows for NTPC.NS
2026-08-20 22:56:43,189 - INFO - [ONGC_NS] Inserted 361 rows (duplicates ignored)
2026-08-20 22:56:43,190 - INFO - Inserted 361 rows for ONGC.NS
2026-08-20 22:56:43,200 - INFO - Cycle complete. README updated.
2026-08-20 23:31:32,542 - INFO - Starting data fetch cycle...
2026-08-20 23:31:32,828 - INFO - [RELIANCE_NS] Inserted 361 rows (duplicates ignored)
2026-08-20 23:31:32,828 - INFO - Inserted 361 rows for RELIANCE.NS
2026-08-20 23:31:32,996 - INFO - [HDFCBANK_NS] Inserted 361 rows (duplicates ignored)
2026-08-20 23:31:32,997 - INFO - Inserted 361 rows for HDFCBANK.NS
2026-08-20 23:31:33,198 - INFO - [ICICIBANK_NS] Inserted 361 rows (duplicates ignored)
2026-08-20 23:31:33,199 - INFO - Inserted 361 rows for ICICIBANK.NS
2026-08-20 23:31:33,377 - INFO - [INFY_NS] Inserted 360 rows (duplicates ignored)
2026-08-20 23:31:33,377 - INFO - Inserted 360 rows for INFY.NS
2026-08-20 23:31:33,557 - INFO - [TCS_NS] Inserted 361 rows (duplicates ignored)
2026-08-20 23:31:33,557 - INFO - Inserted 361 rows for TCS.NS
2026-08-20 23:31:33,763 - INFO - [ITC_NS] Inserted 361 rows (duplicates ignored)
2026-08-20 23:31:33,763 - INFO - Inserted 361 rows for ITC.NS
2026-08-20 23:31:33,930 - INFO - [HINDUNILVR_NS] Inserted 360 rows (duplicates ignored)
2026-08-20 23:31:33,931 - INFO - Inserted 360 rows for HINDUNILVR.NS
2026-08-20 23:31:34,150 - INFO - [SBIN_NS] Inserted 361 rows (duplicates ignored)
2026-08-20 23:31:34,150 - INFO - Inserted 361 rows for SBIN.NS
2026-08-20 23:31:34,316 - INFO - [BHARTIARTL_NS] Inserted 361 rows (duplicates ignored)
2026-08-20 23:31:34,316 - INFO - Inserted 361 rows for BHARTIARTL.NS
2026-08-20 23:31:34,483 - INFO - [KOTAKBANK_NS] Inserted 361 rows (duplicates ignored)
2026-08-20 23:31:34,483 - INFO - Inserted 361 rows for KOTAKBANK.NS
2026-08-20 23:31:34,662 - INFO - [LT_NS] Inserted 361 rows (duplicates ignored)
2026-08-20 23:31:34,663 - INFO - Inserted 361 rows for LT.NS
2026-08-20 23:31:34,839 - INFO - [AXISBANK_NS] Inserted 361 rows (duplicates ignored)
2026-08-20 23:31:34,839 - INFO - Inserted 361 rows for AXISBANK.NS
2026-08-20 23:31:35,010 - INFO - [BAJFINANCE_NS] Inserted 360 rows (duplicates ignored)
2026-08-20 23:31:35,010 - INFO - Inserted 360 rows for BAJFINANCE.NS
2026-08-20 23:31:35,176 - INFO - [ASIANPAINT_NS] Inserted 360 rows (duplicates ignored)
2026-08-20 23:31:35,176 - INFO - Inserted 360 rows for ASIANPAINT.NS
2026-08-20 23:31:35,374 - INFO - [MARUTI_NS] Inserted 360 rows (duplicates ignored)
2026-08-20 23:31:35,374 - INFO - Inserted 360 rows for MARUTI.NS
2026-08-20 23:31:35,559 - INFO - [SUNPHARMA_NS] Inserted 361 rows (duplicates ignored)
2026-08-20 23:31:35,559 - INFO - Inserted 361 rows for SUNPHARMA.NS
2026-08-20 23:31:35,729 - INFO - [WIPRO_NS] Inserted 361 rows (duplicates ignored)
2026-08-20 23:31:35,729 - INFO - Inserted 361 rows for WIPRO.NS
2026-08-20 23:31:35,968 - INFO - [POWERGRID_NS] Inserted 361 rows (duplicates ignored)
2026-08-20 23:31:35,969 - INFO - Inserted 361 rows for POWERGRID.NS
2026-08-20 23:31:36,153 - INFO - [NTPC_NS] Inserted 360 rows (duplicates ignored)
2026-08-20 23:31:36,153 - INFO - Inserted 360 rows for NTPC.NS
2026-08-20 23:31:36,326 - INFO - [ONGC_NS] Inserted 361 rows (duplicates ignored)
2026-08-20 23:31:36,326 - INFO - Inserted 361 rows for ONGC.NS
2026-08-20 23:31:36,340 - INFO - Cycle complete. README updated.
2026-08-20 23:54:51,563 - INFO - Starting data fetch cycle...
2026-08-20 23:54:52,252 - INFO - [RELIANCE_NS] Inserted 361 rows (duplicates ignored)
2026-08-20 23:54:52,252 - INFO - Inserted 361 rows for RELIANCE.NS
2026-08-20 23:54:52,600 - INFO - [HDFCBANK_NS] Inserted 361 rows (duplicates ignored)
2026-08-20 23:54:52,600 - INFO - Inserted 361 rows for HDFCBANK.NS
2026-08-20 23:54:53,232 - INFO - [ICICIBANK_NS] Inserted 361 rows (duplicates ignored)
2026-08-20 23:54:53,232 - INFO - Inserted 361 rows for ICICIBANK.NS
2026-08-20 23:54:53,689 - INFO - [INFY_NS] Inserted 360 rows (duplicates ignored)
2026-08-20 23:54:53,689 - INFO - Inserted 360 rows for INFY.NS
2026-08-20 23:54:53,993 - INFO - [TCS_NS] Inserted 361 rows (duplicates ignored)
2026-08-20 23:54:53,993 - INFO - Inserted 361 rows for TCS.NS
2026-08-20 23:54:54,454 - INFO - [ITC_NS] Inserted 361 rows (duplicates ignored)
2026-08-20 23:54:54,454 - INFO - Inserted 361 rows for ITC.NS
2026-08-20 23:54:55,071 - INFO - [HINDUNILVR_NS] Inserted 360 rows (duplicates ignored)
2026-08-20 23:54:55,071 - INFO - Inserted 360 rows for HINDUNILVR.NS
2026-08-20 23:54:55,676 - INFO - [SBIN_NS] Inserted 361 rows (duplicates ignored)
2026-08-20 23:54:55,676 - INFO - Inserted 361 rows for SBIN.NS
2026-08-20 23:54:56,450 - INFO - [BHARTIARTL_NS] Inserted 361 rows (duplicates ignored)
2026-08-20 23:54:56,450 - INFO - Inserted 361 rows for BHARTIARTL.NS
2026-08-20 23:54:57,041 - INFO - [KOTAKBANK_NS] Inserted 361 rows (duplicates ignored)
2026-08-20 23:54:57,041 - INFO - Inserted 361 rows for KOTAKBANK.NS
2026-08-20 23:54:57,779 - INFO - [LT_NS] Inserted 361 rows (duplicates ignored)
2026-08-20 23:54:57,779 - INFO - Inserted 361 rows for LT.NS
2026-08-20 23:54:58,544 - INFO - [AXISBANK_NS] Inserted 361 rows (duplicates ignored)
2026-08-20 23:54:58,544 - INFO - Inserted 361 rows for AXISBANK.NS
2026-08-20 23:54:58,824 - INFO - [BAJFINANCE_NS] Inserted 360 rows (duplicates ignored)
2026-08-20 23:54:58,824 - INFO - Inserted 360 rows for BAJFINANCE.NS
2026-08-20 23:54:59,104 - INFO - [ASIANPAINT_NS] Inserted 360 rows (duplicates ignored)
2026-08-20 23:54:59,104 - INFO - Inserted 360 rows for ASIANPAINT.NS
2026-08-20 23:54:59,387 - INFO - [MARUTI_NS] Inserted 360 rows (duplicates ignored)
2026-08-20 23:54:59,387 - INFO - Inserted 360 rows for MARUTI.NS
2026-08-20 23:54:59,676 - INFO - [SUNPHARMA_NS] Inserted 361 rows (duplicates ignored)
2026-08-20 23:54:59,676 - INFO - Inserted 361 rows for SUNPHARMA.NS
2026-08-20 23:54:59,960 - INFO - [WIPRO_NS] Inserted 361 rows (duplicates ignored)
2026-08-20 23:54:59,960 - INFO - Inserted 361 rows for WIPRO.NS
2026-08-20 23:55:00,248 - INFO - [POWERGRID_NS] Inserted 361 rows (duplicates ignored)
2026-08-20 23:55:00,248 - INFO - Inserted 361 rows for POWERGRID.NS
2026-08-20 23:55:00,532 - INFO - [NTPC_NS] Inserted 360 rows (duplicates ignored)
2026-08-20 23:55:00,532 - INFO - Inserted 360 rows for NTPC.NS
2026-08-20 23:55:00,823 - INFO - [ONGC_NS] Inserted 361 rows (duplicates ignored)
2026-08-20 23:55:00,823 - INFO - Inserted 361 rows for ONGC.NS
2026-08-20 23:55:00,837 - INFO - Cycle complete. README updated.
2026-08-21 01:23:44,182 - INFO - Starting data fetch cycle...
2026-08-21 01:23:44,565 - INFO - [RELIANCE_NS] Inserted 361 rows (duplicates ignored)
2026-08-21 01:23:44,565 - INFO - Inserted 361 rows for RELIANCE.NS
2026-08-21 01:23:44,752 - INFO - [HDFCBANK_NS] Inserted 361 rows (duplicates ignored)
2026-08-21 01:23:44,753 - INFO - Inserted 361 rows for HDFCBANK.NS
2026-08-21 01:23:44,931 - INFO - [ICICIBANK_NS] Inserted 361 rows (duplicates ignored)
2026-08-21 01:23:44,931 - INFO - Inserted 361 rows for ICICIBANK.NS
2026-08-21 01:23:45,115 - INFO - [INFY_NS] Inserted 360 rows (duplicates ignored)
2026-08-21 01:23:45,115 - INFO - Inserted 360 rows for INFY.NS
2026-08-21 01:23:45,331 - INFO - [TCS_NS] Inserted 361 rows (duplicates ignored)
2026-08-21 01:23:45,331 - INFO - Inserted 361 rows for TCS.NS
2026-08-21 01:23:45,566 - INFO - [ITC_NS] Inserted 361 rows (duplicates ignored)
2026-08-21 01:23:45,566 - INFO - Inserted 361 rows for ITC.NS
2026-08-21 01:23:45,791 - INFO - [HINDUNILVR_NS] Inserted 360 rows (duplicates ignored)
2026-08-21 01:23:45,791 - INFO - Inserted 360 rows for HINDUNILVR.NS
2026-08-21 01:23:45,976 - INFO - [SBIN_NS] Inserted 361 rows (duplicates ignored)
2026-08-21 01:23:45,976 - INFO - Inserted 361 rows for SBIN.NS
2026-08-21 01:23:46,160 - INFO - [BHARTIARTL_NS] Inserted 361 rows (duplicates ignored)
2026-08-21 01:23:46,160 - INFO - Inserted 361 rows for BHARTIARTL.NS
2026-08-21 01:23:46,336 - INFO - [KOTAKBANK_NS] Inserted 361 rows (duplicates ignored)
2026-08-21 01:23:46,336 - INFO - Inserted 361 rows for KOTAKBANK.NS
2026-08-21 01:23:46,511 - INFO - [LT_NS] Inserted 361 rows (duplicates ignored)
2026-08-21 01:23:46,511 - INFO - Inserted 361 rows for LT.NS
2026-08-21 01:23:46,706 - INFO - [AXISBANK_NS] Inserted 361 rows (duplicates ignored)
2026-08-21 01:23:46,706 - INFO - Inserted 361 rows for AXISBANK.NS
2026-08-21 01:23:46,881 - INFO - [BAJFINANCE_NS] Inserted 360 rows (duplicates ignored)
2026-08-21 01:23:46,881 - INFO - Inserted 360 rows for BAJFINANCE.NS
2026-08-21 01:23:47,085 - INFO - [ASIANPAINT_NS] Inserted 360 rows (duplicates ignored)
2026-08-21 01:23:47,085 - INFO - Inserted 360 rows for ASIANPAINT.NS
2026-08-21 01:23:48,018 - INFO - [MARUTI_NS] Inserted 360 rows (duplicates ignored)
2026-08-21 01:23:48,018 - INFO - Inserted 360 rows for MARUTI.NS
2026-08-21 01:23:48,273 - INFO - [SUNPHARMA_NS] Inserted 361 rows (duplicates ignored)
2026-08-21 01:23:48,273 - INFO - Inserted 361 rows for SUNPHARMA.NS
2026-08-21 01:23:48,454 - INFO - [WIPRO_NS] Inserted 361 rows (duplicates ignored)
2026-08-21 01:23:48,455 - INFO - Inserted 361 rows for WIPRO.NS
2026-08-21 01:23:49,145 - INFO - [POWERGRID_NS] Inserted 361 rows (duplicates ignored)
2026-08-21 01:23:49,146 - INFO - Inserted 361 rows for POWERGRID.NS
2026-08-21 01:23:49,340 - INFO - [NTPC_NS] Inserted 360 rows (duplicates ignored)
2026-08-21 01:23:49,341 - INFO - Inserted 360 rows for NTPC.NS
2026-08-21 01:23:49,529 - INFO - [ONGC_NS] Inserted 361 rows (duplicates ignored)
2026-08-21 01:23:49,529 - INFO - Inserted 361 rows for ONGC.NS
2026-08-21 01:23:49,544 - INFO - Cycle complete. README updated.
2026-08-21 02:43:52,059 - INFO - Starting data fetch cycle...
2026-08-21 02:43:52,839 - INFO - [RELIANCE_NS] Inserted 361 rows (duplicates ignored)
2026-08-21 02:43:52,839 - INFO - Inserted 361 rows for RELIANCE.NS
2026-08-21 02:43:53,072 - INFO - [HDFCBANK_NS] Inserted 361 rows (duplicates ignored)
2026-08-21 02:43:53,072 - INFO - Inserted 361 rows for HDFCBANK.NS
2026-08-21 02:43:53,306 - INFO - [ICICIBANK_NS] Inserted 361 rows (duplicates ignored)
2026-08-21 02:43:53,307 - INFO - Inserted 361 rows for ICICIBANK.NS
2026-08-21 02:43:53,582 - INFO - [INFY_NS] Inserted 360 rows (duplicates ignored)
2026-08-21 02:43:53,582 - INFO - Inserted 360 rows for INFY.NS
2026-08-21 02:43:53,913 - INFO - [TCS_NS] Inserted 361 rows (duplicates ignored)
2026-08-21 02:43:53,913 - INFO - Inserted 361 rows for TCS.NS
2026-08-21 02:43:54,476 - INFO - [ITC_NS] Inserted 361 rows (duplicates ignored)
2026-08-21 02:43:54,476 - INFO - Inserted 361 rows for ITC.NS
2026-08-21 02:43:54,789 - INFO - [HINDUNILVR_NS] Inserted 360 rows (duplicates ignored)
2026-08-21 02:43:54,790 - INFO - Inserted 360 rows for HINDUNILVR.NS
2026-08-21 02:43:55,761 - INFO - [SBIN_NS] Inserted 361 rows (duplicates ignored)
2026-08-21 02:43:55,761 - INFO - Inserted 361 rows for SBIN.NS
2026-08-21 02:43:56,104 - INFO - [BHARTIARTL_NS] Inserted 361 rows (duplicates ignored)
2026-08-21 02:43:56,104 - INFO - Inserted 361 rows for BHARTIARTL.NS
2026-08-21 02:43:56,763 - INFO - [KOTAKBANK_NS] Inserted 361 rows (duplicates ignored)
2026-08-21 02:43:56,763 - INFO - Inserted 361 rows for KOTAKBANK.NS
2026-08-21 02:43:57,582 - INFO - [LT_NS] Inserted 361 rows (duplicates ignored)
2026-08-21 02:43:57,582 - INFO - Inserted 361 rows for LT.NS
2026-08-21 02:43:58,480 - INFO - [AXISBANK_NS] Inserted 361 rows (duplicates ignored)
2026-08-21 02:43:58,480 - INFO - Inserted 361 rows for AXISBANK.NS
2026-08-21 02:43:59,215 - INFO - [BAJFINANCE_NS] Inserted 360 rows (duplicates ignored)
2026-08-21 02:43:59,216 - INFO - Inserted 360 rows for BAJFINANCE.NS
2026-08-21 02:43:59,438 - INFO - [ASIANPAINT_NS] Inserted 360 rows (duplicates ignored)
2026-08-21 02:43:59,438 - INFO - Inserted 360 rows for ASIANPAINT.NS
2026-08-21 02:43:59,854 - INFO - [MARUTI_NS] Inserted 360 rows (duplicates ignored)
2026-08-21 02:43:59,854 - INFO - Inserted 360 rows for MARUTI.NS
2026-08-21 02:44:00,329 - INFO - [SUNPHARMA_NS] Inserted 361 rows (duplicates ignored)
2026-08-21 02:44:00,329 - INFO - Inserted 361 rows for SUNPHARMA.NS
2026-08-21 02:44:00,667 - INFO - [WIPRO_NS] Inserted 361 rows (duplicates ignored)
2026-08-21 02:44:00,667 - INFO - Inserted 361 rows for WIPRO.NS
2026-08-21 02:44:00,890 - INFO - [POWERGRID_NS] Inserted 361 rows (duplicates ignored)
2026-08-21 02:44:00,890 - INFO - Inserted 361 rows for POWERGRID.NS
2026-08-21 02:44:01,236 - INFO - [NTPC_NS] Inserted 360 rows (duplicates ignored)
2026-08-21 02:44:01,236 - INFO - Inserted 360 rows for NTPC.NS
2026-08-21 02:44:01,562 - INFO - [ONGC_NS] Inserted 361 rows (duplicates ignored)
2026-08-21 02:44:01,562 - INFO - Inserted 361 rows for ONGC.NS
2026-08-21 02:44:01,578 - INFO - Cycle complete. README updated.
2026-08-21 03:37:13,459 - INFO - Starting data fetch cycle...
2026-08-21 03:37:13,983 - INFO - [RELIANCE_NS] Inserted 361 rows (duplicates ignored)
2026-08-21 03:37:13,984 - INFO - Inserted 361 rows for RELIANCE.NS
2026-08-21 03:37:14,217 - INFO - [HDFCBANK_NS] Inserted 361 rows (duplicates ignored)
2026-08-21 03:37:14,217 - INFO - Inserted 361 rows for HDFCBANK.NS
2026-08-21 03:37:14,454 - INFO - [ICICIBANK_NS] Inserted 361 rows (duplicates ignored)
2026-08-21 03:37:14,454 - INFO - Inserted 361 rows for ICICIBANK.NS
2026-08-21 03:37:14,688 - INFO - [INFY_NS] Inserted 360 rows (duplicates ignored)
2026-08-21 03:37:14,689 - INFO - Inserted 360 rows for INFY.NS
2026-08-21 03:37:14,922 - INFO - [TCS_NS] Inserted 361 rows (duplicates ignored)
2026-08-21 03:37:14,922 - INFO - Inserted 361 rows for TCS.NS
2026-08-21 03:37:15,166 - INFO - [ITC_NS] Inserted 361 rows (duplicates ignored)
2026-08-21 03:37:15,166 - INFO - Inserted 361 rows for ITC.NS
2026-08-21 03:37:15,462 - INFO - [HINDUNILVR_NS] Inserted 360 rows (duplicates ignored)
2026-08-21 03:37:15,462 - INFO - Inserted 360 rows for HINDUNILVR.NS
2026-08-21 03:37:15,687 - INFO - [SBIN_NS] Inserted 361 rows (duplicates ignored)
2026-08-21 03:37:15,687 - INFO - Inserted 361 rows for SBIN.NS
2026-08-21 03:37:16,112 - INFO - [BHARTIARTL_NS] Inserted 361 rows (duplicates ignored)
2026-08-21 03:37:16,112 - INFO - Inserted 361 rows for BHARTIARTL.NS
2026-08-21 03:37:16,590 - INFO - [KOTAKBANK_NS] Inserted 361 rows (duplicates ignored)
2026-08-21 03:37:16,590 - INFO - Inserted 361 rows for KOTAKBANK.NS
2026-08-21 03:37:16,989 - INFO - [LT_NS] Inserted 361 rows (duplicates ignored)
2026-08-21 03:37:16,989 - INFO - Inserted 361 rows for LT.NS
2026-08-21 03:37:17,252 - INFO - [AXISBANK_NS] Inserted 361 rows (duplicates ignored)
2026-08-21 03:37:17,253 - INFO - Inserted 361 rows for AXISBANK.NS
2026-08-21 03:37:17,766 - INFO - [BAJFINANCE_NS] Inserted 360 rows (duplicates ignored)
2026-08-21 03:37:17,766 - INFO - Inserted 360 rows for BAJFINANCE.NS
2026-08-21 03:37:18,542 - INFO - [ASIANPAINT_NS] Inserted 360 rows (duplicates ignored)
2026-08-21 03:37:18,542 - INFO - Inserted 360 rows for ASIANPAINT.NS
2026-08-21 03:37:19,174 - INFO - [MARUTI_NS] Inserted 360 rows (duplicates ignored)
2026-08-21 03:37:19,174 - INFO - Inserted 360 rows for MARUTI.NS
2026-08-21 03:37:19,975 - INFO - [SUNPHARMA_NS] Inserted 361 rows (duplicates ignored)
2026-08-21 03:37:19,976 - INFO - Inserted 361 rows for SUNPHARMA.NS
2026-08-21 03:37:20,681 - INFO - [WIPRO_NS] Inserted 361 rows (duplicates ignored)
2026-08-21 03:37:20,681 - INFO - Inserted 361 rows for WIPRO.NS
2026-08-21 03:37:21,070 - INFO - [POWERGRID_NS] Inserted 361 rows (duplicates ignored)
2026-08-21 03:37:21,070 - INFO - Inserted 361 rows for POWERGRID.NS
2026-08-21 03:37:21,528 - INFO - [NTPC_NS] Inserted 360 rows (duplicates ignored)
2026-08-21 03:37:21,528 - INFO - Inserted 360 rows for NTPC.NS
2026-08-21 03:37:21,838 - INFO - [ONGC_NS] Inserted 361 rows (duplicates ignored)
2026-08-21 03:37:21,838 - INFO - Inserted 361 rows for ONGC.NS
2026-08-21 03:37:21,850 - INFO - Cycle complete. README updated.
2026-08-21 04:22:17,695 - INFO - Starting data fetch cycle...
2026-08-21 04:22:18,235 - INFO - [RELIANCE_NS] Inserted 38 rows (duplicates ignored)
2026-08-21 04:22:18,236 - INFO - Inserted 38 rows for RELIANCE.NS
2026-08-21 04:22:18,409 - INFO - [HDFCBANK_NS] Inserted 38 rows (duplicates ignored)
2026-08-21 04:22:18,409 - INFO - Inserted 38 rows for HDFCBANK.NS
2026-08-21 04:22:18,593 - INFO - [ICICIBANK_NS] Inserted 38 rows (duplicates ignored)
2026-08-21 04:22:18,594 - INFO - Inserted 38 rows for ICICIBANK.NS
2026-08-21 04:22:18,783 - INFO - [INFY_NS] Inserted 38 rows (duplicates ignored)
2026-08-21 04:22:18,783 - INFO - Inserted 38 rows for INFY.NS
2026-08-21 04:22:19,420 - INFO - [TCS_NS] Inserted 38 rows (duplicates ignored)
2026-08-21 04:22:19,420 - INFO - Inserted 38 rows for TCS.NS
2026-08-21 04:22:19,614 - INFO - [ITC_NS] Inserted 38 rows (duplicates ignored)
2026-08-21 04:22:19,614 - INFO - Inserted 38 rows for ITC.NS
2026-08-21 04:22:19,823 - INFO - [HINDUNILVR_NS] Inserted 38 rows (duplicates ignored)
2026-08-21 04:22:19,823 - INFO - Inserted 38 rows for HINDUNILVR.NS
2026-08-21 04:22:20,000 - INFO - [SBIN_NS] Inserted 38 rows (duplicates ignored)
2026-08-21 04:22:20,000 - INFO - Inserted 38 rows for SBIN.NS
2026-08-21 04:22:20,174 - INFO - [BHARTIARTL_NS] Inserted 38 rows (duplicates ignored)
2026-08-21 04:22:20,174 - INFO - Inserted 38 rows for BHARTIARTL.NS
2026-08-21 04:22:20,381 - INFO - [KOTAKBANK_NS] Inserted 38 rows (duplicates ignored)
2026-08-21 04:22:20,381 - INFO - Inserted 38 rows for KOTAKBANK.NS
2026-08-21 04:22:20,554 - INFO - [LT_NS] Inserted 38 rows (duplicates ignored)
2026-08-21 04:22:20,554 - INFO - Inserted 38 rows for LT.NS
2026-08-21 04:22:21,178 - INFO - [AXISBANK_NS] Inserted 38 rows (duplicates ignored)
2026-08-21 04:22:21,178 - INFO - Inserted 38 rows for AXISBANK.NS
2026-08-21 04:22:21,356 - INFO - [BAJFINANCE_NS] Inserted 38 rows (duplicates ignored)
2026-08-21 04:22:21,356 - INFO - Inserted 38 rows for BAJFINANCE.NS
2026-08-21 04:22:21,542 - INFO - [ASIANPAINT_NS] Inserted 38 rows (duplicates ignored)
2026-08-21 04:22:21,542 - INFO - Inserted 38 rows for ASIANPAINT.NS
2026-08-21 04:22:21,720 - INFO - [MARUTI_NS] Inserted 38 rows (duplicates ignored)
2026-08-21 04:22:21,721 - INFO - Inserted 38 rows for MARUTI.NS
2026-08-21 04:22:21,943 - INFO - [SUNPHARMA_NS] Inserted 38 rows (duplicates ignored)
2026-08-21 04:22:21,943 - INFO - Inserted 38 rows for SUNPHARMA.NS
2026-08-21 04:22:22,157 - INFO - [WIPRO_NS] Inserted 38 rows (duplicates ignored)
2026-08-21 04:22:22,157 - INFO - Inserted 38 rows for WIPRO.NS
2026-08-21 04:22:22,354 - INFO - [POWERGRID_NS] Inserted 38 rows (duplicates ignored)
2026-08-21 04:22:22,354 - INFO - Inserted 38 rows for POWERGRID.NS
2026-08-21 04:22:22,541 - INFO - [NTPC_NS] Inserted 38 rows (duplicates ignored)
2026-08-21 04:22:22,541 - INFO - Inserted 38 rows for NTPC.NS
2026-08-21 04:22:22,721 - INFO - [ONGC_NS] Inserted 38 rows (duplicates ignored)
2026-08-21 04:22:22,721 - INFO - Inserted 38 rows for ONGC.NS
2026-08-21 04:22:22,737 - INFO - Cycle complete. README updated.
2026-08-21 05:03:31,606 - INFO - Starting data fetch cycle...
2026-08-21 05:03:32,267 - INFO - [RELIANCE_NS] Inserted 79 rows (duplicates ignored)
2026-08-21 05:03:32,267 - INFO - Inserted 79 rows for RELIANCE.NS
2026-08-21 05:03:32,534 - INFO - [HDFCBANK_NS] Inserted 79 rows (duplicates ignored)
2026-08-21 05:03:32,534 - INFO - Inserted 79 rows for HDFCBANK.NS
2026-08-21 05:03:32,814 - INFO - [ICICIBANK_NS] Inserted 79 rows (duplicates ignored)
2026-08-21 05:03:32,814 - INFO - Inserted 79 rows for ICICIBANK.NS
2026-08-21 05:03:33,102 - INFO - [INFY_NS] Inserted 79 rows (duplicates ignored)
2026-08-21 05:03:33,102 - INFO - Inserted 79 rows for INFY.NS
2026-08-21 05:03:33,373 - INFO - [TCS_NS] Inserted 79 rows (duplicates ignored)
2026-08-21 05:03:33,373 - INFO - Inserted 79 rows for TCS.NS
2026-08-21 05:03:33,652 - INFO - [ITC_NS] Inserted 79 rows (duplicates ignored)
2026-08-21 05:03:33,652 - INFO - Inserted 79 rows for ITC.NS
2026-08-21 05:03:33,932 - INFO - [HINDUNILVR_NS] Inserted 79 rows (duplicates ignored)
2026-08-21 05:03:33,932 - INFO - Inserted 79 rows for HINDUNILVR.NS
2026-08-21 05:03:34,211 - INFO - [SBIN_NS] Inserted 79 rows (duplicates ignored)
2026-08-21 05:03:34,211 - INFO - Inserted 79 rows for SBIN.NS
2026-08-21 05:03:34,480 - INFO - [BHARTIARTL_NS] Inserted 79 rows (duplicates ignored)
2026-08-21 05:03:34,480 - INFO - Inserted 79 rows for BHARTIARTL.NS
2026-08-21 05:03:34,761 - INFO - [KOTAKBANK_NS] Inserted 79 rows (duplicates ignored)
2026-08-21 05:03:34,761 - INFO - Inserted 79 rows for KOTAKBANK.NS
2026-08-21 05:03:35,061 - INFO - [LT_NS] Inserted 79 rows (duplicates ignored)
2026-08-21 05:03:35,061 - INFO - Inserted 79 rows for LT.NS
2026-08-21 05:03:35,338 - INFO - [AXISBANK_NS] Inserted 79 rows (duplicates ignored)
2026-08-21 05:03:35,338 - INFO - Inserted 79 rows for AXISBANK.NS
2026-08-21 05:03:35,608 - INFO - [BAJFINANCE_NS] Inserted 79 rows (duplicates ignored)
2026-08-21 05:03:35,608 - INFO - Inserted 79 rows for BAJFINANCE.NS
2026-08-21 05:03:35,894 - INFO - [ASIANPAINT_NS] Inserted 79 rows (duplicates ignored)
2026-08-21 05:03:35,894 - INFO - Inserted 79 rows for ASIANPAINT.NS
2026-08-21 05:03:36,171 - INFO - [MARUTI_NS] Inserted 79 rows (duplicates ignored)
2026-08-21 05:03:36,172 - INFO - Inserted 79 rows for MARUTI.NS
2026-08-21 05:03:36,455 - INFO - [SUNPHARMA_NS] Inserted 79 rows (duplicates ignored)
2026-08-21 05:03:36,455 - INFO - Inserted 79 rows for SUNPHARMA.NS
2026-08-21 05:03:36,744 - INFO - [WIPRO_NS] Inserted 79 rows (duplicates ignored)
2026-08-21 05:03:36,744 - INFO - Inserted 79 rows for WIPRO.NS
2026-08-21 05:03:37,013 - INFO - [POWERGRID_NS] Inserted 79 rows (duplicates ignored)
2026-08-21 05:03:37,013 - INFO - Inserted 79 rows for POWERGRID.NS
2026-08-21 05:03:37,291 - INFO - [NTPC_NS] Inserted 79 rows (duplicates ignored)
2026-08-21 05:03:37,291 - INFO - Inserted 79 rows for NTPC.NS
2026-08-21 05:03:37,588 - INFO - [ONGC_NS] Inserted 79 rows (duplicates ignored)
2026-08-21 05:03:37,588 - INFO - Inserted 79 rows for ONGC.NS
2026-08-21 05:03:37,602 - INFO - Cycle complete. README updated.
2026-08-21 05:45:10,958 - INFO - Starting data fetch cycle...
2026-08-21 05:45:11,499 - INFO - [RELIANCE_NS] Inserted 121 rows (duplicates ignored)
2026-08-21 05:45:11,500 - INFO - Inserted 121 rows for RELIANCE.NS
2026-08-21 05:45:11,653 - INFO - [HDFCBANK_NS] Inserted 121 rows (duplicates ignored)
2026-08-21 05:45:11,653 - INFO - Inserted 121 rows for HDFCBANK.NS
2026-08-21 05:45:11,798 - INFO - [ICICIBANK_NS] Inserted 121 rows (duplicates ignored)
2026-08-21 05:45:11,798 - INFO - Inserted 121 rows for ICICIBANK.NS
2026-08-21 05:45:12,055 - INFO - [INFY_NS] Inserted 121 rows (duplicates ignored)
2026-08-21 05:45:12,055 - INFO - Inserted 121 rows for INFY.NS
2026-08-21 05:45:12,223 - INFO - [TCS_NS] Inserted 121 rows (duplicates ignored)
2026-08-21 05:45:12,223 - INFO - Inserted 121 rows for TCS.NS
2026-08-21 05:45:12,380 - INFO - [ITC_NS] Inserted 121 rows (duplicates ignored)
2026-08-21 05:45:12,380 - INFO - Inserted 121 rows for ITC.NS
2026-08-21 05:45:12,543 - INFO - [HINDUNILVR_NS] Inserted 121 rows (duplicates ignored)
2026-08-21 05:45:12,543 - INFO - Inserted 121 rows for HINDUNILVR.NS
2026-08-21 05:45:12,756 - INFO - [SBIN_NS] Inserted 121 rows (duplicates ignored)
2026-08-21 05:45:12,756 - INFO - Inserted 121 rows for SBIN.NS
2026-08-21 05:45:12,921 - INFO - [BHARTIARTL_NS] Inserted 121 rows (duplicates ignored)
2026-08-21 05:45:12,921 - INFO - Inserted 121 rows for BHARTIARTL.NS
2026-08-21 05:45:13,143 - INFO - [KOTAKBANK_NS] Inserted 121 rows (duplicates ignored)
2026-08-21 05:45:13,144 - INFO - Inserted 121 rows for KOTAKBANK.NS
2026-08-21 05:45:13,376 - INFO - [LT_NS] Inserted 121 rows (duplicates ignored)
2026-08-21 05:45:13,376 - INFO - Inserted 121 rows for LT.NS
2026-08-21 05:45:13,621 - INFO - [AXISBANK_NS] Inserted 121 rows (duplicates ignored)
2026-08-21 05:45:13,621 - INFO - Inserted 121 rows for AXISBANK.NS
2026-08-21 05:45:13,861 - INFO - [BAJFINANCE_NS] Inserted 121 rows (duplicates ignored)
2026-08-21 05:45:13,861 - INFO - Inserted 121 rows for BAJFINANCE.NS
2026-08-21 05:45:14,014 - INFO - [ASIANPAINT_NS] Inserted 121 rows (duplicates ignored)
2026-08-21 05:45:14,014 - INFO - Inserted 121 rows for ASIANPAINT.NS
2026-08-21 05:45:14,165 - INFO - [MARUTI_NS] Inserted 121 rows (duplicates ignored)
2026-08-21 05:45:14,165 - INFO - Inserted 121 rows for MARUTI.NS
2026-08-21 05:45:14,332 - INFO - [SUNPHARMA_NS] Inserted 121 rows (duplicates ignored)
2026-08-21 05:45:14,333 - INFO - Inserted 121 rows for SUNPHARMA.NS
2026-08-21 05:45:14,509 - INFO - [WIPRO_NS] Inserted 121 rows (duplicates ignored)
2026-08-21 05:45:14,509 - INFO - Inserted 121 rows for WIPRO.NS
2026-08-21 05:45:14,650 - INFO - [POWERGRID_NS] Inserted 121 rows (duplicates ignored)
2026-08-21 05:45:14,651 - INFO - Inserted 121 rows for POWERGRID.NS
2026-08-21 05:45:14,829 - INFO - [NTPC_NS] Inserted 121 rows (duplicates ignored)
2026-08-21 05:45:14,829 - INFO - Inserted 121 rows for NTPC.NS
2026-08-21 05:45:14,991 - INFO - [ONGC_NS] Inserted 121 rows (duplicates ignored)
2026-08-21 05:45:14,991 - INFO - Inserted 121 rows for ONGC.NS
2026-08-21 05:45:15,000 - INFO - Cycle complete. README updated.
2026-08-23 22:49:52,130 - INFO - Starting data fetch cycle...
2026-08-23 22:49:52,487 - INFO - [RELIANCE_NS] Inserted 361 rows (duplicates ignored)
2026-08-23 22:49:52,487 - INFO - Inserted 361 rows for RELIANCE.NS
2026-08-23 22:49:52,668 - INFO - [HDFCBANK_NS] Inserted 361 rows (duplicates ignored)
2026-08-23 22:49:52,668 - INFO - Inserted 361 rows for HDFCBANK.NS
2026-08-23 22:49:52,847 - INFO - [ICICIBANK_NS] Inserted 361 rows (duplicates ignored)
2026-08-23 22:49:52,847 - INFO - Inserted 361 rows for ICICIBANK.NS
2026-08-23 22:49:53,036 - INFO - [INFY_NS] Inserted 361 rows (duplicates ignored)
2026-08-23 22:49:53,036 - INFO - Inserted 361 rows for INFY.NS
2026-08-23 22:49:53,212 - INFO - [TCS_NS] Inserted 361 rows (duplicates ignored)
2026-08-23 22:49:53,212 - INFO - Inserted 361 rows for TCS.NS
2026-08-23 22:49:53,393 - INFO - [ITC_NS] Inserted 361 rows (duplicates ignored)
2026-08-23 22:49:53,393 - INFO - Inserted 361 rows for ITC.NS
2026-08-23 22:49:53,614 - INFO - [HINDUNILVR_NS] Inserted 361 rows (duplicates ignored)
2026-08-23 22:49:53,614 - INFO - Inserted 361 rows for HINDUNILVR.NS
2026-08-23 22:49:53,802 - INFO - [SBIN_NS] Inserted 361 rows (duplicates ignored)
2026-08-23 22:49:53,803 - INFO - Inserted 361 rows for SBIN.NS
2026-08-23 22:49:54,011 - INFO - [BHARTIARTL_NS] Inserted 360 rows (duplicates ignored)
2026-08-23 22:49:54,011 - INFO - Inserted 360 rows for BHARTIARTL.NS
2026-08-23 22:49:54,201 - INFO - [KOTAKBANK_NS] Inserted 361 rows (duplicates ignored)
2026-08-23 22:49:54,202 - INFO - Inserted 361 rows for KOTAKBANK.NS
2026-08-23 22:49:54,418 - INFO - [LT_NS] Inserted 361 rows (duplicates ignored)
2026-08-23 22:49:54,418 - INFO - Inserted 361 rows for LT.NS
2026-08-23 22:49:54,608 - INFO - [AXISBANK_NS] Inserted 360 rows (duplicates ignored)
2026-08-23 22:49:54,608 - INFO - Inserted 360 rows for AXISBANK.NS
2026-08-23 22:49:54,795 - INFO - [BAJFINANCE_NS] Inserted 361 rows (duplicates ignored)
2026-08-23 22:49:54,795 - INFO - Inserted 361 rows for BAJFINANCE.NS
2026-08-23 22:49:54,993 - INFO - [ASIANPAINT_NS] Inserted 360 rows (duplicates ignored)
2026-08-23 22:49:54,994 - INFO - Inserted 360 rows for ASIANPAINT.NS
2026-08-23 22:49:55,182 - INFO - [MARUTI_NS] Inserted 361 rows (duplicates ignored)
2026-08-23 22:49:55,182 - INFO - Inserted 361 rows for MARUTI.NS
2026-08-23 22:49:55,429 - INFO - [SUNPHARMA_NS] Inserted 360 rows (duplicates ignored)
2026-08-23 22:49:55,430 - INFO - Inserted 360 rows for SUNPHARMA.NS
2026-08-23 22:49:55,609 - INFO - [WIPRO_NS] Inserted 361 rows (duplicates ignored)
2026-08-23 22:49:55,609 - INFO - Inserted 361 rows for WIPRO.NS
2026-08-23 22:49:55,801 - INFO - [POWERGRID_NS] Inserted 361 rows (duplicates ignored)
2026-08-23 22:49:55,801 - INFO - Inserted 361 rows for POWERGRID.NS
2026-08-23 22:49:55,978 - INFO - [NTPC_NS] Inserted 361 rows (duplicates ignored)
2026-08-23 22:49:55,978 - INFO - Inserted 361 rows for NTPC.NS
2026-08-23 22:49:56,165 - INFO - [ONGC_NS] Inserted 361 rows (duplicates ignored)
2026-08-23 22:49:56,165 - INFO - Inserted 361 rows for ONGC.NS
2026-08-23 22:49:56,180 - INFO - Cycle complete. README updated.
2026-08-23 23:10:04,685 - INFO - Starting data fetch cycle...
2026-08-23 23:10:05,179 - INFO - [RELIANCE_NS] Inserted 361 rows (duplicates ignored)
2026-08-23 23:10:05,180 - INFO - Inserted 361 rows for RELIANCE.NS
2026-08-23 23:10:05,438 - INFO - [HDFCBANK_NS] Inserted 361 rows (duplicates ignored)
2026-08-23 23:10:05,438 - INFO - Inserted 361 rows for HDFCBANK.NS
2026-08-23 23:10:05,714 - INFO - [ICICIBANK_NS] Inserted 361 rows (duplicates ignored)
2026-08-23 23:10:05,715 - INFO - Inserted 361 rows for ICICIBANK.NS
2026-08-23 23:10:06,043 - INFO - [INFY_NS] Inserted 361 rows (duplicates ignored)
2026-08-23 23:10:06,044 - INFO - Inserted 361 rows for INFY.NS
2026-08-23 23:10:06,339 - INFO - [TCS_NS] Inserted 361 rows (duplicates ignored)
2026-08-23 23:10:06,340 - INFO - Inserted 361 rows for TCS.NS
2026-08-23 23:10:06,565 - INFO - [ITC_NS] Inserted 361 rows (duplicates ignored)
2026-08-23 23:10:06,565 - INFO - Inserted 361 rows for ITC.NS
2026-08-23 23:10:06,792 - INFO - [HINDUNILVR_NS] Inserted 361 rows (duplicates ignored)
2026-08-23 23:10:06,792 - INFO - Inserted 361 rows for HINDUNILVR.NS
2026-08-23 23:10:07,077 - INFO - [SBIN_NS] Inserted 361 rows (duplicates ignored)
2026-08-23 23:10:07,077 - INFO - Inserted 361 rows for SBIN.NS
2026-08-23 23:10:07,332 - INFO - [BHARTIARTL_NS] Inserted 360 rows (duplicates ignored)
2026-08-23 23:10:07,332 - INFO - Inserted 360 rows for BHARTIARTL.NS
2026-08-23 23:10:07,628 - INFO - [KOTAKBANK_NS] Inserted 361 rows (duplicates ignored)
2026-08-23 23:10:07,628 - INFO - Inserted 361 rows for KOTAKBANK.NS
2026-08-23 23:10:07,842 - INFO - [LT_NS] Inserted 361 rows (duplicates ignored)
2026-08-23 23:10:07,843 - INFO - Inserted 361 rows for LT.NS
2026-08-23 23:10:08,049 - INFO - [AXISBANK_NS] Inserted 360 rows (duplicates ignored)
2026-08-23 23:10:08,049 - INFO - Inserted 360 rows for AXISBANK.NS
2026-08-23 23:10:08,305 - INFO - [BAJFINANCE_NS] Inserted 361 rows (duplicates ignored)
2026-08-23 23:10:08,306 - INFO - Inserted 361 rows for BAJFINANCE.NS
2026-08-23 23:10:08,613 - INFO - [ASIANPAINT_NS] Inserted 360 rows (duplicates ignored)
2026-08-23 23:10:08,613 - INFO - Inserted 360 rows for ASIANPAINT.NS
2026-08-23 23:10:08,892 - INFO - [MARUTI_NS] Inserted 361 rows (duplicates ignored)
2026-08-23 23:10:08,892 - INFO - Inserted 361 rows for MARUTI.NS
2026-08-23 23:10:09,168 - INFO - [SUNPHARMA_NS] Inserted 360 rows (duplicates ignored)
2026-08-23 23:10:09,169 - INFO - Inserted 360 rows for SUNPHARMA.NS
2026-08-23 23:10:09,396 - INFO - [WIPRO_NS] Inserted 361 rows (duplicates ignored)
2026-08-23 23:10:09,397 - INFO - Inserted 361 rows for WIPRO.NS
2026-08-23 23:10:09,652 - INFO - [POWERGRID_NS] Inserted 361 rows (duplicates ignored)
2026-08-23 23:10:09,653 - INFO - Inserted 361 rows for POWERGRID.NS
2026-08-23 23:10:09,940 - INFO - [NTPC_NS] Inserted 361 rows (duplicates ignored)
2026-08-23 23:10:09,940 - INFO - Inserted 361 rows for NTPC.NS
2026-08-23 23:10:10,135 - INFO - [ONGC_NS] Inserted 361 rows (duplicates ignored)
2026-08-23 23:10:10,135 - INFO - Inserted 361 rows for ONGC.NS
2026-08-23 23:10:10,147 - INFO - Cycle complete. README updated.
2026-08-23 23:35:59,588 - INFO - Starting data fetch cycle...
2026-08-23 23:36:00,123 - INFO - [RELIANCE_NS] Inserted 361 rows (duplicates ignored)
2026-08-23 23:36:00,123 - INFO - Inserted 361 rows for RELIANCE.NS
2026-08-23 23:36:00,432 - INFO - [HDFCBANK_NS] Inserted 361 rows (duplicates ignored)
2026-08-23 23:36:00,433 - INFO - Inserted 361 rows for HDFCBANK.NS
2026-08-23 23:36:00,672 - INFO - [ICICIBANK_NS] Inserted 361 rows (duplicates ignored)
2026-08-23 23:36:00,672 - INFO - Inserted 361 rows for ICICIBANK.NS
2026-08-23 23:36:00,923 - INFO - [INFY_NS] Inserted 361 rows (duplicates ignored)
2026-08-23 23:36:00,923 - INFO - Inserted 361 rows for INFY.NS
2026-08-23 23:36:01,161 - INFO - [TCS_NS] Inserted 361 rows (duplicates ignored)
2026-08-23 23:36:01,161 - INFO - Inserted 361 rows for TCS.NS
2026-08-23 23:36:01,412 - INFO - [ITC_NS] Inserted 361 rows (duplicates ignored)
2026-08-23 23:36:01,412 - INFO - Inserted 361 rows for ITC.NS
2026-08-23 23:36:01,666 - INFO - [HINDUNILVR_NS] Inserted 361 rows (duplicates ignored)
2026-08-23 23:36:01,666 - INFO - Inserted 361 rows for HINDUNILVR.NS
2026-08-23 23:36:01,915 - INFO - [SBIN_NS] Inserted 361 rows (duplicates ignored)
2026-08-23 23:36:01,915 - INFO - Inserted 361 rows for SBIN.NS
2026-08-23 23:36:02,154 - INFO - [BHARTIARTL_NS] Inserted 360 rows (duplicates ignored)
2026-08-23 23:36:02,154 - INFO - Inserted 360 rows for BHARTIARTL.NS
2026-08-23 23:36:02,387 - INFO - [KOTAKBANK_NS] Inserted 361 rows (duplicates ignored)
2026-08-23 23:36:02,387 - INFO - Inserted 361 rows for KOTAKBANK.NS
2026-08-23 23:36:02,688 - INFO - [LT_NS] Inserted 361 rows (duplicates ignored)
2026-08-23 23:36:02,688 - INFO - Inserted 361 rows for LT.NS
2026-08-23 23:36:02,930 - INFO - [AXISBANK_NS] Inserted 360 rows (duplicates ignored)
2026-08-23 23:36:02,930 - INFO - Inserted 360 rows for AXISBANK.NS
2026-08-23 23:36:03,184 - INFO - [BAJFINANCE_NS] Inserted 361 rows (duplicates ignored)
2026-08-23 23:36:03,184 - INFO - Inserted 361 rows for BAJFINANCE.NS
2026-08-23 23:36:03,506 - INFO - [ASIANPAINT_NS] Inserted 360 rows (duplicates ignored)
2026-08-23 23:36:03,506 - INFO - Inserted 360 rows for ASIANPAINT.NS
2026-08-23 23:36:03,756 - INFO - [MARUTI_NS] Inserted 361 rows (duplicates ignored)
2026-08-23 23:36:03,756 - INFO - Inserted 361 rows for MARUTI.NS
2026-08-23 23:36:04,015 - INFO - [SUNPHARMA_NS] Inserted 360 rows (duplicates ignored)
2026-08-23 23:36:04,015 - INFO - Inserted 360 rows for SUNPHARMA.NS
2026-08-23 23:36:04,296 - INFO - [WIPRO_NS] Inserted 361 rows (duplicates ignored)
2026-08-23 23:36:04,296 - INFO - Inserted 361 rows for WIPRO.NS
2026-08-23 23:36:04,585 - INFO - [POWERGRID_NS] Inserted 361 rows (duplicates ignored)
2026-08-23 23:36:04,585 - INFO - Inserted 361 rows for POWERGRID.NS
2026-08-23 23:36:04,823 - INFO - [NTPC_NS] Inserted 361 rows (duplicates ignored)
2026-08-23 23:36:04,824 - INFO - Inserted 361 rows for NTPC.NS
2026-08-23 23:36:05,084 - INFO - [ONGC_NS] Inserted 361 rows (duplicates ignored)
2026-08-23 23:36:05,085 - INFO - Inserted 361 rows for ONGC.NS
2026-08-23 23:36:05,099 - INFO - Cycle complete. README updated.
2026-08-23 23:55:39,334 - INFO - Starting data fetch cycle...
2026-08-23 23:55:39,777 - INFO - [RELIANCE_NS] Inserted 361 rows (duplicates ignored)
2026-08-23 23:55:39,777 - INFO - Inserted 361 rows for RELIANCE.NS
2026-08-23 23:55:39,984 - INFO - [HDFCBANK_NS] Inserted 361 rows (duplicates ignored)
2026-08-23 23:55:39,985 - INFO - Inserted 361 rows for HDFCBANK.NS
2026-08-23 23:55:40,161 - INFO - [ICICIBANK_NS] Inserted 361 rows (duplicates ignored)
2026-08-23 23:55:40,162 - INFO - Inserted 361 rows for ICICIBANK.NS
2026-08-23 23:55:40,348 - INFO - [INFY_NS] Inserted 361 rows (duplicates ignored)
2026-08-23 23:55:40,349 - INFO - Inserted 361 rows for INFY.NS
2026-08-23 23:55:40,596 - INFO - [TCS_NS] Inserted 361 rows (duplicates ignored)
2026-08-23 23:55:40,596 - INFO - Inserted 361 rows for TCS.NS
2026-08-23 23:55:40,781 - INFO - [ITC_NS] Inserted 361 rows (duplicates ignored)
2026-08-23 23:55:40,781 - INFO - Inserted 361 rows for ITC.NS
2026-08-23 23:55:40,958 - INFO - [HINDUNILVR_NS] Inserted 361 rows (duplicates ignored)
2026-08-23 23:55:40,958 - INFO - Inserted 361 rows for HINDUNILVR.NS
2026-08-23 23:55:41,155 - INFO - [SBIN_NS] Inserted 361 rows (duplicates ignored)
2026-08-23 23:55:41,155 - INFO - Inserted 361 rows for SBIN.NS
2026-08-23 23:55:41,319 - INFO - [BHARTIARTL_NS] Inserted 360 rows (duplicates ignored)
2026-08-23 23:55:41,320 - INFO - Inserted 360 rows for BHARTIARTL.NS
2026-08-23 23:55:41,504 - INFO - [KOTAKBANK_NS] Inserted 361 rows (duplicates ignored)
2026-08-23 23:55:41,504 - INFO - Inserted 361 rows for KOTAKBANK.NS
2026-08-23 23:55:41,683 - INFO - [LT_NS] Inserted 361 rows (duplicates ignored)
2026-08-23 23:55:41,683 - INFO - Inserted 361 rows for LT.NS
2026-08-23 23:55:41,863 - INFO - [AXISBANK_NS] Inserted 360 rows (duplicates ignored)
2026-08-23 23:55:41,863 - INFO - Inserted 360 rows for AXISBANK.NS
2026-08-23 23:55:42,041 - INFO - [BAJFINANCE_NS] Inserted 361 rows (duplicates ignored)
2026-08-23 23:55:42,041 - INFO - Inserted 361 rows for BAJFINANCE.NS
2026-08-23 23:55:42,256 - INFO - [ASIANPAINT_NS] Inserted 360 rows (duplicates ignored)
2026-08-23 23:55:42,256 - INFO - Inserted 360 rows for ASIANPAINT.NS
2026-08-23 23:55:42,471 - INFO - [MARUTI_NS] Inserted 361 rows (duplicates ignored)
2026-08-23 23:55:42,472 - INFO - Inserted 361 rows for MARUTI.NS
2026-08-23 23:55:42,652 - INFO - [SUNPHARMA_NS] Inserted 360 rows (duplicates ignored)
2026-08-23 23:55:42,652 - INFO - Inserted 360 rows for SUNPHARMA.NS
2026-08-23 23:55:42,836 - INFO - [WIPRO_NS] Inserted 361 rows (duplicates ignored)
2026-08-23 23:55:42,836 - INFO - Inserted 361 rows for WIPRO.NS
2026-08-23 23:55:43,022 - INFO - [POWERGRID_NS] Inserted 361 rows (duplicates ignored)
2026-08-23 23:55:43,022 - INFO - Inserted 361 rows for POWERGRID.NS
2026-08-23 23:55:43,225 - INFO - [NTPC_NS] Inserted 361 rows (duplicates ignored)
2026-08-23 23:55:43,225 - INFO - Inserted 361 rows for NTPC.NS
2026-08-23 23:55:43,405 - INFO - [ONGC_NS] Inserted 361 rows (duplicates ignored)
2026-08-23 23:55:43,405 - INFO - Inserted 361 rows for ONGC.NS
2026-08-23 23:55:43,418 - INFO - Cycle complete. README updated.
2026-08-24 01:37:53,489 - INFO - Starting data fetch cycle...
2026-08-24 01:37:53,865 - INFO - [RELIANCE_NS] Inserted 361 rows (duplicates ignored)
2026-08-24 01:37:53,865 - INFO - Inserted 361 rows for RELIANCE.NS
2026-08-24 01:37:54,042 - INFO - [HDFCBANK_NS] Inserted 361 rows (duplicates ignored)
2026-08-24 01:37:54,042 - INFO - Inserted 361 rows for HDFCBANK.NS
2026-08-24 01:37:54,205 - INFO - [ICICIBANK_NS] Inserted 361 rows (duplicates ignored)
2026-08-24 01:37:54,206 - INFO - Inserted 361 rows for ICICIBANK.NS
2026-08-24 01:37:54,380 - INFO - [INFY_NS] Inserted 361 rows (duplicates ignored)
2026-08-24 01:37:54,381 - INFO - Inserted 361 rows for INFY.NS
2026-08-24 01:37:54,535 - INFO - [TCS_NS] Inserted 361 rows (duplicates ignored)
2026-08-24 01:37:54,536 - INFO - Inserted 361 rows for TCS.NS
2026-08-24 01:37:54,719 - INFO - [ITC_NS] Inserted 361 rows (duplicates ignored)
2026-08-24 01:37:54,719 - INFO - Inserted 361 rows for ITC.NS
2026-08-24 01:37:54,923 - INFO - [HINDUNILVR_NS] Inserted 361 rows (duplicates ignored)
2026-08-24 01:37:54,924 - INFO - Inserted 361 rows for HINDUNILVR.NS
2026-08-24 01:37:55,087 - INFO - [SBIN_NS] Inserted 361 rows (duplicates ignored)
2026-08-24 01:37:55,087 - INFO - Inserted 361 rows for SBIN.NS
2026-08-24 01:37:55,242 - INFO - [BHARTIARTL_NS] Inserted 360 rows (duplicates ignored)
2026-08-24 01:37:55,242 - INFO - Inserted 360 rows for BHARTIARTL.NS
2026-08-24 01:37:55,409 - INFO - [KOTAKBANK_NS] Inserted 361 rows (duplicates ignored)
2026-08-24 01:37:55,410 - INFO - Inserted 361 rows for KOTAKBANK.NS
2026-08-24 01:37:55,633 - INFO - [LT_NS] Inserted 361 rows (duplicates ignored)
2026-08-24 01:37:55,633 - INFO - Inserted 361 rows for LT.NS
2026-08-24 01:37:55,808 - INFO - [AXISBANK_NS] Inserted 360 rows (duplicates ignored)
2026-08-24 01:37:55,808 - INFO - Inserted 360 rows for AXISBANK.NS
2026-08-24 01:37:55,993 - INFO - [BAJFINANCE_NS] Inserted 361 rows (duplicates ignored)
2026-08-24 01:37:55,993 - INFO - Inserted 361 rows for BAJFINANCE.NS
2026-08-24 01:37:56,189 - INFO - [ASIANPAINT_NS] Inserted 360 rows (duplicates ignored)
2026-08-24 01:37:56,189 - INFO - Inserted 360 rows for ASIANPAINT.NS
2026-08-24 01:37:56,365 - INFO - [MARUTI_NS] Inserted 361 rows (duplicates ignored)
2026-08-24 01:37:56,365 - INFO - Inserted 361 rows for MARUTI.NS
2026-08-24 01:37:56,560 - INFO - [SUNPHARMA_NS] Inserted 360 rows (duplicates ignored)
2026-08-24 01:37:56,560 - INFO - Inserted 360 rows for SUNPHARMA.NS
2026-08-24 01:37:56,728 - INFO - [WIPRO_NS] Inserted 361 rows (duplicates ignored)
2026-08-24 01:37:56,728 - INFO - Inserted 361 rows for WIPRO.NS
2026-08-24 01:37:56,926 - INFO - [POWERGRID_NS] Inserted 361 rows (duplicates ignored)
2026-08-24 01:37:56,926 - INFO - Inserted 361 rows for POWERGRID.NS
2026-08-24 01:37:57,110 - INFO - [NTPC_NS] Inserted 361 rows (duplicates ignored)
2026-08-24 01:37:57,110 - INFO - Inserted 361 rows for NTPC.NS
2026-08-24 01:37:57,326 - INFO - [ONGC_NS] Inserted 361 rows (duplicates ignored)
2026-08-24 01:37:57,326 - INFO - Inserted 361 rows for ONGC.NS
2026-08-24 01:37:57,340 - INFO - Cycle complete. README updated.
2026-08-24 02:49:47,866 - INFO - Starting data fetch cycle...
2026-08-24 02:49:48,569 - INFO - [RELIANCE_NS] Inserted 361 rows (duplicates ignored)
2026-08-24 02:49:48,569 - INFO - Inserted 361 rows for RELIANCE.NS
2026-08-24 02:49:48,822 - INFO - [HDFCBANK_NS] Inserted 361 rows (duplicates ignored)
2026-08-24 02:49:48,822 - INFO - Inserted 361 rows for HDFCBANK.NS
2026-08-24 02:49:49,062 - INFO - [ICICIBANK_NS] Inserted 361 rows (duplicates ignored)
2026-08-24 02:49:49,062 - INFO - Inserted 361 rows for ICICIBANK.NS
2026-08-24 02:49:49,326 - INFO - [INFY_NS] Inserted 361 rows (duplicates ignored)
2026-08-24 02:49:49,326 - INFO - Inserted 361 rows for INFY.NS
2026-08-24 02:49:49,556 - INFO - [TCS_NS] Inserted 361 rows (duplicates ignored)
2026-08-24 02:49:49,556 - INFO - Inserted 361 rows for TCS.NS
2026-08-24 02:49:49,856 - INFO - [ITC_NS] Inserted 361 rows (duplicates ignored)
2026-08-24 02:49:49,856 - INFO - Inserted 361 rows for ITC.NS
2026-08-24 02:49:50,186 - INFO - [HINDUNILVR_NS] Inserted 361 rows (duplicates ignored)
2026-08-24 02:49:50,187 - INFO - Inserted 361 rows for HINDUNILVR.NS
2026-08-24 02:49:50,435 - INFO - [SBIN_NS] Inserted 361 rows (duplicates ignored)
2026-08-24 02:49:50,436 - INFO - Inserted 361 rows for SBIN.NS
2026-08-24 02:49:50,725 - INFO - [BHARTIARTL_NS] Inserted 360 rows (duplicates ignored)
2026-08-24 02:49:50,725 - INFO - Inserted 360 rows for BHARTIARTL.NS
2026-08-24 02:49:51,031 - INFO - [KOTAKBANK_NS] Inserted 361 rows (duplicates ignored)
2026-08-24 02:49:51,031 - INFO - Inserted 361 rows for KOTAKBANK.NS
2026-08-24 02:49:51,270 - INFO - [LT_NS] Inserted 361 rows (duplicates ignored)
2026-08-24 02:49:51,270 - INFO - Inserted 361 rows for LT.NS
2026-08-24 02:49:51,508 - INFO - [AXISBANK_NS] Inserted 360 rows (duplicates ignored)
2026-08-24 02:49:51,508 - INFO - Inserted 360 rows for AXISBANK.NS
2026-08-24 02:49:51,801 - INFO - [BAJFINANCE_NS] Inserted 361 rows (duplicates ignored)
2026-08-24 02:49:51,801 - INFO - Inserted 361 rows for BAJFINANCE.NS
2026-08-24 02:49:53,061 - INFO - [ASIANPAINT_NS] Inserted 360 rows (duplicates ignored)
2026-08-24 02:49:53,061 - INFO - Inserted 360 rows for ASIANPAINT.NS
2026-08-24 02:49:53,322 - INFO - [MARUTI_NS] Inserted 361 rows (duplicates ignored)
2026-08-24 02:49:53,322 - INFO - Inserted 361 rows for MARUTI.NS
2026-08-24 02:49:53,570 - INFO - [SUNPHARMA_NS] Inserted 360 rows (duplicates ignored)
2026-08-24 02:49:53,570 - INFO - Inserted 360 rows for SUNPHARMA.NS
2026-08-24 02:49:53,930 - INFO - [WIPRO_NS] Inserted 361 rows (duplicates ignored)
2026-08-24 02:49:53,930 - INFO - Inserted 361 rows for WIPRO.NS
2026-08-24 02:49:54,164 - INFO - [POWERGRID_NS] Inserted 361 rows (duplicates ignored)
2026-08-24 02:49:54,164 - INFO - Inserted 361 rows for POWERGRID.NS
2026-08-24 02:49:54,395 - INFO - [NTPC_NS] Inserted 361 rows (duplicates ignored)
2026-08-24 02:49:54,395 - INFO - Inserted 361 rows for NTPC.NS
2026-08-24 02:49:54,643 - INFO - [ONGC_NS] Inserted 361 rows (duplicates ignored)
2026-08-24 02:49:54,643 - INFO - Inserted 361 rows for ONGC.NS
2026-08-24 02:49:54,657 - INFO - Cycle complete. README updated.
2026-08-24 03:43:00,088 - INFO - Starting data fetch cycle...
2026-08-24 03:43:00,431 - INFO - [RELIANCE_NS] Inserted 361 rows (duplicates ignored)
2026-08-24 03:43:00,431 - INFO - Inserted 361 rows for RELIANCE.NS
2026-08-24 03:43:00,609 - INFO - [HDFCBANK_NS] Inserted 361 rows (duplicates ignored)
2026-08-24 03:43:00,609 - INFO - Inserted 361 rows for HDFCBANK.NS
2026-08-24 03:43:00,776 - INFO - [ICICIBANK_NS] Inserted 361 rows (duplicates ignored)
2026-08-24 03:43:00,776 - INFO - Inserted 361 rows for ICICIBANK.NS
2026-08-24 03:43:00,944 - INFO - [INFY_NS] Inserted 361 rows (duplicates ignored)
2026-08-24 03:43:00,944 - INFO - Inserted 361 rows for INFY.NS
2026-08-24 03:43:01,100 - INFO - [TCS_NS] Inserted 361 rows (duplicates ignored)
2026-08-24 03:43:01,100 - INFO - Inserted 361 rows for TCS.NS
2026-08-24 03:43:01,308 - INFO - [ITC_NS] Inserted 361 rows (duplicates ignored)
2026-08-24 03:43:01,308 - INFO - Inserted 361 rows for ITC.NS
2026-08-24 03:43:01,486 - INFO - [HINDUNILVR_NS] Inserted 361 rows (duplicates ignored)
2026-08-24 03:43:01,487 - INFO - Inserted 361 rows for HINDUNILVR.NS
2026-08-24 03:43:01,693 - INFO - [SBIN_NS] Inserted 361 rows (duplicates ignored)
2026-08-24 03:43:01,693 - INFO - Inserted 361 rows for SBIN.NS
2026-08-24 03:43:01,849 - INFO - [BHARTIARTL_NS] Inserted 360 rows (duplicates ignored)
2026-08-24 03:43:01,850 - INFO - Inserted 360 rows for BHARTIARTL.NS
2026-08-24 03:43:02,047 - INFO - [KOTAKBANK_NS] Inserted 361 rows (duplicates ignored)
2026-08-24 03:43:02,047 - INFO - Inserted 361 rows for KOTAKBANK.NS
2026-08-24 03:43:02,213 - INFO - [LT_NS] Inserted 361 rows (duplicates ignored)
2026-08-24 03:43:02,213 - INFO - Inserted 361 rows for LT.NS
2026-08-24 03:43:02,390 - INFO - [AXISBANK_NS] Inserted 360 rows (duplicates ignored)
2026-08-24 03:43:02,390 - INFO - Inserted 360 rows for AXISBANK.NS
2026-08-24 03:43:02,551 - INFO - [BAJFINANCE_NS] Inserted 361 rows (duplicates ignored)
2026-08-24 03:43:02,552 - INFO - Inserted 361 rows for BAJFINANCE.NS
2026-08-24 03:43:02,753 - INFO - [ASIANPAINT_NS] Inserted 360 rows (duplicates ignored)
2026-08-24 03:43:02,753 - INFO - Inserted 360 rows for ASIANPAINT.NS
2026-08-24 03:43:02,930 - INFO - [MARUTI_NS] Inserted 361 rows (duplicates ignored)
2026-08-24 03:43:02,931 - INFO - Inserted 361 rows for MARUTI.NS
2026-08-24 03:43:03,109 - INFO - [SUNPHARMA_NS] Inserted 360 rows (duplicates ignored)
2026-08-24 03:43:03,110 - INFO - Inserted 360 rows for SUNPHARMA.NS
2026-08-24 03:43:03,286 - INFO - [WIPRO_NS] Inserted 361 rows (duplicates ignored)
2026-08-24 03:43:03,286 - INFO - Inserted 361 rows for WIPRO.NS
2026-08-24 03:43:03,463 - INFO - [POWERGRID_NS] Inserted 361 rows (duplicates ignored)
2026-08-24 03:43:03,463 - INFO - Inserted 361 rows for POWERGRID.NS
2026-08-24 03:43:03,630 - INFO - [NTPC_NS] Inserted 361 rows (duplicates ignored)
2026-08-24 03:43:03,631 - INFO - Inserted 361 rows for NTPC.NS
2026-08-24 03:43:03,799 - INFO - [ONGC_NS] Inserted 361 rows (duplicates ignored)
2026-08-24 03:43:03,799 - INFO - Inserted 361 rows for ONGC.NS
2026-08-24 03:43:03,813 - INFO - Cycle complete. README updated.
2026-08-24 04:30:14,458 - INFO - Starting data fetch cycle...
2026-08-24 04:30:15,068 - INFO - [RELIANCE_NS] Inserted 46 rows (duplicates ignored)
2026-08-24 04:30:15,068 - INFO - Inserted 46 rows for RELIANCE.NS
2026-08-24 04:30:15,237 - INFO - [HDFCBANK_NS] Inserted 46 rows (duplicates ignored)
2026-08-24 04:30:15,237 - INFO - Inserted 46 rows for HDFCBANK.NS
2026-08-24 04:30:15,425 - INFO - [ICICIBANK_NS] Inserted 46 rows (duplicates ignored)
2026-08-24 04:30:15,425 - INFO - Inserted 46 rows for ICICIBANK.NS
2026-08-24 04:30:15,593 - INFO - [INFY_NS] Inserted 46 rows (duplicates ignored)
2026-08-24 04:30:15,593 - INFO - Inserted 46 rows for INFY.NS
2026-08-24 04:30:15,769 - INFO - [TCS_NS] Inserted 46 rows (duplicates ignored)
2026-08-24 04:30:15,769 - INFO - Inserted 46 rows for TCS.NS
2026-08-24 04:30:15,937 - INFO - [ITC_NS] Inserted 46 rows (duplicates ignored)
2026-08-24 04:30:15,937 - INFO - Inserted 46 rows for ITC.NS
2026-08-24 04:30:16,096 - INFO - [HINDUNILVR_NS] Inserted 46 rows (duplicates ignored)
2026-08-24 04:30:16,096 - INFO - Inserted 46 rows for HINDUNILVR.NS
2026-08-24 04:30:16,281 - INFO - [SBIN_NS] Inserted 46 rows (duplicates ignored)
2026-08-24 04:30:16,282 - INFO - Inserted 46 rows for SBIN.NS
2026-08-24 04:30:16,470 - INFO - [BHARTIARTL_NS] Inserted 46 rows (duplicates ignored)
2026-08-24 04:30:16,470 - INFO - Inserted 46 rows for BHARTIARTL.NS
2026-08-24 04:30:16,710 - INFO - [KOTAKBANK_NS] Inserted 46 rows (duplicates ignored)
2026-08-24 04:30:16,710 - INFO - Inserted 46 rows for KOTAKBANK.NS
2026-08-24 04:30:16,909 - INFO - [LT_NS] Inserted 46 rows (duplicates ignored)
2026-08-24 04:30:16,910 - INFO - Inserted 46 rows for LT.NS
2026-08-24 04:30:17,110 - INFO - [AXISBANK_NS] Inserted 46 rows (duplicates ignored)
2026-08-24 04:30:17,110 - INFO - Inserted 46 rows for AXISBANK.NS
2026-08-24 04:30:17,299 - INFO - [BAJFINANCE_NS] Inserted 46 rows (duplicates ignored)
2026-08-24 04:30:17,300 - INFO - Inserted 46 rows for BAJFINANCE.NS
2026-08-24 04:30:17,466 - INFO - [ASIANPAINT_NS] Inserted 46 rows (duplicates ignored)
2026-08-24 04:30:17,467 - INFO - Inserted 46 rows for ASIANPAINT.NS
2026-08-24 04:30:17,637 - INFO - [MARUTI_NS] Inserted 46 rows (duplicates ignored)
2026-08-24 04:30:17,637 - INFO - Inserted 46 rows for MARUTI.NS
2026-08-24 04:30:17,816 - INFO - [SUNPHARMA_NS] Inserted 46 rows (duplicates ignored)
2026-08-24 04:30:17,816 - INFO - Inserted 46 rows for SUNPHARMA.NS
2026-08-24 04:30:18,002 - INFO - [WIPRO_NS] Inserted 46 rows (duplicates ignored)
2026-08-24 04:30:18,002 - INFO - Inserted 46 rows for WIPRO.NS
2026-08-24 04:30:18,167 - INFO - [POWERGRID_NS] Inserted 46 rows (duplicates ignored)
2026-08-24 04:30:18,167 - INFO - Inserted 46 rows for POWERGRID.NS
2026-08-24 04:30:18,345 - INFO - [NTPC_NS] Inserted 46 rows (duplicates ignored)
2026-08-24 04:30:18,345 - INFO - Inserted 46 rows for NTPC.NS
2026-08-24 04:30:18,535 - INFO - [ONGC_NS] Inserted 46 rows (duplicates ignored)
2026-08-24 04:30:18,535 - INFO - Inserted 46 rows for ONGC.NS
2026-08-24 04:30:18,547 - INFO - Cycle complete. README updated.
2026-08-24 05:21:50,086 - INFO - Starting data fetch cycle...
2026-08-24 05:21:50,468 - INFO - [RELIANCE_NS] Inserted 97 rows (duplicates ignored)
2026-08-24 05:21:50,468 - INFO - Inserted 97 rows for RELIANCE.NS
2026-08-24 05:21:50,629 - INFO - [HDFCBANK_NS] Inserted 97 rows (duplicates ignored)
2026-08-24 05:21:50,629 - INFO - Inserted 97 rows for HDFCBANK.NS
2026-08-24 05:21:50,795 - INFO - [ICICIBANK_NS] Inserted 97 rows (duplicates ignored)
2026-08-24 05:21:50,795 - INFO - Inserted 97 rows for ICICIBANK.NS
2026-08-24 05:21:50,970 - INFO - [INFY_NS] Inserted 97 rows (duplicates ignored)
2026-08-24 05:21:50,970 - INFO - Inserted 97 rows for INFY.NS
2026-08-24 05:21:51,136 - INFO - [TCS_NS] Inserted 97 rows (duplicates ignored)
2026-08-24 05:21:51,137 - INFO - Inserted 97 rows for TCS.NS
2026-08-24 05:21:51,294 - INFO - [ITC_NS] Inserted 97 rows (duplicates ignored)
2026-08-24 05:21:51,294 - INFO - Inserted 97 rows for ITC.NS
2026-08-24 05:21:51,503 - INFO - [HINDUNILVR_NS] Inserted 97 rows (duplicates ignored)
2026-08-24 05:21:51,503 - INFO - Inserted 97 rows for HINDUNILVR.NS
2026-08-24 05:21:51,672 - INFO - [SBIN_NS] Inserted 97 rows (duplicates ignored)
2026-08-24 05:21:51,672 - INFO - Inserted 97 rows for SBIN.NS
2026-08-24 05:21:51,873 - INFO - [BHARTIARTL_NS] Inserted 97 rows (duplicates ignored)
2026-08-24 05:21:51,873 - INFO - Inserted 97 rows for BHARTIARTL.NS
2026-08-24 05:21:52,039 - INFO - [KOTAKBANK_NS] Inserted 97 rows (duplicates ignored)
2026-08-24 05:21:52,039 - INFO - Inserted 97 rows for KOTAKBANK.NS
2026-08-24 05:21:52,213 - INFO - [LT_NS] Inserted 97 rows (duplicates ignored)
2026-08-24 05:21:52,213 - INFO - Inserted 97 rows for LT.NS
2026-08-24 05:21:52,421 - INFO - [AXISBANK_NS] Inserted 97 rows (duplicates ignored)
2026-08-24 05:21:52,421 - INFO - Inserted 97 rows for AXISBANK.NS
2026-08-24 05:21:52,583 - INFO - [BAJFINANCE_NS] Inserted 97 rows (duplicates ignored)
2026-08-24 05:21:52,583 - INFO - Inserted 97 rows for BAJFINANCE.NS
2026-08-24 05:21:52,785 - INFO - [ASIANPAINT_NS] Inserted 97 rows (duplicates ignored)
2026-08-24 05:21:52,786 - INFO - Inserted 97 rows for ASIANPAINT.NS
2026-08-24 05:21:52,955 - INFO - [MARUTI_NS] Inserted 97 rows (duplicates ignored)
2026-08-24 05:21:52,955 - INFO - Inserted 97 rows for MARUTI.NS
2026-08-24 05:21:53,127 - INFO - [SUNPHARMA_NS] Inserted 97 rows (duplicates ignored)
2026-08-24 05:21:53,127 - INFO - Inserted 97 rows for SUNPHARMA.NS
2026-08-24 05:21:53,289 - INFO - [WIPRO_NS] Inserted 97 rows (duplicates ignored)
2026-08-24 05:21:53,289 - INFO - Inserted 97 rows for WIPRO.NS
2026-08-24 05:21:53,446 - INFO - [POWERGRID_NS] Inserted 97 rows (duplicates ignored)
2026-08-24 05:21:53,447 - INFO - Inserted 97 rows for POWERGRID.NS
2026-08-24 05:21:53,618 - INFO - [NTPC_NS] Inserted 97 rows (duplicates ignored)
2026-08-24 05:21:53,618 - INFO - Inserted 97 rows for NTPC.NS
2026-08-24 05:21:53,795 - INFO - [ONGC_NS] Inserted 97 rows (duplicates ignored)
2026-08-24 05:21:53,795 - INFO - Inserted 97 rows for ONGC.NS
2026-08-24 05:21:53,809 - INFO - Cycle complete. README updated.
2026-08-24 06:01:42,982 - INFO - Starting data fetch cycle...
2026-08-24 06:01:43,678 - INFO - [RELIANCE_NS] Inserted 137 rows (duplicates ignored)
2026-08-24 06:01:43,678 - INFO - Inserted 137 rows for RELIANCE.NS
2026-08-24 06:01:43,961 - INFO - [HDFCBANK_NS] Inserted 137 rows (duplicates ignored)
2026-08-24 06:01:43,961 - INFO - Inserted 137 rows for HDFCBANK.NS
2026-08-24 06:01:44,242 - INFO - [ICICIBANK_NS] Inserted 137 rows (duplicates ignored)
2026-08-24 06:01:44,242 - INFO - Inserted 137 rows for ICICIBANK.NS
2026-08-24 06:01:44,519 - INFO - [INFY_NS] Inserted 137 rows (duplicates ignored)
2026-08-24 06:01:44,520 - INFO - Inserted 137 rows for INFY.NS
2026-08-24 06:01:44,825 - INFO - [TCS_NS] Inserted 137 rows (duplicates ignored)
2026-08-24 06:01:44,825 - INFO - Inserted 137 rows for TCS.NS
2026-08-24 06:01:45,231 - INFO - [ITC_NS] Inserted 137 rows (duplicates ignored)
2026-08-24 06:01:45,231 - INFO - Inserted 137 rows for ITC.NS
2026-08-24 06:01:46,331 - INFO - [HINDUNILVR_NS] Inserted 137 rows (duplicates ignored)
2026-08-24 06:01:46,331 - INFO - Inserted 137 rows for HINDUNILVR.NS
2026-08-24 06:01:46,737 - INFO - [SBIN_NS] Inserted 137 rows (duplicates ignored)
2026-08-24 06:01:46,737 - INFO - Inserted 137 rows for SBIN.NS
2026-08-24 06:01:47,014 - INFO - [BHARTIARTL_NS] Inserted 137 rows (duplicates ignored)
2026-08-24 06:01:47,014 - INFO - Inserted 137 rows for BHARTIARTL.NS
2026-08-24 06:01:47,305 - INFO - [KOTAKBANK_NS] Inserted 137 rows (duplicates ignored)
2026-08-24 06:01:47,306 - INFO - Inserted 137 rows for KOTAKBANK.NS
2026-08-24 06:01:47,587 - INFO - [LT_NS] Inserted 137 rows (duplicates ignored)
2026-08-24 06:01:47,587 - INFO - Inserted 137 rows for LT.NS
2026-08-24 06:01:47,876 - INFO - [AXISBANK_NS] Inserted 137 rows (duplicates ignored)
2026-08-24 06:01:47,876 - INFO - Inserted 137 rows for AXISBANK.NS
2026-08-24 06:01:48,158 - INFO - [BAJFINANCE_NS] Inserted 137 rows (duplicates ignored)
2026-08-24 06:01:48,159 - INFO - Inserted 137 rows for BAJFINANCE.NS
2026-08-24 06:01:48,435 - INFO - [ASIANPAINT_NS] Inserted 137 rows (duplicates ignored)
2026-08-24 06:01:48,435 - INFO - Inserted 137 rows for ASIANPAINT.NS
2026-08-24 06:01:48,710 - INFO - [MARUTI_NS] Inserted 137 rows (duplicates ignored)
2026-08-24 06:01:48,710 - INFO - Inserted 137 rows for MARUTI.NS
2026-08-24 06:01:48,990 - INFO - [SUNPHARMA_NS] Inserted 137 rows (duplicates ignored)
2026-08-24 06:01:48,991 - INFO - Inserted 137 rows for SUNPHARMA.NS
2026-08-24 06:01:49,270 - INFO - [WIPRO_NS] Inserted 137 rows (duplicates ignored)
2026-08-24 06:01:49,270 - INFO - Inserted 137 rows for WIPRO.NS
2026-08-24 06:01:49,544 - INFO - [POWERGRID_NS] Inserted 137 rows (duplicates ignored)
2026-08-24 06:01:49,544 - INFO - Inserted 137 rows for POWERGRID.NS
2026-08-24 06:01:49,824 - INFO - [NTPC_NS] Inserted 137 rows (duplicates ignored)
2026-08-24 06:01:49,824 - INFO - Inserted 137 rows for NTPC.NS
2026-08-24 06:01:50,114 - INFO - [ONGC_NS] Inserted 137 rows (duplicates ignored)
2026-08-24 06:01:50,114 - INFO - Inserted 137 rows for ONGC.NS
2026-08-24 06:01:50,128 - INFO - Cycle complete. README updated.
2026-08-24 22:54:27,309 - INFO - Starting data fetch cycle...
2026-08-24 22:54:27,639 - INFO - [RELIANCE_NS] Inserted 361 rows (duplicates ignored)
2026-08-24 22:54:27,639 - INFO - Inserted 361 rows for RELIANCE.NS
2026-08-24 22:54:27,826 - INFO - [HDFCBANK_NS] Inserted 361 rows (duplicates ignored)
2026-08-24 22:54:27,826 - INFO - Inserted 361 rows for HDFCBANK.NS
2026-08-24 22:54:27,995 - INFO - [ICICIBANK_NS] Inserted 361 rows (duplicates ignored)
2026-08-24 22:54:27,995 - INFO - Inserted 361 rows for ICICIBANK.NS
2026-08-24 22:54:28,216 - INFO - [INFY_NS] Inserted 361 rows (duplicates ignored)
2026-08-24 22:54:28,216 - INFO - Inserted 361 rows for INFY.NS
2026-08-24 22:54:28,379 - INFO - [TCS_NS] Inserted 360 rows (duplicates ignored)
2026-08-24 22:54:28,379 - INFO - Inserted 360 rows for TCS.NS
2026-08-24 22:54:28,562 - INFO - [ITC_NS] Inserted 361 rows (duplicates ignored)
2026-08-24 22:54:28,562 - INFO - Inserted 361 rows for ITC.NS
2026-08-24 22:54:28,732 - INFO - [HINDUNILVR_NS] Inserted 361 rows (duplicates ignored)
2026-08-24 22:54:28,732 - INFO - Inserted 361 rows for HINDUNILVR.NS
2026-08-24 22:54:28,910 - INFO - [SBIN_NS] Inserted 361 rows (duplicates ignored)
2026-08-24 22:54:28,910 - INFO - Inserted 361 rows for SBIN.NS
2026-08-24 22:54:29,100 - INFO - [BHARTIARTL_NS] Inserted 361 rows (duplicates ignored)
2026-08-24 22:54:29,100 - INFO - Inserted 361 rows for BHARTIARTL.NS
2026-08-24 22:54:29,291 - INFO - [KOTAKBANK_NS] Inserted 361 rows (duplicates ignored)
2026-08-24 22:54:29,291 - INFO - Inserted 361 rows for KOTAKBANK.NS
2026-08-24 22:54:29,462 - INFO - [LT_NS] Inserted 361 rows (duplicates ignored)
2026-08-24 22:54:29,462 - INFO - Inserted 361 rows for LT.NS
2026-08-24 22:54:29,654 - INFO - [AXISBANK_NS] Inserted 361 rows (duplicates ignored)
2026-08-24 22:54:29,655 - INFO - Inserted 361 rows for AXISBANK.NS
2026-08-24 22:54:29,852 - INFO - [BAJFINANCE_NS] Inserted 360 rows (duplicates ignored)
2026-08-24 22:54:29,852 - INFO - Inserted 360 rows for BAJFINANCE.NS
2026-08-24 22:54:30,066 - INFO - [ASIANPAINT_NS] Inserted 360 rows (duplicates ignored)
2026-08-24 22:54:30,066 - INFO - Inserted 360 rows for ASIANPAINT.NS
2026-08-24 22:54:30,254 - INFO - [MARUTI_NS] Inserted 361 rows (duplicates ignored)
2026-08-24 22:54:30,254 - INFO - Inserted 361 rows for MARUTI.NS
2026-08-24 22:54:30,434 - INFO - [SUNPHARMA_NS] Inserted 361 rows (duplicates ignored)
2026-08-24 22:54:30,434 - INFO - Inserted 361 rows for SUNPHARMA.NS
2026-08-24 22:54:30,623 - INFO - [WIPRO_NS] Inserted 361 rows (duplicates ignored)
2026-08-24 22:54:30,624 - INFO - Inserted 361 rows for WIPRO.NS
2026-08-24 22:54:30,811 - INFO - [POWERGRID_NS] Inserted 361 rows (duplicates ignored)
2026-08-24 22:54:30,811 - INFO - Inserted 361 rows for POWERGRID.NS
2026-08-24 22:54:30,972 - INFO - [NTPC_NS] Inserted 361 rows (duplicates ignored)
2026-08-24 22:54:30,972 - INFO - Inserted 361 rows for NTPC.NS
2026-08-24 22:54:31,153 - INFO - [ONGC_NS] Inserted 361 rows (duplicates ignored)
2026-08-24 22:54:31,153 - INFO - Inserted 361 rows for ONGC.NS
2026-08-24 22:54:31,167 - INFO - Cycle complete. README updated.
2026-08-24 23:22:51,698 - INFO - Starting data fetch cycle...
2026-08-24 23:22:52,080 - INFO - [RELIANCE_NS] Inserted 361 rows (duplicates ignored)
2026-08-24 23:22:52,080 - INFO - Inserted 361 rows for RELIANCE.NS
2026-08-24 23:22:52,254 - INFO - [HDFCBANK_NS] Inserted 361 rows (duplicates ignored)
2026-08-24 23:22:52,254 - INFO - Inserted 361 rows for HDFCBANK.NS
2026-08-24 23:22:52,468 - INFO - [ICICIBANK_NS] Inserted 361 rows (duplicates ignored)
2026-08-24 23:22:52,468 - INFO - Inserted 361 rows for ICICIBANK.NS
2026-08-24 23:22:52,673 - INFO - [INFY_NS] Inserted 361 rows (duplicates ignored)
2026-08-24 23:22:52,673 - INFO - Inserted 361 rows for INFY.NS
2026-08-24 23:22:52,888 - INFO - [TCS_NS] Inserted 360 rows (duplicates ignored)
2026-08-24 23:22:52,888 - INFO - Inserted 360 rows for TCS.NS
2026-08-24 23:22:53,073 - INFO - [ITC_NS] Inserted 361 rows (duplicates ignored)
2026-08-24 23:22:53,074 - INFO - Inserted 361 rows for ITC.NS
2026-08-24 23:22:53,260 - INFO - [HINDUNILVR_NS] Inserted 361 rows (duplicates ignored)
2026-08-24 23:22:53,260 - INFO - Inserted 361 rows for HINDUNILVR.NS
2026-08-24 23:22:53,447 - INFO - [SBIN_NS] Inserted 361 rows (duplicates ignored)
2026-08-24 23:22:53,447 - INFO - Inserted 361 rows for SBIN.NS
2026-08-24 23:22:53,664 - INFO - [BHARTIARTL_NS] Inserted 361 rows (duplicates ignored)
2026-08-24 23:22:53,664 - INFO - Inserted 361 rows for BHARTIARTL.NS
2026-08-24 23:22:53,858 - INFO - [KOTAKBANK_NS] Inserted 361 rows (duplicates ignored)
2026-08-24 23:22:53,858 - INFO - Inserted 361 rows for KOTAKBANK.NS
2026-08-24 23:22:54,054 - INFO - [LT_NS] Inserted 361 rows (duplicates ignored)
2026-08-24 23:22:54,054 - INFO - Inserted 361 rows for LT.NS
2026-08-24 23:22:54,232 - INFO - [AXISBANK_NS] Inserted 361 rows (duplicates ignored)
2026-08-24 23:22:54,232 - INFO - Inserted 361 rows for AXISBANK.NS
2026-08-24 23:22:54,406 - INFO - [BAJFINANCE_NS] Inserted 360 rows (duplicates ignored)
2026-08-24 23:22:54,406 - INFO - Inserted 360 rows for BAJFINANCE.NS
2026-08-24 23:22:54,622 - INFO - [ASIANPAINT_NS] Inserted 360 rows (duplicates ignored)
2026-08-24 23:22:54,622 - INFO - Inserted 360 rows for ASIANPAINT.NS
2026-08-24 23:22:54,806 - INFO - [MARUTI_NS] Inserted 361 rows (duplicates ignored)
2026-08-24 23:22:54,806 - INFO - Inserted 361 rows for MARUTI.NS
2026-08-24 23:22:54,989 - INFO - [SUNPHARMA_NS] Inserted 361 rows (duplicates ignored)
2026-08-24 23:22:54,989 - INFO - Inserted 361 rows for SUNPHARMA.NS
2026-08-24 23:22:55,175 - INFO - [WIPRO_NS] Inserted 361 rows (duplicates ignored)
2026-08-24 23:22:55,175 - INFO - Inserted 361 rows for WIPRO.NS
2026-08-24 23:22:55,381 - INFO - [POWERGRID_NS] Inserted 361 rows (duplicates ignored)
2026-08-24 23:22:55,381 - INFO - Inserted 361 rows for POWERGRID.NS
2026-08-24 23:22:55,556 - INFO - [NTPC_NS] Inserted 361 rows (duplicates ignored)
2026-08-24 23:22:55,556 - INFO - Inserted 361 rows for NTPC.NS
2026-08-24 23:22:55,754 - INFO - [ONGC_NS] Inserted 361 rows (duplicates ignored)
2026-08-24 23:22:55,754 - INFO - Inserted 361 rows for ONGC.NS
2026-08-24 23:22:55,769 - INFO - Cycle complete. README updated.
2026-08-24 23:45:46,522 - INFO - Starting data fetch cycle...
2026-08-24 23:45:47,679 - INFO - [RELIANCE_NS] Inserted 361 rows (duplicates ignored)
2026-08-24 23:45:47,679 - INFO - Inserted 361 rows for RELIANCE.NS
2026-08-24 23:45:47,976 - INFO - [HDFCBANK_NS] Inserted 361 rows (duplicates ignored)
2026-08-24 23:45:47,976 - INFO - Inserted 361 rows for HDFCBANK.NS
2026-08-24 23:45:48,266 - INFO - [ICICIBANK_NS] Inserted 361 rows (duplicates ignored)
2026-08-24 23:45:48,266 - INFO - Inserted 361 rows for ICICIBANK.NS
2026-08-24 23:45:48,561 - INFO - [INFY_NS] Inserted 361 rows (duplicates ignored)
2026-08-24 23:45:48,561 - INFO - Inserted 361 rows for INFY.NS
2026-08-24 23:45:48,858 - INFO - [TCS_NS] Inserted 360 rows (duplicates ignored)
2026-08-24 23:45:48,858 - INFO - Inserted 360 rows for TCS.NS
2026-08-24 23:45:49,135 - INFO - [ITC_NS] Inserted 361 rows (duplicates ignored)
2026-08-24 23:45:49,135 - INFO - Inserted 361 rows for ITC.NS
2026-08-24 23:45:49,431 - INFO - [HINDUNILVR_NS] Inserted 361 rows (duplicates ignored)
2026-08-24 23:45:49,431 - INFO - Inserted 361 rows for HINDUNILVR.NS
2026-08-24 23:45:49,706 - INFO - [SBIN_NS] Inserted 361 rows (duplicates ignored)
2026-08-24 23:45:49,706 - INFO - Inserted 361 rows for SBIN.NS
2026-08-24 23:45:49,983 - INFO - [BHARTIARTL_NS] Inserted 361 rows (duplicates ignored)
2026-08-24 23:45:49,983 - INFO - Inserted 361 rows for BHARTIARTL.NS
2026-08-24 23:45:50,281 - INFO - [KOTAKBANK_NS] Inserted 361 rows (duplicates ignored)
2026-08-24 23:45:50,281 - INFO - Inserted 361 rows for KOTAKBANK.NS
2026-08-24 23:45:50,566 - INFO - [LT_NS] Inserted 361 rows (duplicates ignored)
2026-08-24 23:45:50,567 - INFO - Inserted 361 rows for LT.NS
2026-08-24 23:45:50,858 - INFO - [AXISBANK_NS] Inserted 361 rows (duplicates ignored)
2026-08-24 23:45:50,858 - INFO - Inserted 361 rows for AXISBANK.NS
2026-08-24 23:45:51,154 - INFO - [BAJFINANCE_NS] Inserted 360 rows (duplicates ignored)
2026-08-24 23:45:51,154 - INFO - Inserted 360 rows for BAJFINANCE.NS
2026-08-24 23:45:51,431 - INFO - [ASIANPAINT_NS] Inserted 360 rows (duplicates ignored)
2026-08-24 23:45:51,431 - INFO - Inserted 360 rows for ASIANPAINT.NS
2026-08-24 23:45:51,707 - INFO - [MARUTI_NS] Inserted 361 rows (duplicates ignored)
2026-08-24 23:45:51,707 - INFO - Inserted 361 rows for MARUTI.NS
2026-08-24 23:45:51,991 - INFO - [SUNPHARMA_NS] Inserted 361 rows (duplicates ignored)
2026-08-24 23:45:51,992 - INFO - Inserted 361 rows for SUNPHARMA.NS
2026-08-24 23:45:52,276 - INFO - [WIPRO_NS] Inserted 361 rows (duplicates ignored)
2026-08-24 23:45:52,276 - INFO - Inserted 361 rows for WIPRO.NS
2026-08-24 23:45:52,553 - INFO - [POWERGRID_NS] Inserted 361 rows (duplicates ignored)
2026-08-24 23:45:52,553 - INFO - Inserted 361 rows for POWERGRID.NS
2026-08-24 23:45:52,829 - INFO - [NTPC_NS] Inserted 361 rows (duplicates ignored)
2026-08-24 23:45:52,829 - INFO - Inserted 361 rows for NTPC.NS
2026-08-24 23:45:53,116 - INFO - [ONGC_NS] Inserted 361 rows (duplicates ignored)
2026-08-24 23:45:53,116 - INFO - Inserted 361 rows for ONGC.NS
2026-08-24 23:45:53,128 - INFO - Cycle complete. README updated.
2026-08-25 00:02:36,566 - INFO - Starting data fetch cycle...
2026-08-25 00:02:36,917 - INFO - [RELIANCE_NS] Inserted 361 rows (duplicates ignored)
2026-08-25 00:02:36,917 - INFO - Inserted 361 rows for RELIANCE.NS
2026-08-25 00:02:37,096 - INFO - [HDFCBANK_NS] Inserted 361 rows (duplicates ignored)
2026-08-25 00:02:37,096 - INFO - Inserted 361 rows for HDFCBANK.NS
2026-08-25 00:02:37,326 - INFO - [ICICIBANK_NS] Inserted 361 rows (duplicates ignored)
2026-08-25 00:02:37,326 - INFO - Inserted 361 rows for ICICIBANK.NS
2026-08-25 00:02:37,513 - INFO - [INFY_NS] Inserted 361 rows (duplicates ignored)
2026-08-25 00:02:37,513 - INFO - Inserted 361 rows for INFY.NS
2026-08-25 00:02:37,749 - INFO - [TCS_NS] Inserted 360 rows (duplicates ignored)
2026-08-25 00:02:37,749 - INFO - Inserted 360 rows for TCS.NS
2026-08-25 00:02:37,940 - INFO - [ITC_NS] Inserted 361 rows (duplicates ignored)
2026-08-25 00:02:37,941 - INFO - Inserted 361 rows for ITC.NS
2026-08-25 00:02:38,117 - INFO - [HINDUNILVR_NS] Inserted 361 rows (duplicates ignored)
2026-08-25 00:02:38,117 - INFO - Inserted 361 rows for HINDUNILVR.NS
2026-08-25 00:02:38,476 - INFO - [SBIN_NS] Inserted 361 rows (duplicates ignored)
2026-08-25 00:02:38,476 - INFO - Inserted 361 rows for SBIN.NS
2026-08-25 00:02:38,661 - INFO - [BHARTIARTL_NS] Inserted 361 rows (duplicates ignored)
2026-08-25 00:02:38,661 - INFO - Inserted 361 rows for BHARTIARTL.NS
2026-08-25 00:02:38,827 - INFO - [KOTAKBANK_NS] Inserted 361 rows (duplicates ignored)
2026-08-25 00:02:38,827 - INFO - Inserted 361 rows for KOTAKBANK.NS
2026-08-25 00:02:39,073 - INFO - [LT_NS] Inserted 361 rows (duplicates ignored)
2026-08-25 00:02:39,073 - INFO - Inserted 361 rows for LT.NS
2026-08-25 00:02:39,262 - INFO - [AXISBANK_NS] Inserted 361 rows (duplicates ignored)
2026-08-25 00:02:39,262 - INFO - Inserted 361 rows for AXISBANK.NS
2026-08-25 00:02:39,462 - INFO - [BAJFINANCE_NS] Inserted 360 rows (duplicates ignored)
2026-08-25 00:02:39,462 - INFO - Inserted 360 rows for BAJFINANCE.NS
2026-08-25 00:02:39,655 - INFO - [ASIANPAINT_NS] Inserted 360 rows (duplicates ignored)
2026-08-25 00:02:39,655 - INFO - Inserted 360 rows for ASIANPAINT.NS
2026-08-25 00:02:39,850 - INFO - [MARUTI_NS] Inserted 361 rows (duplicates ignored)
2026-08-25 00:02:39,850 - INFO - Inserted 361 rows for MARUTI.NS
2026-08-25 00:02:40,061 - INFO - [SUNPHARMA_NS] Inserted 361 rows (duplicates ignored)
2026-08-25 00:02:40,061 - INFO - Inserted 361 rows for SUNPHARMA.NS
2026-08-25 00:02:40,277 - INFO - [WIPRO_NS] Inserted 361 rows (duplicates ignored)
2026-08-25 00:02:40,277 - INFO - Inserted 361 rows for WIPRO.NS
2026-08-25 00:02:40,460 - INFO - [POWERGRID_NS] Inserted 361 rows (duplicates ignored)
2026-08-25 00:02:40,460 - INFO - Inserted 361 rows for POWERGRID.NS
2026-08-25 00:02:40,652 - INFO - [NTPC_NS] Inserted 361 rows (duplicates ignored)
2026-08-25 00:02:40,652 - INFO - Inserted 361 rows for NTPC.NS
2026-08-25 00:02:40,837 - INFO - [ONGC_NS] Inserted 361 rows (duplicates ignored)
2026-08-25 00:02:40,837 - INFO - Inserted 361 rows for ONGC.NS
2026-08-25 00:02:40,848 - INFO - Cycle complete. README updated.
2026-08-25 01:48:19,246 - INFO - Starting data fetch cycle...
2026-08-25 01:48:19,580 - INFO - [RELIANCE_NS] Inserted 361 rows (duplicates ignored)
2026-08-25 01:48:19,580 - INFO - Inserted 361 rows for RELIANCE.NS
2026-08-25 01:48:19,785 - INFO - [HDFCBANK_NS] Inserted 361 rows (duplicates ignored)
2026-08-25 01:48:19,785 - INFO - Inserted 361 rows for HDFCBANK.NS
2026-08-25 01:48:19,998 - INFO - [ICICIBANK_NS] Inserted 361 rows (duplicates ignored)
2026-08-25 01:48:19,998 - INFO - Inserted 361 rows for ICICIBANK.NS
2026-08-25 01:48:20,186 - INFO - [INFY_NS] Inserted 361 rows (duplicates ignored)
2026-08-25 01:48:20,186 - INFO - Inserted 361 rows for INFY.NS
2026-08-25 01:48:20,361 - INFO - [TCS_NS] Inserted 360 rows (duplicates ignored)
2026-08-25 01:48:20,361 - INFO - Inserted 360 rows for TCS.NS
2026-08-25 01:48:20,568 - INFO - [ITC_NS] Inserted 361 rows (duplicates ignored)
2026-08-25 01:48:20,568 - INFO - Inserted 361 rows for ITC.NS
2026-08-25 01:48:20,771 - INFO - [HINDUNILVR_NS] Inserted 361 rows (duplicates ignored)
2026-08-25 01:48:20,771 - INFO - Inserted 361 rows for HINDUNILVR.NS
2026-08-25 01:48:21,123 - INFO - [SBIN_NS] Inserted 361 rows (duplicates ignored)
2026-08-25 01:48:21,123 - INFO - Inserted 361 rows for SBIN.NS
2026-08-25 01:48:21,959 - INFO - [BHARTIARTL_NS] Inserted 361 rows (duplicates ignored)
2026-08-25 01:48:21,959 - INFO - Inserted 361 rows for BHARTIARTL.NS
2026-08-25 01:48:22,180 - INFO - [KOTAKBANK_NS] Inserted 361 rows (duplicates ignored)
2026-08-25 01:48:22,180 - INFO - Inserted 361 rows for KOTAKBANK.NS
2026-08-25 01:48:22,355 - INFO - [LT_NS] Inserted 361 rows (duplicates ignored)
2026-08-25 01:48:22,355 - INFO - Inserted 361 rows for LT.NS
2026-08-25 01:48:22,540 - INFO - [AXISBANK_NS] Inserted 361 rows (duplicates ignored)
2026-08-25 01:48:22,540 - INFO - Inserted 361 rows for AXISBANK.NS
2026-08-25 01:48:22,718 - INFO - [BAJFINANCE_NS] Inserted 360 rows (duplicates ignored)
2026-08-25 01:48:22,718 - INFO - Inserted 360 rows for BAJFINANCE.NS
2026-08-25 01:48:22,922 - INFO - [ASIANPAINT_NS] Inserted 360 rows (duplicates ignored)
2026-08-25 01:48:22,922 - INFO - Inserted 360 rows for ASIANPAINT.NS
2026-08-25 01:48:23,107 - INFO - [MARUTI_NS] Inserted 361 rows (duplicates ignored)
2026-08-25 01:48:23,107 - INFO - Inserted 361 rows for MARUTI.NS
2026-08-25 01:48:23,331 - INFO - [SUNPHARMA_NS] Inserted 361 rows (duplicates ignored)
2026-08-25 01:48:23,331 - INFO - Inserted 361 rows for SUNPHARMA.NS
2026-08-25 01:48:23,529 - INFO - [WIPRO_NS] Inserted 361 rows (duplicates ignored)
2026-08-25 01:48:23,530 - INFO - Inserted 361 rows for WIPRO.NS
2026-08-25 01:48:23,707 - INFO - [POWERGRID_NS] Inserted 361 rows (duplicates ignored)
2026-08-25 01:48:23,708 - INFO - Inserted 361 rows for POWERGRID.NS
2026-08-25 01:48:23,915 - INFO - [NTPC_NS] Inserted 361 rows (duplicates ignored)
2026-08-25 01:48:23,915 - INFO - Inserted 361 rows for NTPC.NS
2026-08-25 01:48:24,094 - INFO - [ONGC_NS] Inserted 361 rows (duplicates ignored)
2026-08-25 01:48:24,095 - INFO - Inserted 361 rows for ONGC.NS
2026-08-25 01:48:24,107 - INFO - Cycle complete. README updated.
2026-08-25 02:47:01,233 - INFO - Starting data fetch cycle...
2026-08-25 02:47:01,585 - INFO - [RELIANCE_NS] Inserted 361 rows (duplicates ignored)
2026-08-25 02:47:01,586 - INFO - Inserted 361 rows for RELIANCE.NS
2026-08-25 02:47:01,756 - INFO - [HDFCBANK_NS] Inserted 361 rows (duplicates ignored)
2026-08-25 02:47:01,756 - INFO - Inserted 361 rows for HDFCBANK.NS
2026-08-25 02:47:01,973 - INFO - [ICICIBANK_NS] Inserted 361 rows (duplicates ignored)
2026-08-25 02:47:01,973 - INFO - Inserted 361 rows for ICICIBANK.NS
2026-08-25 02:47:02,168 - INFO - [INFY_NS] Inserted 361 rows (duplicates ignored)
2026-08-25 02:47:02,168 - INFO - Inserted 361 rows for INFY.NS
2026-08-25 02:47:02,355 - INFO - [TCS_NS] Inserted 360 rows (duplicates ignored)
2026-08-25 02:47:02,355 - INFO - Inserted 360 rows for TCS.NS
2026-08-25 02:47:02,552 - INFO - [ITC_NS] Inserted 361 rows (duplicates ignored)
2026-08-25 02:47:02,552 - INFO - Inserted 361 rows for ITC.NS
2026-08-25 02:47:02,747 - INFO - [HINDUNILVR_NS] Inserted 361 rows (duplicates ignored)
2026-08-25 02:47:02,748 - INFO - Inserted 361 rows for HINDUNILVR.NS
2026-08-25 02:47:02,933 - INFO - [SBIN_NS] Inserted 361 rows (duplicates ignored)
2026-08-25 02:47:02,933 - INFO - Inserted 361 rows for SBIN.NS
2026-08-25 02:47:03,361 - INFO - [BHARTIARTL_NS] Inserted 361 rows (duplicates ignored)
2026-08-25 02:47:03,361 - INFO - Inserted 361 rows for BHARTIARTL.NS
2026-08-25 02:47:03,568 - INFO - [KOTAKBANK_NS] Inserted 361 rows (duplicates ignored)
2026-08-25 02:47:03,568 - INFO - Inserted 361 rows for KOTAKBANK.NS
2026-08-25 02:47:03,764 - INFO - [LT_NS] Inserted 361 rows (duplicates ignored)
2026-08-25 02:47:03,764 - INFO - Inserted 361 rows for LT.NS
2026-08-25 02:47:03,941 - INFO - [AXISBANK_NS] Inserted 361 rows (duplicates ignored)
2026-08-25 02:47:03,941 - INFO - Inserted 361 rows for AXISBANK.NS
2026-08-25 02:47:04,127 - INFO - [BAJFINANCE_NS] Inserted 360 rows (duplicates ignored)
2026-08-25 02:47:04,127 - INFO - Inserted 360 rows for BAJFINANCE.NS
2026-08-25 02:47:04,321 - INFO - [ASIANPAINT_NS] Inserted 360 rows (duplicates ignored)
2026-08-25 02:47:04,321 - INFO - Inserted 360 rows for ASIANPAINT.NS
2026-08-25 02:47:04,537 - INFO - [MARUTI_NS] Inserted 361 rows (duplicates ignored)
2026-08-25 02:47:04,537 - INFO - Inserted 361 rows for MARUTI.NS
2026-08-25 02:47:04,701 - INFO - [SUNPHARMA_NS] Inserted 361 rows (duplicates ignored)
2026-08-25 02:47:04,702 - INFO - Inserted 361 rows for SUNPHARMA.NS
2026-08-25 02:47:04,885 - INFO - [WIPRO_NS] Inserted 361 rows (duplicates ignored)
2026-08-25 02:47:04,885 - INFO - Inserted 361 rows for WIPRO.NS
2026-08-25 02:47:05,070 - INFO - [POWERGRID_NS] Inserted 361 rows (duplicates ignored)
2026-08-25 02:47:05,070 - INFO - Inserted 361 rows for POWERGRID.NS
2026-08-25 02:47:05,257 - INFO - [NTPC_NS] Inserted 361 rows (duplicates ignored)
2026-08-25 02:47:05,257 - INFO - Inserted 361 rows for NTPC.NS
2026-08-25 02:47:05,442 - INFO - [ONGC_NS] Inserted 361 rows (duplicates ignored)
2026-08-25 02:47:05,442 - INFO - Inserted 361 rows for ONGC.NS
2026-08-25 02:47:05,455 - INFO - Cycle complete. README updated.
2026-08-25 03:35:58,866 - INFO - Starting data fetch cycle...
2026-08-25 03:35:59,302 - INFO - [RELIANCE_NS] Inserted 361 rows (duplicates ignored)
2026-08-25 03:35:59,302 - INFO - Inserted 361 rows for RELIANCE.NS
2026-08-25 03:35:59,493 - INFO - [HDFCBANK_NS] Inserted 361 rows (duplicates ignored)
2026-08-25 03:35:59,493 - INFO - Inserted 361 rows for HDFCBANK.NS
2026-08-25 03:35:59,671 - INFO - [ICICIBANK_NS] Inserted 361 rows (duplicates ignored)
2026-08-25 03:35:59,671 - INFO - Inserted 361 rows for ICICIBANK.NS
2026-08-25 03:35:59,857 - INFO - [INFY_NS] Inserted 361 rows (duplicates ignored)
2026-08-25 03:35:59,857 - INFO - Inserted 361 rows for INFY.NS
2026-08-25 03:36:00,073 - INFO - [TCS_NS] Inserted 360 rows (duplicates ignored)
2026-08-25 03:36:00,074 - INFO - Inserted 360 rows for TCS.NS
2026-08-25 03:36:00,263 - INFO - [ITC_NS] Inserted 361 rows (duplicates ignored)
2026-08-25 03:36:00,263 - INFO - Inserted 361 rows for ITC.NS
2026-08-25 03:36:00,477 - INFO - [HINDUNILVR_NS] Inserted 361 rows (duplicates ignored)
2026-08-25 03:36:00,477 - INFO - Inserted 361 rows for HINDUNILVR.NS
2026-08-25 03:36:00,676 - INFO - [SBIN_NS] Inserted 361 rows (duplicates ignored)
2026-08-25 03:36:00,676 - INFO - Inserted 361 rows for SBIN.NS
2026-08-25 03:36:00,899 - INFO - [BHARTIARTL_NS] Inserted 361 rows (duplicates ignored)
2026-08-25 03:36:00,899 - INFO - Inserted 361 rows for BHARTIARTL.NS
2026-08-25 03:36:01,087 - INFO - [KOTAKBANK_NS] Inserted 361 rows (duplicates ignored)
2026-08-25 03:36:01,087 - INFO - Inserted 361 rows for KOTAKBANK.NS
2026-08-25 03:36:01,265 - INFO - [LT_NS] Inserted 361 rows (duplicates ignored)
2026-08-25 03:36:01,265 - INFO - Inserted 361 rows for LT.NS
2026-08-25 03:36:01,509 - INFO - [AXISBANK_NS] Inserted 361 rows (duplicates ignored)
2026-08-25 03:36:01,510 - INFO - Inserted 361 rows for AXISBANK.NS
2026-08-25 03:36:01,698 - INFO - [BAJFINANCE_NS] Inserted 360 rows (duplicates ignored)
2026-08-25 03:36:01,698 - INFO - Inserted 360 rows for BAJFINANCE.NS
2026-08-25 03:36:01,888 - INFO - [ASIANPAINT_NS] Inserted 360 rows (duplicates ignored)
2026-08-25 03:36:01,888 - INFO - Inserted 360 rows for ASIANPAINT.NS
2026-08-25 03:36:02,074 - INFO - [MARUTI_NS] Inserted 361 rows (duplicates ignored)
2026-08-25 03:36:02,074 - INFO - Inserted 361 rows for MARUTI.NS
2026-08-25 03:36:02,255 - INFO - [SUNPHARMA_NS] Inserted 361 rows (duplicates ignored)
2026-08-25 03:36:02,255 - INFO - Inserted 361 rows for SUNPHARMA.NS
2026-08-25 03:36:02,441 - INFO - [WIPRO_NS] Inserted 361 rows (duplicates ignored)
2026-08-25 03:36:02,441 - INFO - Inserted 361 rows for WIPRO.NS
2026-08-25 03:36:02,628 - INFO - [POWERGRID_NS] Inserted 361 rows (duplicates ignored)
2026-08-25 03:36:02,628 - INFO - Inserted 361 rows for POWERGRID.NS
2026-08-25 03:36:02,810 - INFO - [NTPC_NS] Inserted 361 rows (duplicates ignored)
2026-08-25 03:36:02,810 - INFO - Inserted 361 rows for NTPC.NS
2026-08-25 03:36:03,000 - INFO - [ONGC_NS] Inserted 361 rows (duplicates ignored)
2026-08-25 03:36:03,000 - INFO - Inserted 361 rows for ONGC.NS
2026-08-25 03:36:03,015 - INFO - Cycle complete. README updated.
